date,channel,viewing_min,devices_used,location_count,trp_value,is_fake
2025-01-01,News24,436,20,864,2.673520754044409,0
2025-01-01,StarTV,422,4,528,2.729994991196743,0
2025-01-01,ZeeTV,412,1,917,3.7126967911292015,0
2025-01-01,SunTV,447,1,864,3.7123035143033767,0
2025-01-01,ABPNews,396,4,767,3.3994456295710953,0
2025-01-01,NDTV,422,17,463,3.233838737728465,0
2025-01-01,IndiaTV,439,11,733,3.0252353753087573,0
2025-01-01,CNNNews18,463,14,633,3.9896777880202823,0
2025-01-01,TimesNow,406,1,713,3.5246380983045977,0
2025-01-01,RepublicTV,450,7,858,3.698517631109941,0
2025-01-01,TV9,453,1,838,2.8961046871405784,0
2025-01-01,Asianet,430,18,766,2.552691073454475,0
2025-01-01,Colors,417,6,632,3.440892159313481,0
2025-01-01,SonyTV,405,1,732,2.8473927153666625,0
2025-01-01,StarPlus,412,1,743,2.9351126792879536,0
2025-01-01,ZeeCinema,412,1,713,2.4485549693321538,0
2025-01-01,StarMovies,472,1,679,3.1073320690431947,0
2025-01-01,HBO,455,3,614,2.9819264745008,0
2025-01-01,Discovery,408,7,594,3.6289681351646275,0
2025-01-01,NationalGeographic,408,5,522,3.438437984583469,0
2025-01-01,AnimalPlanet,435,7,659,3.375969854650519,0
2025-01-01,HistoryTV18,412,5,790,3.3185825253965566,0
2025-01-01,CartoonNetwork,458,3,550,3.598052325700328,0
2025-01-01,Pogo,438,6,652,2.4953729350916056,0
2025-01-01,Nickelodeon,398,1,422,3.4594651201331477,0
2025-01-01,SonyMax,424,1,760,3.210701657654704,0
2025-01-01,ZeeTelugu,439,1,885,2.535780998628139,0
2025-01-01,ETV,432,1,677,3.089861624726407,0
2025-01-01,GeminiTV,407,1,704,3.0522832931715356,0
2025-01-01,MaaTV,437,1,539,2.8560498794253877,0
2025-01-01,UdayaTV,445,4,712,3.44503427781217,0
2025-01-01,SuryaTV,457,1,737,3.9009208624746874,0
2025-01-01,KTV,421,12,536,3.710912663079512,0
2025-01-01,JayaTV,430,11,680,2.6815903789699886,0
2025-01-01,RajTV,423,17,695,2.834759110668318,0
2025-01-01,KalaignarTV,416,1,869,3.0494357414637894,0
2025-01-01,DDNews,440,12,570,3.899596013072412,0
2025-01-01,DDNational,430,1,719,3.1601442152282737,0
2025-01-01,DDSports,468,13,681,2.99399464215333,0
2025-01-01,TenSports,398,2,571,2.810606041967375,0
2025-01-01,StarSports,453,2,527,3.4972695274840833,0
2025-01-01,SonySports,434,6,816,3.695458179332017,0
2025-01-01,Eurosport,404,2,671,3.7748007849384466,0
2025-01-01,CNBC,453,3,607,2.8693188780789654,0
2025-01-01,BloombergTV,451,5,830,3.8665590983847578,0
2025-01-01,BBCWorld,417,10,722,3.8032723358638796,0
2025-01-01,AlJazeera,454,1,932,3.7863826337255646,0
2025-01-01,France24,465,1,839,3.0351319588562853,0
2025-01-01,VH1,421,3,845,3.6794065867820738,0
2025-01-01,MTV,442,13,838,2.7582370454502794,0
2025-01-02,News24,61,200,3631,9.665255591584904,1
2025-01-02,StarTV,34,179,3650,9.040899458377847,1
2025-01-02,ZeeTV,105,139,2934,8.09846849644454,0
2025-01-02,SunTV,82,126,2773,9.02852256229677,0
2025-01-02,ABPNews,48,125,2882,8.729455069170102,0
2025-01-02,NDTV,15,178,3449,9.51909920689557,1
2025-01-02,IndiaTV,66,140,2930,9.168511382712039,0
2025-01-02,CNNNews18,41,159,3565,9.882748400959324,1
2025-01-02,TimesNow,28,167,3440,8.51395647338883,1
2025-01-02,RepublicTV,59,200,3538,10.164397906310395,1
2025-01-02,TV9,46,166,3541,8.65802564063044,1
2025-01-02,Asianet,32,182,3839,9.869174289961984,1
2025-01-02,Colors,33,155,3563,9.240420814390006,1
2025-01-02,SonyTV,34,168,3596,10.01752827933094,1
2025-01-02,StarPlus,61,175,3840,9.443756656730269,1
2025-01-02,ZeeCinema,35,180,3869,9.532807526126826,1
2025-01-02,StarMovies,2,199,3541,9.576553427771735,1
2025-01-02,HBO,51,184,3667,9.943994818355101,1
2025-01-02,Discovery,84,121,2969,8.821172978269002,0
2025-01-02,NationalGeographic,30,163,3665,10.10453942413981,1
2025-01-02,AnimalPlanet,75,166,3621,9.171424951754904,1
2025-01-02,HistoryTV18,43,146,3725,9.875219552718834,1
2025-01-02,CartoonNetwork,32,177,3429,10.376369120512642,1
2025-01-02,Pogo,35,187,3516,8.87035039506243,1
2025-01-02,Nickelodeon,23,183,3439,9.738178145529844,1
2025-01-02,SonyMax,35,162,3641,9.51622183576837,1
2025-01-02,ZeeTelugu,92,121,2823,8.164116929332836,0
2025-01-02,ETV,34,167,3560,9.731134410736033,1
2025-01-02,GeminiTV,77,183,3942,9.453733725971475,1
2025-01-02,MaaTV,19,163,4072,9.245839959905553,1
2025-01-02,UdayaTV,62,126,2843,8.963991707729663,0
2025-01-02,SuryaTV,20,184,3710,9.378604483526289,1
2025-01-02,KTV,20,185,3516,8.685749474196477,1
2025-01-02,JayaTV,86,130,2853,8.44739151166967,0
2025-01-02,RajTV,65,182,3408,9.483170634887598,1
2025-01-02,KalaignarTV,21,184,3904,9.248374560561162,1
2025-01-02,DDNews,68,167,3683,9.0508828958526,1
2025-01-02,DDNational,76,168,3525,8.958793242424786,1
2025-01-02,DDSports,34,151,3654,8.765115401307614,1
2025-01-02,TenSports,4,192,3613,9.269635951662961,1
2025-01-02,StarSports,78,123,2826,8.803193450617968,0
2025-01-02,SonySports,29,158,3696,9.106687218581856,1
2025-01-02,Eurosport,44,169,3851,10.165491927870587,1
2025-01-02,CNBC,49,131,2896,8.000050245208323,0
2025-01-02,BloombergTV,61,119,2828,7.864048120403592,0
2025-01-02,BBCWorld,56,157,3625,8.979705894519713,1
2025-01-02,AlJazeera,77,116,2816,8.10755184721375,0
2025-01-02,France24,32,192,3643,9.695445836012528,1
2025-01-02,VH1,68,171,3659,10.362938401191991,1
2025-01-02,MTV,40,123,2764,8.613470043781971,0
2025-01-03,News24,426,1,936,3.189713124611614,0
2025-01-03,StarTV,392,13,645,3.1133559181619206,0
2025-01-03,ZeeTV,398,12,544,3.36415557522934,0
2025-01-03,SunTV,405,1,699,2.558637311665171,0
2025-01-03,ABPNews,382,2,599,2.6679646148354452,0
2025-01-03,NDTV,425,11,460,2.819410641186892,0
2025-01-03,IndiaTV,381,1,588,2.7486367431630794,0
2025-01-03,CNNNews18,416,12,635,3.3603011157573612,0
2025-01-03,TimesNow,411,18,875,3.1436060970642696,0
2025-01-03,RepublicTV,427,11,816,3.0597442193294264,0
2025-01-03,TV9,416,18,609,2.727308472499751,0
2025-01-03,Asianet,424,5,508,2.790529994127508,0
2025-01-03,Colors,406,1,800,3.0792019653064395,0
2025-01-03,SonyTV,388,3,779,2.603265206354107,0
2025-01-03,StarPlus,393,7,701,2.7061390684094175,0
2025-01-03,ZeeCinema,395,11,652,2.2203405151919355,0
2025-01-03,StarMovies,395,3,690,2.5839846542377716,0
2025-01-03,HBO,409,22,894,2.8624627834994056,0
2025-01-03,Discovery,429,1,658,2.974571564592694,0
2025-01-03,NationalGeographic,431,1,502,3.228859157711071,0
2025-01-03,AnimalPlanet,408,1,668,2.8954242347176944,0
2025-01-03,HistoryTV18,380,5,617,3.557181084546122,0
2025-01-03,CartoonNetwork,394,13,789,2.5784289251418286,0
2025-01-03,Pogo,441,4,627,3.2185483816736062,0
2025-01-03,Nickelodeon,385,4,665,2.57503757768089,0
2025-01-03,SonyMax,425,1,377,3.0411686224508956,0
2025-01-03,ZeeTelugu,402,1,777,2.96384463546385,0
2025-01-03,ETV,385,7,719,3.2187313364417847,0
2025-01-03,GeminiTV,381,9,753,2.944666327006405,0
2025-01-03,MaaTV,390,16,442,3.0235333150208343,0
2025-01-03,UdayaTV,381,13,778,2.9099388634695056,0
2025-01-03,SuryaTV,395,4,723,3.188484880062643,0
2025-01-03,KTV,372,1,849,3.3681742424605767,0
2025-01-03,JayaTV,432,22,767,3.2353372470125548,0
2025-01-03,RajTV,386,17,732,3.3809229175227915,0
2025-01-03,KalaignarTV,418,18,903,3.419902790435191,0
2025-01-03,DDNews,405,9,749,3.427974883868099,0
2025-01-03,DDNational,391,14,771,2.5923797656106364,0
2025-01-03,DDSports,412,1,739,3.1299772627102453,0
2025-01-03,TenSports,393,11,397,3.3616572536694753,0
2025-01-03,StarSports,376,10,715,2.887929303194304,0
2025-01-03,SonySports,406,1,562,2.976133359036523,0
2025-01-03,Eurosport,418,1,423,2.6238264733690606,0
2025-01-03,CNBC,429,20,597,2.4459505531307557,0
2025-01-03,BloombergTV,386,17,784,3.2943103923709947,0
2025-01-03,BBCWorld,377,18,767,3.4060426294735455,0
2025-01-03,AlJazeera,389,3,408,3.6503264260142716,0
2025-01-03,France24,425,13,556,2.085984007177673,0
2025-01-03,VH1,433,5,596,3.512579254573968,0
2025-01-03,MTV,385,24,574,2.063841785671191,0
2025-01-04,News24,8,173,3996,10.482540238232664,1
2025-01-04,StarTV,0,183,3936,10.183337123926261,1
2025-01-04,ZeeTV,47,172,3850,10.12780018068526,1
2025-01-04,SunTV,9,176,3995,9.705168607610023,1
2025-01-04,ABPNews,4,183,4239,9.87531872685429,1
2025-01-04,NDTV,17,163,3919,9.669505291874053,1
2025-01-04,IndiaTV,62,176,3800,9.447838725826685,1
2025-01-04,CNNNews18,65,193,3835,9.38084693017054,1
2025-01-04,TimesNow,47,177,3619,9.910167674417522,1
2025-01-04,RepublicTV,12,166,4035,10.243671440238984,1
2025-01-04,TV9,58,195,3596,9.093240465058328,1
2025-01-04,Asianet,48,169,3774,9.320045270096573,1
2025-01-04,Colors,46,172,3875,9.882082282035212,1
2025-01-04,SonyTV,31,204,3784,10.114876930047247,1
2025-01-04,StarPlus,17,198,3966,8.975329684188878,1
2025-01-04,ZeeCinema,6,167,3874,9.180860180768313,1
2025-01-04,StarMovies,5,157,3985,9.39860346280897,1
2025-01-04,HBO,55,170,3951,9.595556805612768,1
2025-01-04,Discovery,54,173,3766,9.880714074362134,1
2025-01-04,NationalGeographic,17,186,4002,10.14946432120147,1
2025-01-04,AnimalPlanet,-1,174,3880,10.317428061313688,1
2025-01-04,HistoryTV18,53,198,4150,8.984123556749834,1
2025-01-04,CartoonNetwork,39,193,3446,10.082100759606048,1
2025-01-04,Pogo,38,177,3681,9.449847801170677,1
2025-01-04,Nickelodeon,52,198,3759,10.039969064349654,1
2025-01-04,SonyMax,24,182,3564,10.601468586286074,1
2025-01-04,ZeeTelugu,55,201,3437,10.12155642371999,1
2025-01-04,ETV,45,171,4046,10.702513306679752,1
2025-01-04,GeminiTV,65,175,3806,9.836524003951933,1
2025-01-04,MaaTV,1,180,3917,9.28036033162208,1
2025-01-04,UdayaTV,50,183,3491,10.344429331668996,1
2025-01-04,SuryaTV,36,208,4014,9.41400192473182,1
2025-01-04,KTV,56,189,3938,9.452380214147547,1
2025-01-04,JayaTV,19,179,3717,9.399757378958453,1
2025-01-04,RajTV,33,183,3644,10.504551923208746,1
2025-01-04,KalaignarTV,33,181,3865,10.330690444547791,1
2025-01-04,DDNews,27,194,3860,10.087428755160824,1
2025-01-04,DDNational,50,186,4027,9.500381113702195,1
2025-01-04,DDSports,34,187,3517,10.526372251776133,1
2025-01-04,TenSports,23,181,3673,10.666923437187268,1
2025-01-04,StarSports,14,160,3742,9.592510314375705,1
2025-01-04,SonySports,40,189,3759,9.921136121909257,1
2025-01-04,Eurosport,52,169,3853,8.826895373388622,1
2025-01-04,CNBC,43,167,3851,10.11459166786539,1
2025-01-04,BloombergTV,0,197,3967,10.42012165807965,1
2025-01-04,BBCWorld,15,171,3595,9.380770856301922,1
2025-01-04,AlJazeera,69,163,3857,10.140839599952749,1
2025-01-04,France24,42,190,3708,9.268630221872867,1
2025-01-04,VH1,52,168,4002,9.212334399428247,1
2025-01-04,MTV,52,182,3632,10.127097449029076,1
2025-01-05,News24,450,6,870,2.8734258184922226,0
2025-01-05,StarTV,426,6,816,3.0624519748431283,0
2025-01-05,ZeeTV,461,12,749,2.8101365702936585,0
2025-01-05,SunTV,425,17,655,4.205717384219942,0
2025-01-05,ABPNews,451,1,755,2.8510836106292627,0
2025-01-05,NDTV,447,1,606,2.949221618777696,0
2025-01-05,IndiaTV,474,16,782,3.9319495186817695,0
2025-01-05,CNNNews18,419,1,656,3.1499837722654607,0
2025-01-05,TimesNow,454,8,851,4.184592445487822,0
2025-01-05,RepublicTV,468,3,798,3.279739257222116,0
2025-01-05,TV9,474,2,623,3.3578964763406542,0
2025-01-05,Asianet,463,21,723,3.2902532375269256,0
2025-01-05,Colors,422,10,629,3.112777428851972,0
2025-01-05,SonyTV,433,1,742,3.1178149868241105,0
2025-01-05,StarPlus,470,1,755,4.06095794144433,0
2025-01-05,ZeeCinema,443,15,769,4.29171824021919,0
2025-01-05,StarMovies,472,10,528,3.2774466802474116,0
2025-01-05,HBO,456,1,653,3.7885367546397255,0
2025-01-05,Discovery,447,1,803,2.8123634010231875,0
2025-01-05,NationalGeographic,416,6,606,3.8668625883284937,0
2025-01-05,AnimalPlanet,468,1,921,3.0895481663458675,0
2025-01-05,HistoryTV18,464,9,634,3.362147834855352,0
2025-01-05,CartoonNetwork,414,20,914,3.912550875829422,0
2025-01-05,Pogo,431,12,837,3.735864375315725,0
2025-01-05,Nickelodeon,462,7,637,3.095577878597091,0
2025-01-05,SonyMax,446,1,593,3.4388632537951924,0
2025-01-05,ZeeTelugu,435,10,933,2.853100065741491,0
2025-01-05,ETV,446,4,572,3.885871526295937,0
2025-01-05,GeminiTV,434,9,865,4.251332306388462,0
2025-01-05,MaaTV,467,3,752,3.588717211249048,0
2025-01-05,UdayaTV,433,1,575,3.6306252441702167,0
2025-01-05,SuryaTV,463,11,795,2.935914290409338,0
2025-01-05,KTV,444,10,664,4.14476931553182,0
2025-01-05,JayaTV,471,5,997,3.5405924614934103,0
2025-01-05,RajTV,470,1,631,4.19114665189237,0
2025-01-05,KalaignarTV,433,10,857,3.6213534807429575,0
2025-01-05,DDNews,448,3,735,3.122508452408619,0
2025-01-05,DDNational,437,1,886,3.681756446475225,0
2025-01-05,DDSports,478,7,739,3.0578280758616105,0
2025-01-05,TenSports,436,9,763,3.340939110153411,0
2025-01-05,StarSports,451,6,706,3.4848226086131984,0
2025-01-05,SonySports,449,22,606,3.2643645248731366,0
2025-01-05,Eurosport,449,22,717,3.461110660437322,0
2025-01-05,CNBC,444,5,811,3.8042599024931114,0
2025-01-05,BloombergTV,445,18,998,4.0920884550166985,0
2025-01-05,BBCWorld,444,17,898,4.1180803462566615,0
2025-01-05,AlJazeera,440,1,617,3.806441892790766,0
2025-01-05,France24,423,9,629,3.7917112641572057,0
2025-01-05,VH1,414,1,701,4.105616856842236,0
2025-01-05,MTV,417,2,874,3.7465849323836036,0
2025-01-06,News24,20,184,3920,10.397926070755314,1
2025-01-06,StarTV,52,196,3909,9.585741764666102,1
2025-01-06,ZeeTV,56,208,3787,9.712186916325326,1
2025-01-06,SunTV,29,206,4011,9.338671786431064,1
2025-01-06,ABPNews,20,177,4173,10.544439964718446,1
2025-01-06,NDTV,24,201,4037,9.699409528701283,1
2025-01-06,IndiaTV,24,202,3944,10.133426781818217,1
2025-01-06,CNNNews18,21,184,3880,9.301680650593774,1
2025-01-06,TimesNow,29,185,3942,10.288806407823511,1
2025-01-06,RepublicTV,27,177,3949,10.060110421204639,1
2025-01-06,TV9,21,182,3917,10.2727665964869,1
2025-01-06,Asianet,39,201,3726,10.187768046192193,1
2025-01-06,Colors,50,203,3802,9.230687369787159,1
2025-01-06,SonyTV,68,195,3919,10.228513432065956,1
2025-01-06,StarPlus,65,201,4027,9.672265902095738,1
2025-01-06,ZeeCinema,4,208,4275,9.538570094107039,1
2025-01-06,StarMovies,22,204,3701,9.562271794416212,1
2025-01-06,HBO,52,200,4069,9.898947061530093,1
2025-01-06,Discovery,14,190,3968,9.686757435985108,1
2025-01-06,NationalGeographic,13,190,3931,9.949448052473286,1
2025-01-06,AnimalPlanet,18,203,3995,9.32587535149278,1
2025-01-06,HistoryTV18,46,165,3882,9.94706935392595,1
2025-01-06,CartoonNetwork,53,200,4378,10.226919655326267,1
2025-01-06,Pogo,36,209,3784,10.0270034223236,1
2025-01-06,Nickelodeon,42,173,3896,9.514273010287535,1
2025-01-06,SonyMax,31,172,3961,9.595132709773756,1
2025-01-06,ZeeTelugu,51,166,4177,9.735532170415999,1
2025-01-06,ETV,51,178,3857,10.89241077340187,1
2025-01-06,GeminiTV,48,185,4030,9.416820785307653,1
2025-01-06,MaaTV,16,175,3807,9.26221924976562,1
2025-01-06,UdayaTV,70,210,4075,10.471211728529049,1
2025-01-06,SuryaTV,8,194,3798,10.44943225053611,1
2025-01-06,KTV,47,175,3697,10.085973541672146,1
2025-01-06,JayaTV,16,191,3976,9.23451411395714,1
2025-01-06,RajTV,35,179,4109,9.340917930687393,1
2025-01-06,KalaignarTV,52,201,3750,10.23771965898823,1
2025-01-06,DDNews,64,186,3816,10.308589980599287,1
2025-01-06,DDNational,20,198,4013,10.38231551487226,1
2025-01-06,DDSports,70,213,4166,10.412207756032979,1
2025-01-06,TenSports,38,202,4036,10.513722393595007,1
2025-01-06,StarSports,47,177,3860,10.530452331239207,1
2025-01-06,SonySports,14,195,3955,9.762428915056267,1
2025-01-06,Eurosport,25,214,3736,9.671839594197285,1
2025-01-06,CNBC,20,199,4058,10.808449071474046,1
2025-01-06,BloombergTV,37,215,3765,9.121280331686291,1
2025-01-06,BBCWorld,38,176,3662,9.659574709639463,1
2025-01-06,AlJazeera,7,192,3780,9.956119816157035,1
2025-01-06,France24,22,206,3755,9.501658251454513,1
2025-01-06,VH1,8,184,3948,9.698906284300694,1
2025-01-06,MTV,49,202,3901,10.16559435957432,1
2025-01-07,News24,426,1,694,3.4364407457436825,0
2025-01-07,StarTV,411,1,780,3.8086354203748445,0
2025-01-07,ZeeTV,422,17,754,2.935952265584839,0
2025-01-07,SunTV,404,12,638,3.162155006615194,0
2025-01-07,ABPNews,415,14,861,3.324992150338106,0
2025-01-07,NDTV,425,1,677,2.9126087693473837,0
2025-01-07,IndiaTV,388,22,708,2.6711526555752987,0
2025-01-07,CNNNews18,439,11,562,2.4693773988058836,0
2025-01-07,TimesNow,403,1,654,3.6589944511923598,0
2025-01-07,RepublicTV,424,7,768,2.7820560465679693,0
2025-01-07,TV9,430,17,606,3.169531369100918,0
2025-01-07,Asianet,393,14,764,2.947366376036436,0
2025-01-07,Colors,419,13,896,2.8587276291071357,0
2025-01-07,SonyTV,444,15,722,3.814136541354427,0
2025-01-07,StarPlus,393,1,746,3.5166735971451026,0
2025-01-07,ZeeCinema,426,1,498,3.145980512776093,0
2025-01-07,StarMovies,436,4,573,3.126650731043707,0
2025-01-07,HBO,411,1,593,2.8777752154521234,0
2025-01-07,Discovery,443,16,515,3.2353459277370895,0
2025-01-07,NationalGeographic,417,1,729,3.6685504581308734,0
2025-01-07,AnimalPlanet,448,8,675,4.004287423533568,0
2025-01-07,HistoryTV18,429,16,552,3.925327047527711,0
2025-01-07,CartoonNetwork,437,1,592,2.7952369616179245,0
2025-01-07,Pogo,439,1,585,2.894662011087096,0
2025-01-07,Nickelodeon,427,16,737,2.602410432050865,0
2025-01-07,SonyMax,438,8,786,2.9649569581375355,0
2025-01-07,ZeeTelugu,431,6,514,3.316207116834674,0
2025-01-07,ETV,410,12,631,3.250470363164143,0
2025-01-07,GeminiTV,410,17,621,2.9209313822779532,0
2025-01-07,MaaTV,443,10,646,2.8975821284960284,0
2025-01-07,UdayaTV,412,13,877,3.365602090828702,0
2025-01-07,SuryaTV,437,9,667,3.6591420120284925,0
2025-01-07,KTV,433,8,415,3.7255709582905725,0
2025-01-07,JayaTV,419,3,698,3.721126918642128,0
2025-01-07,RajTV,429,7,645,3.4475979266376173,0
2025-01-07,KalaignarTV,415,3,683,2.779392058000254,0
2025-01-07,DDNews,425,5,492,2.4885063725961882,0
2025-01-07,DDNational,453,8,734,2.5267385184197915,0
2025-01-07,DDSports,415,1,588,2.8697711992742576,0
2025-01-07,TenSports,411,7,749,3.547071724095037,0
2025-01-07,StarSports,397,11,851,3.749165433692641,0
2025-01-07,SonySports,418,12,588,2.5592694354891568,0
2025-01-07,Eurosport,439,1,476,3.501195413969019,0
2025-01-07,CNBC,395,17,708,3.736276593239091,0
2025-01-07,BloombergTV,404,1,726,2.856434237934347,0
2025-01-07,BBCWorld,404,1,473,2.5430017968861525,0
2025-01-07,AlJazeera,437,8,541,2.6585785507562525,0
2025-01-07,France24,427,1,675,4.018316782964198,0
2025-01-07,VH1,397,15,446,2.959721388049204,0
2025-01-07,MTV,407,2,860,3.38193632598686,0
2025-01-08,News24,4,195,3861,9.487217186064427,1
2025-01-08,StarTV,3,202,4055,10.729624253327465,1
2025-01-08,ZeeTV,19,201,3921,9.662889008272222,1
2025-01-08,SunTV,-10,173,4414,9.564717365053722,1
2025-01-08,ABPNews,17,176,3931,9.466109916087458,1
2025-01-08,NDTV,33,208,4357,10.477100278754545,1
2025-01-08,IndiaTV,19,204,3876,9.842888898405175,1
2025-01-08,CNNNews18,27,196,3975,10.135895027897568,1
2025-01-08,TimesNow,44,205,4290,10.274240058215344,1
2025-01-08,RepublicTV,39,182,3958,9.863839807421002,1
2025-01-08,TV9,12,203,4027,10.221634489040891,1
2025-01-08,Asianet,26,202,4151,9.549922844768803,1
2025-01-08,Colors,23,209,4512,10.26455564307075,1
2025-01-08,SonyTV,21,218,4063,10.041249164887295,1
2025-01-08,StarPlus,14,183,3968,10.17540230678975,1
2025-01-08,ZeeCinema,51,196,4147,10.709040031590488,1
2025-01-08,StarMovies,17,200,4156,9.363586726742989,1
2025-01-08,HBO,50,185,4358,9.220256113793873,1
2025-01-08,Discovery,13,227,4321,10.047726882419743,1
2025-01-08,NationalGeographic,54,175,3828,10.451669393673244,1
2025-01-08,AnimalPlanet,14,177,4206,9.85722877263308,1
2025-01-08,HistoryTV18,32,197,4242,10.468380410532449,1
2025-01-08,CartoonNetwork,53,195,4166,9.613854052192494,1
2025-01-08,Pogo,49,222,4500,10.180712508776182,1
2025-01-08,Nickelodeon,51,207,3999,10.794408983553167,1
2025-01-08,SonyMax,18,201,4356,10.915297212373178,1
2025-01-08,ZeeTelugu,56,203,4242,10.655360951712122,1
2025-01-08,ETV,-4,211,3846,9.962099498315249,1
2025-01-08,GeminiTV,44,203,4280,9.874504399316661,1
2025-01-08,MaaTV,22,203,4136,9.93604912229669,1
2025-01-08,UdayaTV,16,193,3989,9.992558048452732,1
2025-01-08,SuryaTV,51,211,4073,9.942444145906498,1
2025-01-08,KTV,59,189,4496,10.354924484354012,1
2025-01-08,JayaTV,24,176,4387,10.527811062883432,1
2025-01-08,RajTV,-6,215,4355,10.40770333448121,1
2025-01-08,KalaignarTV,51,200,4456,10.919670358835349,1
2025-01-08,DDNews,24,190,4051,10.257468495894065,1
2025-01-08,DDNational,18,188,4272,10.413010219902175,1
2025-01-08,DDSports,37,198,4183,10.536830994281035,1
2025-01-08,TenSports,22,197,4058,9.627350955819207,1
2025-01-08,StarSports,52,217,4068,10.353684045487272,1
2025-01-08,SonySports,17,215,4212,9.597110325266133,1
2025-01-08,Eurosport,24,217,3823,10.604430839534913,1
2025-01-08,CNBC,23,171,4098,9.750022169747009,1
2025-01-08,BloombergTV,35,196,4426,9.420418042918062,1
2025-01-08,BBCWorld,34,184,4390,10.126259261163096,1
2025-01-08,AlJazeera,28,200,3902,9.716490651484119,1
2025-01-08,France24,34,202,4337,10.24453508981519,1
2025-01-08,VH1,2,182,4279,10.731008775837788,1
2025-01-08,MTV,17,211,4065,9.635815657593884,1
2025-01-09,News24,434,8,548,3.3922485242340934,0
2025-01-09,StarTV,467,1,593,3.430522075027258,0
2025-01-09,ZeeTV,429,2,885,2.9744504815956714,0
2025-01-09,SunTV,454,1,742,3.6684817014619466,0
2025-01-09,ABPNews,478,18,700,3.902745554414647,0
2025-01-09,NDTV,472,7,1004,3.2178150077163092,0
2025-01-09,IndiaTV,447,14,900,3.242648919551986,0
2025-01-09,CNNNews18,459,19,803,3.215780536231601,0
2025-01-09,TimesNow,454,1,707,2.871690106143672,0
2025-01-09,RepublicTV,470,13,715,3.7220865762713853,0
2025-01-09,TV9,482,5,726,3.9428013754093914,0
2025-01-09,Asianet,466,13,860,4.255922690261787,0
2025-01-09,Colors,471,6,728,3.3579380399279493,0
2025-01-09,SonyTV,439,7,813,3.786506025872238,0
2025-01-09,StarPlus,475,4,816,2.9641575289740896,0
2025-01-09,ZeeCinema,461,3,602,4.242198530974647,0
2025-01-09,StarMovies,466,3,894,4.454244477777585,0
2025-01-09,HBO,436,20,785,4.228747565389643,0
2025-01-09,Discovery,470,17,680,2.997966259301149,0
2025-01-09,NationalGeographic,467,1,856,3.6386900737744847,0
2025-01-09,AnimalPlanet,438,4,586,4.071932405950205,0
2025-01-09,HistoryTV18,444,1,838,3.176351476144347,0
2025-01-09,CartoonNetwork,454,6,682,4.079764868911314,0
2025-01-09,Pogo,475,1,771,4.0355067062643,0
2025-01-09,Nickelodeon,463,6,642,3.8483535663644846,0
2025-01-09,SonyMax,463,20,1016,4.012592523672183,0
2025-01-09,ZeeTelugu,470,1,649,2.981898266366334,0
2025-01-09,ETV,431,1,586,3.3071415246415463,0
2025-01-09,GeminiTV,446,16,885,3.829951877369272,0
2025-01-09,MaaTV,475,10,916,3.2493516355389143,0
2025-01-09,UdayaTV,427,1,755,4.03823803068906,0
2025-01-09,SuryaTV,477,2,605,3.538992415651226,0
2025-01-09,KTV,472,1,625,3.917276030833402,0
2025-01-09,JayaTV,436,6,902,3.8602471405002716,0
2025-01-09,RajTV,454,14,619,4.189689896288979,0
2025-01-09,KalaignarTV,462,21,865,4.504954110899867,0
2025-01-09,DDNews,436,14,833,3.8225117790442074,0
2025-01-09,DDNational,443,1,754,3.68428594980006,0
2025-01-09,DDSports,439,12,858,2.9997025776896997,0
2025-01-09,TenSports,422,1,904,3.260936799482927,0
2025-01-09,StarSports,458,13,628,3.643006296434188,0
2025-01-09,SonySports,472,5,705,3.761719749068453,0
2025-01-09,Eurosport,433,1,707,3.180859653635434,0
2025-01-09,CNBC,422,1,579,3.8688652086877116,0
2025-01-09,BloombergTV,434,18,750,4.461537315576935,0
2025-01-09,BBCWorld,435,8,926,3.9136215060392963,0
2025-01-09,AlJazeera,470,1,543,4.323897218740779,0
2025-01-09,France24,452,11,506,3.203003490655713,0
2025-01-09,VH1,443,11,563,4.263812181680318,0
2025-01-09,MTV,444,1,605,3.2962827642878683,0
2025-01-10,News24,32,174,4183,10.040692852003556,1
2025-01-10,StarTV,37,184,4137,9.612423143244797,1
2025-01-10,ZeeTV,28,192,3982,9.773279564826392,1
2025-01-10,SunTV,20,217,3948,10.34191519831639,1
2025-01-10,ABPNews,18,198,4169,9.487508939543751,1
2025-01-10,NDTV,65,170,3966,9.182528181258514,1
2025-01-10,IndiaTV,16,200,3968,9.499280180081373,1
2025-01-10,CNNNews18,55,186,4311,8.9826215662979,1
2025-01-10,TimesNow,5,191,4071,10.442510239489385,1
2025-01-10,RepublicTV,46,178,3886,9.775009687848847,1
2025-01-10,TV9,6,188,3799,9.584209434541824,1
2025-01-10,Asianet,44,203,4062,9.83249023286596,1
2025-01-10,Colors,11,177,3694,9.89298012783189,1
2025-01-10,SonyTV,40,177,3864,9.87265700465628,1
2025-01-10,StarPlus,57,182,4330,10.282305135826538,1
2025-01-10,ZeeCinema,45,194,3789,10.242753820597134,1
2025-01-10,StarMovies,31,186,4311,9.680308292503376,1
2025-01-10,HBO,26,188,4212,9.798913227069505,1
2025-01-10,Discovery,56,215,3961,9.612008860076903,1
2025-01-10,NationalGeographic,47,198,3770,9.316448955268573,1
2025-01-10,AnimalPlanet,14,209,4091,10.78434263558533,1
2025-01-10,HistoryTV18,24,185,3936,8.833251138159492,1
2025-01-10,CartoonNetwork,30,194,4050,10.591568058955932,1
2025-01-10,Pogo,11,189,3878,10.225127626691425,1
2025-01-10,Nickelodeon,24,207,3783,9.677012200724109,1
2025-01-10,SonyMax,17,174,4065,9.39186170204491,1
2025-01-10,ZeeTelugu,53,198,4338,10.038014425073838,1
2025-01-10,ETV,4,223,4201,9.486022798836157,1
2025-01-10,GeminiTV,14,208,4175,10.359630868017618,1
2025-01-10,MaaTV,56,191,3612,10.641575542535476,1
2025-01-10,UdayaTV,48,221,4218,10.110080097575173,1
2025-01-10,SuryaTV,22,178,4172,9.64957834325093,1
2025-01-10,KTV,54,188,3816,9.550125985838948,1
2025-01-10,JayaTV,7,193,4248,10.778868656069745,1
2025-01-10,RajTV,18,190,4245,9.784268806234767,1
2025-01-10,KalaignarTV,34,200,4339,10.335473795091389,1
2025-01-10,DDNews,45,214,4046,10.801884066979214,1
2025-01-10,DDNational,32,206,3988,9.200395693889256,1
2025-01-10,DDSports,32,202,3672,9.750146569291761,1
2025-01-10,TenSports,62,182,4218,9.563327961950954,1
2025-01-10,StarSports,17,193,4062,9.567476278129293,1
2025-01-10,SonySports,1,200,4256,10.077003280548288,1
2025-01-10,Eurosport,16,184,4037,9.94087762091287,1
2025-01-10,CNBC,35,166,4111,10.775697504408424,1
2025-01-10,BloombergTV,40,190,3724,9.162182118452447,1
2025-01-10,BBCWorld,4,182,4026,9.099570290970036,1
2025-01-10,AlJazeera,61,201,3908,9.970153366877168,1
2025-01-10,France24,20,200,4409,9.513845497019751,1
2025-01-10,VH1,63,176,4187,10.58844187099184,1
2025-01-10,MTV,45,218,3967,10.111969767865217,1
2025-01-11,News24,425,1,704,3.326300841758484,0
2025-01-11,StarTV,408,1,650,3.8064265960940853,0
2025-01-11,ZeeTV,405,4,666,3.4533577041656347,0
2025-01-11,SunTV,452,1,904,2.906053045891283,0
2025-01-11,ABPNews,414,21,800,2.7071890944425583,0
2025-01-11,NDTV,434,1,756,3.417914486672703,0
2025-01-11,IndiaTV,442,1,501,3.1308633669266173,0
2025-01-11,CNNNews18,404,14,815,3.1915601925219903,0
2025-01-11,TimesNow,415,6,455,3.6760380657203005,0
2025-01-11,RepublicTV,434,1,623,3.8999003916747434,0
2025-01-11,TV9,444,1,693,3.4656745797529385,0
2025-01-11,Asianet,420,9,774,2.794381742027191,0
2025-01-11,Colors,428,10,741,3.4308086010318846,0
2025-01-11,SonyTV,407,6,503,4.021338100615025,0
2025-01-11,StarPlus,423,6,498,3.8646203998320403,0
2025-01-11,ZeeCinema,418,1,515,2.85048870076887,0
2025-01-11,StarMovies,421,13,944,2.660513543997147,0
2025-01-11,HBO,422,4,677,3.3030259716532404,0
2025-01-11,Discovery,444,19,759,3.045842501351782,0
2025-01-11,NationalGeographic,416,4,617,3.239020938659809,0
2025-01-11,AnimalPlanet,401,3,813,3.6095719365333636,0
2025-01-11,HistoryTV18,399,6,598,2.7941148213359273,0
2025-01-11,CartoonNetwork,404,1,828,2.9631434840365283,0
2025-01-11,Pogo,386,10,627,2.785596011998936,0
2025-01-11,Nickelodeon,400,5,684,3.7503613660275126,0
2025-01-11,SonyMax,445,7,743,2.7492286370417243,0
2025-01-11,ZeeTelugu,426,1,948,3.1075934037121047,0
2025-01-11,ETV,432,14,744,3.489246306829778,0
2025-01-11,GeminiTV,408,1,857,2.9063585272166144,0
2025-01-11,MaaTV,443,1,718,3.2724535720167296,0
2025-01-11,UdayaTV,444,20,836,3.000529705058827,0
2025-01-11,SuryaTV,418,13,835,3.287481939672401,0
2025-01-11,KTV,451,1,622,3.8201914650401254,0
2025-01-11,JayaTV,423,13,718,3.7481142582440783,0
2025-01-11,RajTV,406,18,568,4.056651940643224,0
2025-01-11,KalaignarTV,435,14,541,3.013288176501166,0
2025-01-11,DDNews,407,4,932,4.20600906082823,0
2025-01-11,DDNational,416,21,847,2.5947153609211817,0
2025-01-11,DDSports,450,20,555,3.1678433584285277,0
2025-01-11,TenSports,423,1,781,3.3522202076573357,0
2025-01-11,StarSports,435,1,705,2.634728873048269,0
2025-01-11,SonySports,417,4,655,3.384855384874528,0
2025-01-11,Eurosport,422,16,727,3.0840746098870873,0
2025-01-11,CNBC,397,6,893,3.7269661583198124,0
2025-01-11,BloombergTV,395,12,807,3.8525738789570294,0
2025-01-11,BBCWorld,433,2,795,3.990685988139877,0
2025-01-11,AlJazeera,423,1,702,3.5173422871405133,0
2025-01-11,France24,425,1,524,3.58743646535875,0
2025-01-11,VH1,409,14,491,3.5554578760343993,0
2025-01-11,MTV,452,25,636,3.7329395084258317,0
2025-01-12,News24,56,198,4403,10.007644758798905,1
2025-01-12,StarTV,-4,204,4225,9.942312846089688,1
2025-01-12,ZeeTV,34,179,4122,10.07438090531811,1
2025-01-12,SunTV,62,201,4428,9.395621279356755,1
2025-01-12,ABPNews,51,201,4403,10.423523941391124,1
2025-01-12,NDTV,28,213,4138,9.926488215154533,1
2025-01-12,IndiaTV,21,202,4273,9.671678969490475,1
2025-01-12,CNNNews18,-4,186,4203,10.367075723119921,1
2025-01-12,TimesNow,50,200,4251,10.419908307423151,1
2025-01-12,RepublicTV,10,222,4104,10.48072558754485,1
2025-01-12,TV9,57,215,4270,10.343793441907877,1
2025-01-12,Asianet,23,230,4106,9.710480740254608,1
2025-01-12,Colors,59,210,4241,10.286783689337952,1
2025-01-12,SonyTV,9,221,4333,10.1857643175625,1
2025-01-12,StarPlus,14,214,3925,9.56005333145103,1
2025-01-12,ZeeCinema,56,222,4016,9.684788726700493,1
2025-01-12,StarMovies,36,214,4349,9.696455466969356,1
2025-01-12,HBO,-3,220,4122,9.2904017354597,1
2025-01-12,Discovery,20,204,4084,10.321083928604446,1
2025-01-12,NationalGeographic,47,210,3921,9.91730981705258,1
2025-01-12,AnimalPlanet,3,180,4048,10.118508950675192,1
2025-01-12,HistoryTV18,1,212,4082,9.946875345345367,1
2025-01-12,CartoonNetwork,40,196,4131,10.367217042411642,1
2025-01-12,Pogo,1,218,4381,10.008269005530678,1
2025-01-12,Nickelodeon,69,226,4332,10.225922202634003,1
2025-01-12,SonyMax,19,189,3993,9.511958561656849,1
2025-01-12,ZeeTelugu,-4,209,4494,10.29443483463408,1
2025-01-12,ETV,23,203,4041,9.830871066199453,1
2025-01-12,GeminiTV,22,200,4113,9.675255892346811,1
2025-01-12,MaaTV,53,204,3976,10.39989633164276,1
2025-01-12,UdayaTV,46,185,4283,10.104668626165536,1
2025-01-12,SuryaTV,13,195,3985,10.286911839414483,1
2025-01-12,KTV,14,191,4211,10.117574376486706,1
2025-01-12,JayaTV,53,204,4185,9.995954657930232,1
2025-01-12,RajTV,24,211,3990,10.106716395706894,1
2025-01-12,KalaignarTV,13,202,4355,10.75510928915767,1
2025-01-12,DDNews,10,204,3990,9.876610969220774,1
2025-01-12,DDNational,30,202,4103,10.345095555974758,1
2025-01-12,DDSports,34,205,3838,10.41509045338457,1
2025-01-12,TenSports,33,228,4117,10.312763962244368,1
2025-01-12,StarSports,12,213,4278,10.251393418924902,1
2025-01-12,SonySports,-10,197,3887,10.239839956104472,1
2025-01-12,Eurosport,23,216,4083,10.281975897259846,1
2025-01-12,CNBC,22,215,4581,10.814069095500315,1
2025-01-12,BloombergTV,30,226,4354,10.304410193457233,1
2025-01-12,BBCWorld,8,214,4179,9.686130509233022,1
2025-01-12,AlJazeera,63,218,4355,9.504646418152646,1
2025-01-12,France24,24,226,4207,9.65055469030546,1
2025-01-12,VH1,44,209,3902,10.154366975070003,1
2025-01-12,MTV,-6,209,4183,10.42047352666928,1
2025-01-13,News24,468,2,737,3.971716624542821,0
2025-01-13,StarTV,493,6,788,4.4323165335060715,0
2025-01-13,ZeeTV,436,10,594,3.553344681738885,0
2025-01-13,SunTV,474,2,607,3.476104297225617,0
2025-01-13,ABPNews,486,10,811,4.023277465249716,0
2025-01-13,NDTV,502,19,914,3.0340564690314156,0
2025-01-13,IndiaTV,436,1,906,4.347974932417929,0
2025-01-13,CNNNews18,478,1,740,3.116316707981447,0
2025-01-13,TimesNow,445,1,1048,4.087864269669998,0
2025-01-13,RepublicTV,430,3,959,3.275028541568033,0
2025-01-13,TV9,436,10,982,3.8989736909126984,0
2025-01-13,Asianet,432,11,948,2.972162283118822,0
2025-01-13,Colors,437,1,747,4.313936822472982,0
2025-01-13,SonyTV,474,2,695,3.3051692629253298,0
2025-01-13,StarPlus,463,10,709,3.37627747591137,0
2025-01-13,ZeeCinema,465,3,1033,4.24154172734931,0
2025-01-13,StarMovies,454,3,1034,3.8084917715944617,0
2025-01-13,HBO,470,5,765,3.5493345936861416,0
2025-01-13,Discovery,431,14,881,3.172531292425332,0
2025-01-13,NationalGeographic,459,1,658,3.160369338672826,0
2025-01-13,AnimalPlanet,485,12,911,4.109293662619904,0
2025-01-13,HistoryTV18,465,16,965,3.3186720336148134,0
2025-01-13,CartoonNetwork,479,8,971,4.330180816971255,0
2025-01-13,Pogo,476,14,879,3.8032902196900453,0
2025-01-13,Nickelodeon,465,3,854,3.30472352882514,0
2025-01-13,SonyMax,443,1,826,3.4716770449595558,0
2025-01-13,ZeeTelugu,480,1,636,4.457739933153135,0
2025-01-13,ETV,473,7,865,3.2477100010639823,0
2025-01-13,GeminiTV,485,7,779,4.08411083539681,0
2025-01-13,MaaTV,474,1,890,2.8985718769538495,0
2025-01-13,UdayaTV,447,18,778,4.139806822724504,0
2025-01-13,SuryaTV,452,1,977,3.5694758686085213,0
2025-01-13,KTV,478,3,706,3.4396101006038777,0
2025-01-13,JayaTV,457,3,897,3.08325652439314,0
2025-01-13,RajTV,443,1,774,3.4782457476642783,0
2025-01-13,KalaignarTV,459,10,947,4.109226463028192,0
2025-01-13,DDNews,468,22,664,4.350538276994474,0
2025-01-13,DDNational,449,13,1049,3.4771258212484977,0
2025-01-13,DDSports,469,3,888,3.258353217879169,0
2025-01-13,TenSports,490,21,711,4.3130954525971745,0
2025-01-13,StarSports,466,1,820,4.028186125241067,0
2025-01-13,SonySports,496,1,763,4.456967942532224,0
2025-01-13,Eurosport,488,1,730,3.1998358493352503,0
2025-01-13,CNBC,457,1,829,3.688662589519195,0
2025-01-13,BloombergTV,484,15,765,4.043326070397337,0
2025-01-13,BBCWorld,461,3,813,3.0563843541598237,0
2025-01-13,AlJazeera,452,6,807,4.266968375281737,0
2025-01-13,France24,464,1,566,3.8307997194045353,0
2025-01-13,VH1,468,1,588,3.5109226422196977,0
2025-01-13,MTV,468,4,647,3.345874183900262,0
2025-01-14,News24,42,192,4244,9.813018701853832,1
2025-01-14,StarTV,64,191,4139,10.032730357846535,1
2025-01-14,ZeeTV,-6,184,3950,9.742549359376467,1
2025-01-14,SunTV,20,205,4355,10.123509567446053,1
2025-01-14,ABPNews,10,191,4485,9.966772969586989,1
2025-01-14,NDTV,29,208,4318,9.294954338689617,1
2025-01-14,IndiaTV,32,208,4088,9.766639728772395,1
2025-01-14,CNNNews18,53,211,4512,9.767912708428826,1
2025-01-14,TimesNow,45,191,4048,9.486204617788257,1
2025-01-14,RepublicTV,59,220,4141,10.017726831146032,1
2025-01-14,TV9,52,206,3950,9.402031610647507,1
2025-01-14,Asianet,51,202,4579,8.96224002106267,1
2025-01-14,Colors,16,202,4345,9.999207305377505,1
2025-01-14,SonyTV,31,218,4245,9.806330189022162,1
2025-01-14,StarPlus,32,216,4250,10.108504875129373,1
2025-01-14,ZeeCinema,5,214,3994,9.464475889964525,1
2025-01-14,StarMovies,50,201,4150,9.471120156973102,1
2025-01-14,HBO,52,213,4033,9.811155248141098,1
2025-01-14,Discovery,58,198,4491,9.805941778475606,1
2025-01-14,NationalGeographic,35,215,4422,10.294349612432445,1
2025-01-14,AnimalPlanet,23,188,4337,10.35153555097887,1
2025-01-14,HistoryTV18,2,190,4136,9.47055770875284,1
2025-01-14,CartoonNetwork,41,212,4348,9.414046565874868,1
2025-01-14,Pogo,56,200,4566,9.421124921068296,1
2025-01-14,Nickelodeon,32,178,4412,10.159911604634324,1
2025-01-14,SonyMax,0,210,4172,9.99157935593376,1
2025-01-14,ZeeTelugu,5,210,3842,10.264804875277509,1
2025-01-14,ETV,31,203,4200,9.773382894994961,1
2025-01-14,GeminiTV,4,196,4250,10.135615534178976,1
2025-01-14,MaaTV,-8,208,4299,9.66806770251596,1
2025-01-14,UdayaTV,50,183,4142,9.081245456195393,1
2025-01-14,SuryaTV,36,201,4334,9.833295357394945,1
2025-01-14,KTV,29,174,3960,9.341252364030277,1
2025-01-14,JayaTV,63,200,3905,9.737956384914598,1
2025-01-14,RajTV,35,188,4075,10.198586997969148,1
2025-01-14,KalaignarTV,45,216,4159,9.650167411773719,1
2025-01-14,DDNews,59,205,4464,9.737736711064676,1
2025-01-14,DDNational,42,182,4224,9.405933422987788,1
2025-01-14,DDSports,7,208,4205,9.107258300147706,1
2025-01-14,TenSports,5,215,4251,10.104041556022377,1
2025-01-14,StarSports,42,199,4368,9.906926098060099,1
2025-01-14,SonySports,48,215,4216,8.903633869750754,1
2025-01-14,Eurosport,54,211,4195,9.35112458755859,1
2025-01-14,CNBC,68,195,3904,9.451443791517562,1
2025-01-14,BloombergTV,36,195,4284,9.792265627578862,1
2025-01-14,BBCWorld,56,193,4164,10.291998010831678,1
2025-01-14,AlJazeera,44,214,4020,9.104296454711339,1
2025-01-14,France24,65,193,4158,10.257697278979537,1
2025-01-14,VH1,17,178,4175,9.236477850139028,1
2025-01-14,MTV,52,196,3920,10.74175840850128,1
2025-01-15,News24,408,1,741,3.240499858528315,0
2025-01-15,StarTV,443,6,897,3.097900650768721,0
2025-01-15,ZeeTV,451,7,651,4.055996451272496,0
2025-01-15,SunTV,460,14,870,3.173590905944458,0
2025-01-15,ABPNews,420,15,675,3.6373382368650193,0
2025-01-15,NDTV,414,2,1012,3.8064224339119024,0
2025-01-15,IndiaTV,439,22,779,3.9867353143011104,0
2025-01-15,CNNNews18,444,20,608,3.8991513321012787,0
2025-01-15,TimesNow,436,1,586,3.6317226789989046,0
2025-01-15,RepublicTV,424,1,723,3.071000388812129,0
2025-01-15,TV9,421,1,520,3.6791395770090394,0
2025-01-15,Asianet,452,20,616,4.224925863145028,0
2025-01-15,Colors,419,11,721,3.3495135335273294,0
2025-01-15,SonyTV,413,1,678,3.6148229700425354,0
2025-01-15,StarPlus,426,6,797,3.97861894301588,0
2025-01-15,ZeeCinema,449,8,763,3.8063945034791518,0
2025-01-15,StarMovies,422,21,614,4.049553158698959,0
2025-01-15,HBO,413,7,691,2.7873871661372966,0
2025-01-15,Discovery,419,14,785,3.4864560612707773,0
2025-01-15,NationalGeographic,437,4,755,3.0591689418531507,0
2025-01-15,AnimalPlanet,458,8,543,4.014318553144105,0
2025-01-15,HistoryTV18,433,19,666,3.284863055543061,0
2025-01-15,CartoonNetwork,433,15,835,3.4727023219797273,0
2025-01-15,Pogo,429,11,673,3.7449043514437297,0
2025-01-15,Nickelodeon,437,19,679,4.224199607665837,0
2025-01-15,SonyMax,429,7,859,2.6930390735332486,0
2025-01-15,ZeeTelugu,396,1,550,3.7215384919200822,0
2025-01-15,ETV,444,3,726,3.8249672783716644,0
2025-01-15,GeminiTV,413,7,754,3.5299301335871496,0
2025-01-15,MaaTV,446,13,847,2.8261898862685855,0
2025-01-15,UdayaTV,399,1,692,3.099363122753276,0
2025-01-15,SuryaTV,414,4,631,3.525156528514118,0
2025-01-15,KTV,427,1,534,3.8281998681717204,0
2025-01-15,JayaTV,455,4,762,3.0502590715355975,0
2025-01-15,RajTV,465,1,456,3.689141840373726,0
2025-01-15,KalaignarTV,460,1,743,3.1742043225785292,0
2025-01-15,DDNews,412,8,504,3.9904587393330853,0
2025-01-15,DDNational,449,8,593,2.945510180145904,0
2025-01-15,DDSports,457,16,604,3.498503455494131,0
2025-01-15,TenSports,405,16,666,3.044462567677748,0
2025-01-15,StarSports,445,14,663,3.9464392841958413,0
2025-01-15,SonySports,465,9,605,3.7304718377234063,0
2025-01-15,Eurosport,415,1,449,3.683740062033919,0
2025-01-15,CNBC,429,25,797,3.6135134142016136,0
2025-01-15,BloombergTV,448,11,491,3.1040486590081326,0
2025-01-15,BBCWorld,457,17,634,3.7666357990871555,0
2025-01-15,AlJazeera,428,24,772,2.704070999889194,0
2025-01-15,France24,456,3,638,3.201129960871044,0
2025-01-15,VH1,417,6,699,4.196452974301568,0
2025-01-15,MTV,412,14,763,3.327958700019368,0
2025-01-16,News24,7,213,4240,9.489283089656945,1
2025-01-16,StarTV,36,202,4522,10.0762007214018,1
2025-01-16,ZeeTV,30,203,4427,10.738549842726346,1
2025-01-16,SunTV,0,218,4535,10.312352125831593,1
2025-01-16,ABPNews,21,212,4536,10.569184580779314,1
2025-01-16,NDTV,24,211,4623,10.064458036250985,1
2025-01-16,IndiaTV,45,215,4523,9.789373299644524,1
2025-01-16,CNNNews18,6,183,4535,9.390771818328146,1
2025-01-16,TimesNow,40,223,4276,10.161921700258027,1
2025-01-16,RepublicTV,26,203,4080,9.799488180690446,1
2025-01-16,TV9,2,201,4083,10.229835208393778,1
2025-01-16,Asianet,53,205,4736,9.633370219028238,1
2025-01-16,Colors,23,218,4038,10.17399883452746,1
2025-01-16,SonyTV,51,208,4669,9.905579817318714,1
2025-01-16,StarPlus,26,195,4584,10.201809192231714,1
2025-01-16,ZeeCinema,50,203,4140,10.166565567483136,1
2025-01-16,StarMovies,3,229,4375,10.150957338893047,1
2025-01-16,HBO,6,228,4654,11.202598903749346,1
2025-01-16,Discovery,11,189,4388,10.129129827187844,1
2025-01-16,NationalGeographic,53,203,3924,10.332622404592927,1
2025-01-16,AnimalPlanet,28,223,4325,9.971648353615475,1
2025-01-16,HistoryTV18,14,197,4366,9.833948318283042,1
2025-01-16,CartoonNetwork,31,194,4157,9.759785290734984,1
2025-01-16,Pogo,28,215,4459,9.820437184908366,1
2025-01-16,Nickelodeon,58,209,4079,10.020582100418999,1
2025-01-16,SonyMax,59,225,4084,10.17616510453183,1
2025-01-16,ZeeTelugu,35,231,4238,10.730684386464473,1
2025-01-16,ETV,-5,205,4475,10.641208331631852,1
2025-01-16,GeminiTV,41,199,4280,9.856619326256528,1
2025-01-16,MaaTV,45,211,4542,10.021374105381081,1
2025-01-16,UdayaTV,2,212,4494,10.277296643187574,1
2025-01-16,SuryaTV,8,203,4486,9.736124869188812,1
2025-01-16,KTV,36,217,4387,10.559561918404704,1
2025-01-16,JayaTV,20,215,4415,9.574353540747303,1
2025-01-16,RajTV,-3,214,4065,10.664186342857587,1
2025-01-16,KalaignarTV,49,234,4440,10.67778204581598,1
2025-01-16,DDNews,28,208,4256,10.40377372430358,1
2025-01-16,DDNational,2,218,4466,10.919727823157249,1
2025-01-16,DDSports,56,202,4524,10.573066199515498,1
2025-01-16,TenSports,27,207,4761,9.371823118196176,1
2025-01-16,StarSports,37,190,4200,9.630675743881127,1
2025-01-16,SonySports,42,181,4017,10.129821838914056,1
2025-01-16,Eurosport,12,226,4630,10.182598519630414,1
2025-01-16,CNBC,3,224,4438,9.977249407117215,1
2025-01-16,BloombergTV,30,206,3965,10.20738001878339,1
2025-01-16,BBCWorld,52,229,4093,10.63360509882154,1
2025-01-16,AlJazeera,4,192,4206,10.655535894279264,1
2025-01-16,France24,39,200,4245,10.095592117185078,1
2025-01-16,VH1,52,233,4324,10.227470503228382,1
2025-01-16,MTV,60,195,4240,10.531587851094182,1
2025-01-17,News24,462,1,897,3.142432145114508,0
2025-01-17,StarTV,447,3,1044,4.511621987223994,0
2025-01-17,ZeeTV,470,17,799,3.9765260580508057,0
2025-01-17,SunTV,444,1,785,3.5520858128376274,0
2025-01-17,ABPNews,446,1,776,4.033227551425471,0
2025-01-17,NDTV,457,20,609,4.337934860390372,0
2025-01-17,IndiaTV,474,13,697,4.355099293954187,0
2025-01-17,CNNNews18,480,6,904,3.9668895147007626,0
2025-01-17,TimesNow,486,1,831,3.798847707223181,0
2025-01-17,RepublicTV,466,5,687,3.3776492822693966,0
2025-01-17,TV9,496,1,723,3.424354288727388,0
2025-01-17,Asianet,494,1,693,3.2409724517506784,0
2025-01-17,Colors,456,7,867,4.014051541742698,0
2025-01-17,SonyTV,475,1,621,4.357101700304624,0
2025-01-17,StarPlus,477,13,670,4.3836290871688135,0
2025-01-17,ZeeCinema,476,3,825,3.8145688363710364,0
2025-01-17,StarMovies,450,9,797,3.3164498192750873,0
2025-01-17,HBO,459,18,904,4.150856675623448,0
2025-01-17,Discovery,475,1,940,3.5303696013064454,0
2025-01-17,NationalGeographic,468,1,783,3.467498793849863,0
2025-01-17,AnimalPlanet,444,6,870,4.117498515947448,0
2025-01-17,HistoryTV18,451,16,730,3.607762095584947,0
2025-01-17,CartoonNetwork,494,1,840,4.715727694236622,0
2025-01-17,Pogo,459,1,879,3.9781214282323067,0
2025-01-17,Nickelodeon,492,13,806,4.212337393976944,0
2025-01-17,SonyMax,501,4,627,4.3301967335267015,0
2025-01-17,ZeeTelugu,486,1,956,4.706414944786315,0
2025-01-17,ETV,437,1,1060,4.411027332612822,0
2025-01-17,GeminiTV,484,1,685,3.5805612244316443,0
2025-01-17,MaaTV,438,2,696,3.442304732267765,0
2025-01-17,UdayaTV,496,1,936,3.3186971031671115,0
2025-01-17,SuryaTV,475,1,947,4.295385794233523,0
2025-01-17,KTV,441,1,720,3.6440070626286336,0
2025-01-17,JayaTV,495,16,1007,3.465155026423753,0
2025-01-17,RajTV,472,5,838,4.252533686712941,0
2025-01-17,KalaignarTV,501,1,644,3.515713007619854,0
2025-01-17,DDNews,493,1,768,3.2145152542558266,0
2025-01-17,DDNational,498,2,997,3.664644450546309,0
2025-01-17,DDSports,496,5,741,3.956601032029167,0
2025-01-17,TenSports,481,11,765,3.1561802333068782,0
2025-01-17,StarSports,459,8,717,3.972703813218391,0
2025-01-17,SonySports,494,10,1016,4.391064286161808,0
2025-01-17,Eurosport,459,1,705,4.1275915526910865,0
2025-01-17,CNBC,459,19,973,4.6054200932407765,0
2025-01-17,BloombergTV,474,1,774,3.4224536524378446,0
2025-01-17,BBCWorld,503,1,692,3.6652236116915153,0
2025-01-17,AlJazeera,475,3,868,3.283608216153783,0
2025-01-17,France24,456,1,915,4.1934008094630295,0
2025-01-17,VH1,438,17,589,4.088846977652601,0
2025-01-17,MTV,496,1,793,3.819145350698636,0
2025-01-18,News24,13,210,3979,10.465062787596093,1
2025-01-18,StarTV,0,220,4506,9.416796389350674,1
2025-01-18,ZeeTV,35,184,4388,9.916598486113319,1
2025-01-18,SunTV,41,189,4144,10.31387049242389,1
2025-01-18,ABPNews,11,200,4027,9.309344642063312,1
2025-01-18,NDTV,-7,205,4655,9.144045234825846,1
2025-01-18,IndiaTV,42,229,4306,9.41454540753855,1
2025-01-18,CNNNews18,7,215,4327,9.953220119349556,1
2025-01-18,TimesNow,9,221,4552,10.404991891106167,1
2025-01-18,RepublicTV,10,190,4346,10.359391602621736,1
2025-01-18,TV9,43,219,4463,9.020877509088567,1
2025-01-18,Asianet,22,189,4413,9.889885069181613,1
2025-01-18,Colors,-4,204,3979,10.421995576377224,1
2025-01-18,SonyTV,6,179,4660,9.449830524880795,1
2025-01-18,StarPlus,7,190,4274,9.337183852354453,1
2025-01-18,ZeeCinema,46,193,4343,10.10364908154516,1
2025-01-18,StarMovies,-1,214,4539,9.595289765091595,1
2025-01-18,HBO,60,219,4314,9.523376816209884,1
2025-01-18,Discovery,12,203,4012,9.578881344924353,1
2025-01-18,NationalGeographic,33,222,4329,9.45215617042616,1
2025-01-18,AnimalPlanet,2,218,4205,10.107834711048064,1
2025-01-18,HistoryTV18,57,223,4389,9.31477589561961,1
2025-01-18,CartoonNetwork,8,205,4316,10.503979352213825,1
2025-01-18,Pogo,52,220,4488,10.373131242511208,1
2025-01-18,Nickelodeon,64,203,4201,9.214984935722184,1
2025-01-18,SonyMax,28,192,4103,10.215655615915589,1
2025-01-18,ZeeTelugu,41,193,4475,9.490842444537558,1
2025-01-18,ETV,32,212,4311,9.804751177303025,1
2025-01-18,GeminiTV,18,208,4250,9.841317441024152,1
2025-01-18,MaaTV,47,208,4244,10.273880319318225,1
2025-01-18,UdayaTV,2,184,4026,9.097846200395397,1
2025-01-18,SuryaTV,64,207,4431,9.938814828867248,1
2025-01-18,KTV,10,209,3969,10.048756463182512,1
2025-01-18,JayaTV,16,175,4271,9.84693745185261,1
2025-01-18,RajTV,57,187,4386,10.466278827960767,1
2025-01-18,KalaignarTV,42,186,4339,9.922816245874696,1
2025-01-18,DDNews,23,195,4477,10.261820048282571,1
2025-01-18,DDNational,46,215,4327,10.306301528475718,1
2025-01-18,DDSports,30,204,4603,10.73411844287099,1
2025-01-18,TenSports,13,194,4155,9.908251190657621,1
2025-01-18,StarSports,60,210,4182,10.324517196299126,1
2025-01-18,SonySports,42,212,4476,10.360009354274123,1
2025-01-18,Eurosport,44,220,4209,9.283798678394264,1
2025-01-18,CNBC,55,207,4133,9.487735346365804,1
2025-01-18,BloombergTV,45,208,4092,9.561102180964767,1
2025-01-18,BBCWorld,52,186,4236,9.959846451667502,1
2025-01-18,AlJazeera,49,218,4331,10.082690568702523,1
2025-01-18,France24,43,219,4445,9.511352531661844,1
2025-01-18,VH1,4,220,4202,9.137087469325962,1
2025-01-18,MTV,6,219,4690,10.35967727821526,1
2025-01-19,News24,468,4,821,3.901198035283307,0
2025-01-19,StarTV,467,1,567,3.4215029077398667,0
2025-01-19,ZeeTV,448,1,592,3.808985578858333,0
2025-01-19,SunTV,428,8,841,3.45197888890272,0
2025-01-19,ABPNews,418,15,742,3.9151696282178596,0
2025-01-19,NDTV,455,2,846,3.3720931041235995,0
2025-01-19,IndiaTV,422,11,759,3.2262464049409356,0
2025-01-19,CNNNews18,448,18,627,4.135109616350288,0
2025-01-19,TimesNow,428,17,588,4.234313247830678,0
2025-01-19,RepublicTV,439,9,572,2.8197071218576655,0
2025-01-19,TV9,475,1,528,2.9867676922861097,0
2025-01-19,Asianet,477,22,954,3.7926876300456804,0
2025-01-19,Colors,465,1,599,3.5026137476395225,0
2025-01-19,SonyTV,453,1,895,3.9532384231518756,0
2025-01-19,StarPlus,425,4,736,3.581315112957714,0
2025-01-19,ZeeCinema,453,1,714,3.7966917802050624,0
2025-01-19,StarMovies,429,2,911,2.906683360773344,0
2025-01-19,HBO,440,18,681,3.504952691827878,0
2025-01-19,Discovery,450,12,651,3.035902041116283,0
2025-01-19,NationalGeographic,461,2,647,3.703013022808768,0
2025-01-19,AnimalPlanet,452,9,543,2.871153225075556,0
2025-01-19,HistoryTV18,440,15,659,3.1511589450201622,0
2025-01-19,CartoonNetwork,470,15,565,3.368876271733869,0
2025-01-19,Pogo,462,1,766,3.3808363383478084,0
2025-01-19,Nickelodeon,415,10,772,3.1564781677356657,0
2025-01-19,SonyMax,425,10,848,4.048065652943075,0
2025-01-19,ZeeTelugu,452,1,642,3.9328911208828305,0
2025-01-19,ETV,434,1,914,3.4917408244751647,0
2025-01-19,GeminiTV,419,20,907,3.4565393540815808,0
2025-01-19,MaaTV,421,3,728,3.64065466224921,0
2025-01-19,UdayaTV,469,13,713,2.8816906909060966,0
2025-01-19,SuryaTV,459,9,590,2.796026238877922,0
2025-01-19,KTV,464,1,491,3.9342720872767103,0
2025-01-19,JayaTV,472,1,794,3.5436331071087444,0
2025-01-19,RajTV,440,1,677,3.9740277321438806,0
2025-01-19,KalaignarTV,439,16,567,3.9546596072217617,0
2025-01-19,DDNews,468,1,574,3.9563430927367262,0
2025-01-19,DDNational,459,8,869,3.2365921624921525,0
2025-01-19,DDSports,415,11,972,4.238250314054769,0
2025-01-19,TenSports,459,18,1023,2.92202222438788,0
2025-01-19,StarSports,451,1,678,3.863680912076272,0
2025-01-19,SonySports,406,1,534,3.451371786464953,0
2025-01-19,Eurosport,476,10,900,4.122877965354112,0
2025-01-19,CNBC,478,8,785,3.604987980299636,0
2025-01-19,BloombergTV,461,19,476,4.3952591989496215,0
2025-01-19,BBCWorld,465,1,975,2.9991792955173966,0
2025-01-19,AlJazeera,459,1,591,4.013367154696196,0
2025-01-19,France24,450,1,728,3.042406908973236,0
2025-01-19,VH1,408,3,891,2.9279683577865203,0
2025-01-19,MTV,455,5,658,2.8865001536771033,0
2025-01-20,News24,11,200,4677,10.899342024813953,1
2025-01-20,StarTV,15,206,4252,9.65984712381611,1
2025-01-20,ZeeTV,44,191,4550,9.804833627392608,1
2025-01-20,SunTV,6,233,4655,10.41764709323573,1
2025-01-20,ABPNews,5,227,4264,10.575206866228191,1
2025-01-20,NDTV,-6,203,4734,10.489888010538223,1
2025-01-20,IndiaTV,-7,220,4078,9.990453924542003,1
2025-01-20,CNNNews18,44,198,4144,11.204031417392693,1
2025-01-20,TimesNow,42,206,4543,10.157920025034285,1
2025-01-20,RepublicTV,-6,232,4565,10.068487779105357,1
2025-01-20,TV9,19,202,4818,10.401166176669562,1
2025-01-20,Asianet,38,221,4231,11.028029670742152,1
2025-01-20,Colors,1,219,4267,10.490266843388998,1
2025-01-20,SonyTV,5,204,4689,10.29876043521398,1
2025-01-20,StarPlus,37,224,4365,10.623600393933055,1
2025-01-20,ZeeCinema,60,197,4604,11.074426931645016,1
2025-01-20,StarMovies,11,213,4346,9.67198297124491,1
2025-01-20,HBO,17,215,4611,10.56708103423227,1
2025-01-20,Discovery,11,198,4777,9.948921838937821,1
2025-01-20,NationalGeographic,49,215,4540,11.20908540914489,1
2025-01-20,AnimalPlanet,43,225,4321,10.62340975028227,1
2025-01-20,HistoryTV18,7,196,4284,10.42939919872209,1
2025-01-20,CartoonNetwork,38,193,4611,10.483221910429041,1
2025-01-20,Pogo,34,204,4479,10.023155293849907,1
2025-01-20,Nickelodeon,14,228,4302,9.896593871760196,1
2025-01-20,SonyMax,42,230,4366,11.169053633237,1
2025-01-20,ZeeTelugu,5,224,4549,9.787502155567775,1
2025-01-20,ETV,17,222,4433,9.89498711786298,1
2025-01-20,GeminiTV,30,222,4274,10.713297582584065,1
2025-01-20,MaaTV,7,212,4131,9.77455162484545,1
2025-01-20,UdayaTV,1,231,4523,10.048242284399112,1
2025-01-20,SuryaTV,5,208,4283,10.93706527267298,1
2025-01-20,KTV,33,209,4356,10.390182268322349,1
2025-01-20,JayaTV,50,223,4539,10.31277707613788,1
2025-01-20,RajTV,-6,235,4352,10.67345601029416,1
2025-01-20,KalaignarTV,13,230,4309,10.516417137631525,1
2025-01-20,DDNews,23,219,4648,11.307209052167162,1
2025-01-20,DDNational,26,227,4470,10.557729795794652,1
2025-01-20,DDSports,27,224,4471,10.224373474908953,1
2025-01-20,TenSports,-13,214,4578,9.949834102826694,1
2025-01-20,StarSports,3,224,4393,11.013781958613801,1
2025-01-20,SonySports,33,235,4589,9.589991838395262,1
2025-01-20,Eurosport,42,235,4325,9.96757311402278,1
2025-01-20,CNBC,16,201,4621,10.444272324993525,1
2025-01-20,BloombergTV,21,209,4321,10.527449925645152,1
2025-01-20,BBCWorld,5,210,4155,10.423475117377025,1
2025-01-20,AlJazeera,41,219,4215,10.926824144701179,1
2025-01-20,France24,26,235,4419,10.214370689290986,1
2025-01-20,VH1,15,227,4783,10.791004703883216,1
2025-01-20,MTV,43,215,4438,10.82499626255498,1
2025-01-21,News24,463,1,768,3.566800408956936,0
2025-01-21,StarTV,473,1,813,4.9378283630685695,0
2025-01-21,ZeeTV,460,11,986,4.072683590968154,0
2025-01-21,SunTV,501,1,923,4.656307873782016,0
2025-01-21,ABPNews,473,16,612,4.6149338547418495,0
2025-01-21,NDTV,488,1,900,3.9903723198549237,0
2025-01-21,IndiaTV,482,1,628,3.98213990647455,0
2025-01-21,CNNNews18,449,1,776,3.6676166928304905,0
2025-01-21,TimesNow,487,8,685,3.4032285829245197,0
2025-01-21,RepublicTV,501,1,693,3.677526503501737,0
2025-01-21,TV9,465,1,598,4.05423500395795,0
2025-01-21,Asianet,470,1,786,3.6921178229631524,0
2025-01-21,Colors,485,5,762,4.323330366901704,0
2025-01-21,SonyTV,505,1,639,3.5315113396209923,0
2025-01-21,StarPlus,503,1,810,4.282664182226441,0
2025-01-21,ZeeCinema,491,1,655,3.7563819356025427,0
2025-01-21,StarMovies,463,1,837,4.732155926891378,0
2025-01-21,HBO,518,5,707,3.949267540916577,0
2025-01-21,Discovery,473,1,662,4.194931156365492,0
2025-01-21,NationalGeographic,457,5,922,3.6153213862530236,0
2025-01-21,AnimalPlanet,518,1,601,4.8739023107409,0
2025-01-21,HistoryTV18,499,2,856,3.8125353292281563,0
2025-01-21,CartoonNetwork,470,6,817,4.004769270761782,0
2025-01-21,Pogo,500,15,1006,3.293701001608812,0
2025-01-21,Nickelodeon,481,1,959,4.171125361689851,0
2025-01-21,SonyMax,479,6,1062,4.497592637884268,0
2025-01-21,ZeeTelugu,486,1,638,4.191051656309807,0
2025-01-21,ETV,469,1,632,4.7630117051355985,0
2025-01-21,GeminiTV,485,1,761,3.9734453908037874,0
2025-01-21,MaaTV,505,1,776,3.631754152731409,0
2025-01-21,UdayaTV,462,1,744,4.088343992966005,0
2025-01-21,SuryaTV,501,1,846,3.7284718565300357,0
2025-01-21,KTV,460,1,769,4.579375209165224,0
2025-01-21,JayaTV,456,16,933,3.342547656549907,0
2025-01-21,RajTV,482,2,954,3.7605795124809394,0
2025-01-21,KalaignarTV,500,5,665,3.6266216969661853,0
2025-01-21,DDNews,468,6,1060,3.7920941327905124,0
2025-01-21,DDNational,477,1,855,3.6550645339803864,0
2025-01-21,DDSports,455,1,1027,3.825739805872704,0
2025-01-21,TenSports,476,1,842,3.859465231547394,0
2025-01-21,StarSports,464,1,849,4.181036287570633,0
2025-01-21,SonySports,481,1,724,4.35665895097243,0
2025-01-21,Eurosport,508,14,843,4.0651465268963385,0
2025-01-21,CNBC,470,12,744,4.4244037709134965,0
2025-01-21,BloombergTV,511,12,886,4.051444069895212,0
2025-01-21,BBCWorld,483,5,875,3.9222511513145006,0
2025-01-21,AlJazeera,501,1,746,3.4047920806330776,0
2025-01-21,France24,462,2,839,3.3598111569091165,0
2025-01-21,VH1,502,1,1088,3.787951237416501,0
2025-01-21,MTV,460,1,741,4.645747935489039,0
2025-01-22,News24,49,209,4140,9.410798522789943,1
2025-01-22,StarTV,27,211,4421,9.813525243396365,1
2025-01-22,ZeeTV,40,205,4240,10.118566555312922,1
2025-01-22,SunTV,39,208,4364,10.011029770616844,1
2025-01-22,ABPNews,51,216,4488,9.53015004501846,1
2025-01-22,NDTV,33,231,4332,10.222415231559436,1
2025-01-22,IndiaTV,29,192,4332,10.67146943726532,1
2025-01-22,CNNNews18,58,201,4550,10.082907238826525,1
2025-01-22,TimesNow,40,203,4497,10.099746009349802,1
2025-01-22,RepublicTV,41,191,4465,9.902499330565492,1
2025-01-22,TV9,45,188,4684,9.314276231301777,1
2025-01-22,Asianet,30,207,4377,10.925578057307895,1
2025-01-22,Colors,-2,200,4573,10.164808837966005,1
2025-01-22,SonyTV,45,218,4721,9.434711822698176,1
2025-01-22,StarPlus,31,211,4361,9.686973221643088,1
2025-01-22,ZeeCinema,11,204,4408,10.058002873670542,1
2025-01-22,StarMovies,43,193,4630,10.56921537326974,1
2025-01-22,HBO,-3,229,4402,9.29723631603504,1
2025-01-22,Discovery,45,202,4463,10.691872915047902,1
2025-01-22,NationalGeographic,30,221,4439,10.388861452988376,1
2025-01-22,AnimalPlanet,18,215,4583,9.329492858702794,1
2025-01-22,HistoryTV18,21,216,4383,10.943860608722026,1
2025-01-22,CartoonNetwork,15,221,4293,9.513747564757503,1
2025-01-22,Pogo,31,214,4413,10.379422944647404,1
2025-01-22,Nickelodeon,51,231,4473,9.956968097299749,1
2025-01-22,SonyMax,50,222,4231,10.528041485130842,1
2025-01-22,ZeeTelugu,31,207,4321,10.96095657213165,1
2025-01-22,ETV,41,217,4140,10.392653768922797,1
2025-01-22,GeminiTV,47,193,4415,10.561151298599723,1
2025-01-22,MaaTV,55,224,4236,10.527967026442115,1
2025-01-22,UdayaTV,53,206,4298,9.767287762704681,1
2025-01-22,SuryaTV,23,212,4109,10.441793420330812,1
2025-01-22,KTV,-11,197,4403,10.213581702929472,1
2025-01-22,JayaTV,27,208,4769,10.89108345773823,1
2025-01-22,RajTV,67,198,4358,10.270677300308916,1
2025-01-22,KalaignarTV,18,196,4546,10.863764747917699,1
2025-01-22,DDNews,65,203,4357,9.500136705742086,1
2025-01-22,DDNational,32,207,4649,10.115772591798445,1
2025-01-22,DDSports,30,231,4784,9.5958537414673,1
2025-01-22,TenSports,33,195,4732,10.369715561438635,1
2025-01-22,StarSports,25,204,4400,9.98894676941186,1
2025-01-22,SonySports,14,235,4099,9.370880299573182,1
2025-01-22,Eurosport,20,203,4173,10.573758321401304,1
2025-01-22,CNBC,55,219,4361,9.331722252237043,1
2025-01-22,BloombergTV,46,193,4622,9.39581338878633,1
2025-01-22,BBCWorld,36,189,4423,10.989040152026648,1
2025-01-22,AlJazeera,29,209,4308,10.612192085059494,1
2025-01-22,France24,20,221,4515,10.598544730093877,1
2025-01-22,VH1,20,220,4662,10.398226463837478,1
2025-01-22,MTV,8,204,4711,9.74115674562024,1
2025-01-23,News24,438,8,851,4.085477820087772,0
2025-01-23,StarTV,449,21,618,3.777778421911428,0
2025-01-23,ZeeTV,474,8,873,3.5306880252390473,0
2025-01-23,SunTV,439,1,963,4.126274843616638,0
2025-01-23,ABPNews,448,1,708,3.5684863780890796,0
2025-01-23,NDTV,433,9,1006,3.475273407828819,0
2025-01-23,IndiaTV,437,12,817,3.1393944414681325,0
2025-01-23,CNNNews18,425,10,863,3.294003671720231,0
2025-01-23,TimesNow,419,1,885,3.34275887558698,0
2025-01-23,RepublicTV,462,4,551,3.9650864998424304,0
2025-01-23,TV9,481,15,931,3.6998333724207884,0
2025-01-23,Asianet,482,5,934,4.125195524060095,0
2025-01-23,Colors,470,6,898,3.611895118810139,0
2025-01-23,SonyTV,463,1,939,3.318311422705917,0
2025-01-23,StarPlus,450,2,747,3.2573539512468255,0
2025-01-23,ZeeCinema,420,8,880,3.570998760320845,0
2025-01-23,StarMovies,466,3,759,4.30175217897442,0
2025-01-23,HBO,481,1,746,2.9515565565398214,0
2025-01-23,Discovery,454,2,950,4.042089217824443,0
2025-01-23,NationalGeographic,456,10,867,4.358402966266355,0
2025-01-23,AnimalPlanet,442,13,895,3.4373022373215036,0
2025-01-23,HistoryTV18,470,1,1000,3.769781032842806,0
2025-01-23,CartoonNetwork,428,1,661,3.1479423027738367,0
2025-01-23,Pogo,424,8,725,4.341837607936388,0
2025-01-23,Nickelodeon,461,16,812,4.473516869550901,0
2025-01-23,SonyMax,456,1,745,3.9145352296935405,0
2025-01-23,ZeeTelugu,442,10,794,4.1885826992507305,0
2025-01-23,ETV,475,1,520,3.914200583180784,0
2025-01-23,GeminiTV,475,1,821,3.4174515730438206,0
2025-01-23,MaaTV,439,13,893,3.179772333737638,0
2025-01-23,UdayaTV,416,9,697,3.6252750633149957,0
2025-01-23,SuryaTV,487,1,880,3.7309925946567164,0
2025-01-23,KTV,455,17,771,3.9280665856056998,0
2025-01-23,JayaTV,476,19,927,3.9403430309330716,0
2025-01-23,RajTV,440,3,783,3.9290159695304343,0
2025-01-23,KalaignarTV,455,1,635,4.461244759292546,0
2025-01-23,DDNews,483,7,571,3.1633844168612306,0
2025-01-23,DDNational,446,9,577,3.297516244389573,0
2025-01-23,DDSports,470,1,548,4.477547485686366,0
2025-01-23,TenSports,468,13,686,3.4361330975800555,0
2025-01-23,StarSports,436,10,583,2.8264871460524237,0
2025-01-23,SonySports,468,7,1012,3.704990489073915,0
2025-01-23,Eurosport,480,11,748,3.0157417451152133,0
2025-01-23,CNBC,453,6,823,2.9816641122454404,0
2025-01-23,BloombergTV,468,6,858,3.734109421993231,0
2025-01-23,BBCWorld,485,1,570,3.3181707445618547,0
2025-01-23,AlJazeera,451,1,907,4.529974867373509,0
2025-01-23,France24,453,7,984,3.5444159530106516,0
2025-01-23,VH1,468,19,651,3.472813786719459,0
2025-01-23,MTV,444,22,584,3.904379094624312,0
2025-01-24,News24,18,201,4583,10.570681822953869,1
2025-01-24,StarTV,12,193,4442,10.063051888874293,1
2025-01-24,ZeeTV,0,220,4337,11.328592092132682,1
2025-01-24,SunTV,38,208,4792,10.68882500432752,1
2025-01-24,ABPNews,16,197,4618,10.618445117013472,1
2025-01-24,NDTV,2,230,4936,10.726240753042257,1
2025-01-24,IndiaTV,29,203,4683,10.979084139112553,1
2025-01-24,CNNNews18,17,228,4821,10.109943534061392,1
2025-01-24,TimesNow,13,211,4378,10.707677574336454,1
2025-01-24,RepublicTV,-15,234,4586,11.139594749992819,1
2025-01-24,TV9,26,211,4564,9.729819139852683,1
2025-01-24,Asianet,41,245,4692,10.823902949553624,1
2025-01-24,Colors,-3,218,4798,10.361842811302616,1
2025-01-24,SonyTV,33,214,4645,10.560346426553629,1
2025-01-24,StarPlus,3,220,4667,11.035260774791325,1
2025-01-24,ZeeCinema,8,217,4719,9.955107550928714,1
2025-01-24,StarMovies,31,237,4599,9.941812072582529,1
2025-01-24,HBO,28,211,4499,9.686504322827659,1
2025-01-24,Discovery,4,203,4338,10.308841450674507,1
2025-01-24,NationalGeographic,-1,224,4202,10.513342411110548,1
2025-01-24,AnimalPlanet,8,210,4747,9.766899593673255,1
2025-01-24,HistoryTV18,-12,217,4334,10.978423305118195,1
2025-01-24,CartoonNetwork,22,198,4303,10.63914295676398,1
2025-01-24,Pogo,21,242,4463,10.782963788836927,1
2025-01-24,Nickelodeon,42,199,4413,9.574964673640196,1
2025-01-24,SonyMax,7,205,4312,10.815837716171924,1
2025-01-24,ZeeTelugu,7,207,4272,11.249304800152217,1
2025-01-24,ETV,8,232,4926,10.848447959557749,1
2025-01-24,GeminiTV,33,226,4336,10.436875739417545,1
2025-01-24,MaaTV,2,234,4262,9.73903412408024,1
2025-01-24,UdayaTV,6,234,4820,10.605984523800718,1
2025-01-24,SuryaTV,18,200,4571,9.998100964542513,1
2025-01-24,KTV,25,234,4802,10.447809383111254,1
2025-01-24,JayaTV,17,221,4454,10.581545651504033,1
2025-01-24,RajTV,17,209,4577,10.751704198376046,1
2025-01-24,KalaignarTV,41,223,4485,10.974680812271643,1
2025-01-24,DDNews,29,202,4789,10.722379436658235,1
2025-01-24,DDNational,44,233,4928,10.97613067177239,1
2025-01-24,DDSports,-1,233,4795,9.963174775902413,1
2025-01-24,TenSports,18,225,4890,9.975149185020301,1
2025-01-24,StarSports,1,208,4397,10.016082132370522,1
2025-01-24,SonySports,12,215,4261,10.126857086000426,1
2025-01-24,Eurosport,35,222,4677,11.231408327580116,1
2025-01-24,CNBC,-5,217,4624,10.208814624506335,1
2025-01-24,BloombergTV,19,209,4331,10.037087703909735,1
2025-01-24,BBCWorld,19,222,4768,10.168622283698038,1
2025-01-24,AlJazeera,31,201,4791,10.415100816150268,1
2025-01-24,France24,29,195,4589,10.377626159534042,1
2025-01-24,VH1,29,217,4338,9.919002478402522,1
2025-01-24,MTV,45,231,4329,10.459360261974686,1
2025-01-25,News24,510,17,897,4.986144390233886,0
2025-01-25,StarTV,518,1,689,4.144891558524736,0
2025-01-25,ZeeTV,516,13,820,3.8240189281843855,0
2025-01-25,SunTV,481,1,1000,4.567889160503871,0
2025-01-25,ABPNews,478,1,806,4.162055621289693,0
2025-01-25,NDTV,469,1,1024,4.181537448931642,0
2025-01-25,IndiaTV,494,1,1030,4.7498600038190375,0
2025-01-25,CNNNews18,511,1,1058,3.7522868465778894,0
2025-01-25,TimesNow,468,1,713,4.456349567935289,0
2025-01-25,RepublicTV,502,8,765,4.28274936118727,0
2025-01-25,TV9,488,1,1083,4.84676321793903,0
2025-01-25,Asianet,526,1,768,4.615482830896882,0
2025-01-25,Colors,519,1,909,3.765540869722045,0
2025-01-25,SonyTV,510,1,771,4.748773922937448,0
2025-01-25,StarPlus,482,1,1041,3.9265805810784196,0
2025-01-25,ZeeCinema,523,1,933,4.032686910042228,0
2025-01-25,StarMovies,500,7,850,3.7056755691919987,0
2025-01-25,HBO,496,10,769,4.1762323706330715,0
2025-01-25,Discovery,522,1,822,4.601375288220774,0
2025-01-25,NationalGeographic,510,13,886,4.744862221788436,0
2025-01-25,AnimalPlanet,468,1,819,3.6537675305592323,0
2025-01-25,HistoryTV18,481,2,1007,3.892446746450526,0
2025-01-25,CartoonNetwork,521,1,731,3.5712479347196715,0
2025-01-25,Pogo,502,1,738,3.7563452928066714,0
2025-01-25,Nickelodeon,459,1,713,4.419520082470481,0
2025-01-25,SonyMax,504,1,941,3.8867507907371714,0
2025-01-25,ZeeTelugu,513,3,813,4.67475169613165,0
2025-01-25,ETV,478,7,786,4.101258353431135,0
2025-01-25,GeminiTV,507,8,933,4.2667957864666635,0
2025-01-25,MaaTV,509,6,599,4.927576940912793,0
2025-01-25,UdayaTV,511,1,859,3.6222390025035076,0
2025-01-25,SuryaTV,481,1,723,4.896215487517422,0
2025-01-25,KTV,472,1,934,3.7080823798068896,0
2025-01-25,JayaTV,486,11,963,4.728986919291079,0
2025-01-25,RajTV,493,5,788,4.022013399473964,0
2025-01-25,KalaignarTV,501,1,587,3.729859575466649,0
2025-01-25,DDNews,525,1,1113,4.800046271008314,0
2025-01-25,DDNational,509,1,784,3.5164067672209036,0
2025-01-25,DDSports,457,18,1017,3.5146745779290818,0
2025-01-25,TenSports,458,1,901,4.110244363827752,0
2025-01-25,StarSports,496,1,950,3.4090937969217365,0
2025-01-25,SonySports,472,1,972,4.337609102533464,0
2025-01-25,Eurosport,507,1,851,4.696531424142367,0
2025-01-25,CNBC,492,1,1014,4.355269917907407,0
2025-01-25,BloombergTV,505,9,741,4.4266279043260255,0
2025-01-25,BBCWorld,506,1,793,4.402925705235446,0
2025-01-25,AlJazeera,502,2,907,4.647184239586714,0
2025-01-25,France24,465,13,955,3.934244980370505,0
2025-01-25,VH1,485,1,757,3.7884483052875804,0
2025-01-25,MTV,509,2,968,4.311260241010628,0
2025-01-26,News24,17,214,4290,10.448228032401033,1
2025-01-26,StarTV,11,208,4245,10.425649875461705,1
2025-01-26,ZeeTV,-6,209,4501,9.924746214934357,1
2025-01-26,SunTV,54,222,4390,10.690281214604468,1
2025-01-26,ABPNews,43,216,4457,9.929109393190156,1
2025-01-26,NDTV,44,199,4608,9.840607526081106,1
2025-01-26,IndiaTV,20,238,4706,9.489061932143851,1
2025-01-26,CNNNews18,-1,204,4918,9.581913399726709,1
2025-01-26,TimesNow,34,212,4262,9.65052869231869,1
2025-01-26,RepublicTV,46,225,4483,9.552692634359325,1
2025-01-26,TV9,46,210,4390,9.99927377966205,1
2025-01-26,Asianet,3,219,4712,9.713940632872596,1
2025-01-26,Colors,60,221,4773,10.978996945744676,1
2025-01-26,SonyTV,6,225,4238,10.105935222917502,1
2025-01-26,StarPlus,14,211,4478,10.630961392501824,1
2025-01-26,ZeeCinema,0,221,4658,9.952565899034944,1
2025-01-26,StarMovies,5,226,4425,10.457920687738929,1
2025-01-26,HBO,10,239,4180,10.208501955747376,1
2025-01-26,Discovery,52,233,4875,10.584420826111264,1
2025-01-26,NationalGeographic,32,211,4212,10.749891035332176,1
2025-01-26,AnimalPlanet,31,219,4862,10.809236671829904,1
2025-01-26,HistoryTV18,36,193,4201,10.482082400842302,1
2025-01-26,CartoonNetwork,35,221,4603,9.720086757957647,1
2025-01-26,Pogo,33,219,4805,9.769382937867949,1
2025-01-26,Nickelodeon,46,212,4512,10.42486811788692,1
2025-01-26,SonyMax,46,225,4508,9.481295380270035,1
2025-01-26,ZeeTelugu,10,220,4551,11.01061577046671,1
2025-01-26,ETV,15,215,4565,10.489640895324488,1
2025-01-26,GeminiTV,23,231,4611,10.197859153842161,1
2025-01-26,MaaTV,8,196,4516,10.088157967316883,1
2025-01-26,UdayaTV,19,220,4548,9.839088937288901,1
2025-01-26,SuryaTV,-4,206,4682,10.130197364619452,1
2025-01-26,KTV,4,221,4843,10.240492476400695,1
2025-01-26,JayaTV,25,201,4471,9.932080180345706,1
2025-01-26,RajTV,7,198,4576,10.369750721039475,1
2025-01-26,KalaignarTV,17,222,4458,10.23546671782399,1
2025-01-26,DDNews,14,199,4557,9.898449414340496,1
2025-01-26,DDNational,41,227,4229,9.866074667044483,1
2025-01-26,DDSports,61,187,4327,9.379773211588557,1
2025-01-26,TenSports,41,221,4903,9.960429465923637,1
2025-01-26,StarSports,2,219,4362,9.229949395097695,1
2025-01-26,SonySports,51,196,4682,9.610787631727161,1
2025-01-26,Eurosport,27,223,4273,10.228548077473091,1
2025-01-26,CNBC,1,210,4366,9.751189546290796,1
2025-01-26,BloombergTV,9,220,4424,9.996682080502637,1
2025-01-26,BBCWorld,26,218,4587,10.186667024512245,1
2025-01-26,AlJazeera,34,219,4269,10.03452719145029,1
2025-01-26,France24,50,206,4326,10.404094096682831,1
2025-01-26,VH1,68,236,4812,10.345313985541251,1
2025-01-26,MTV,9,225,4275,9.856176723730297,1
2025-01-27,News24,437,10,840,3.7253599331368306,0
2025-01-27,StarTV,479,1,855,4.029448875725382,0
2025-01-27,ZeeTV,451,8,794,4.041769992790358,0
2025-01-27,SunTV,483,7,906,3.6637454722572156,0
2025-01-27,ABPNews,444,1,794,3.3307784433533394,0
2025-01-27,NDTV,470,1,753,4.596004037796757,0
2025-01-27,IndiaTV,450,1,863,3.970082487683892,0
2025-01-27,CNNNews18,452,1,794,3.8007115899421526,0
2025-01-27,TimesNow,497,10,873,4.093342385565316,0
2025-01-27,RepublicTV,454,1,704,4.551850746675802,0
2025-01-27,TV9,466,19,952,3.7791931076790264,0
2025-01-27,Asianet,484,1,782,4.3356248978884615,0
2025-01-27,Colors,462,1,924,3.6567462153485417,0
2025-01-27,SonyTV,475,6,668,4.164819783790938,0
2025-01-27,StarPlus,446,6,828,3.747643554296949,0
2025-01-27,ZeeCinema,489,4,920,4.222629361858461,0
2025-01-27,StarMovies,456,7,687,4.303565398118664,0
2025-01-27,HBO,456,1,736,3.4635750996156474,0
2025-01-27,Discovery,489,19,645,3.3067747926764803,0
2025-01-27,NationalGeographic,439,4,898,4.00919949005314,0
2025-01-27,AnimalPlanet,480,15,699,4.408808693633315,0
2025-01-27,HistoryTV18,467,8,566,3.6648428631435315,0
2025-01-27,CartoonNetwork,458,10,839,4.094732090599418,0
2025-01-27,Pogo,454,18,734,4.160841669794102,0
2025-01-27,Nickelodeon,493,1,860,4.128346506009524,0
2025-01-27,SonyMax,453,17,619,3.363515469922387,0
2025-01-27,ZeeTelugu,491,1,784,4.563478868955107,0
2025-01-27,ETV,458,2,844,4.448068536649527,0
2025-01-27,GeminiTV,443,1,866,3.96005209460171,0
2025-01-27,MaaTV,486,1,542,4.497583830935896,0
2025-01-27,UdayaTV,478,11,640,4.325802621121191,0
2025-01-27,SuryaTV,458,4,774,3.556666652741633,0
2025-01-27,KTV,439,1,888,4.164453421467985,0
2025-01-27,JayaTV,476,1,731,3.997958271940257,0
2025-01-27,RajTV,490,1,595,4.3670384817222185,0
2025-01-27,KalaignarTV,474,1,773,4.02225485948902,0
2025-01-27,DDNews,455,12,955,4.151985708552069,0
2025-01-27,DDNational,455,16,876,3.4661262742056174,0
2025-01-27,DDSports,446,13,617,3.992882419553003,0
2025-01-27,TenSports,452,2,843,4.232729873874114,0
2025-01-27,StarSports,463,1,933,4.170424895927764,0
2025-01-27,SonySports,458,10,920,3.2994238316209454,0
2025-01-27,Eurosport,441,12,943,3.6271536650513334,0
2025-01-27,CNBC,456,9,757,3.8492024112273864,0
2025-01-27,BloombergTV,444,10,891,3.4904500326752257,0
2025-01-27,BBCWorld,471,1,630,4.067340586046181,0
2025-01-27,AlJazeera,453,1,825,4.427722492879874,0
2025-01-27,France24,486,1,837,3.4740777466787622,0
2025-01-27,VH1,428,1,609,4.307617457308442,0
2025-01-27,MTV,443,4,971,3.465606977349098,0
2025-01-28,News24,7,247,4390,10.775326015795708,1
2025-01-28,StarTV,-8,204,4465,10.232558046353065,1
2025-01-28,ZeeTV,25,216,4417,9.991137802969615,1
2025-01-28,SunTV,16,217,4812,11.215524778234418,1
2025-01-28,ABPNews,2,225,4958,10.027141298511197,1
2025-01-28,NDTV,22,211,4524,10.282141568483858,1
2025-01-28,IndiaTV,31,204,4528,10.52018036076524,1
2025-01-28,CNNNews18,49,234,4575,10.404337500811456,1
2025-01-28,TimesNow,1,211,4545,10.740571469493618,1
2025-01-28,RepublicTV,36,248,4606,10.973597751937266,1
2025-01-28,TV9,34,198,4643,9.72646906169361,1
2025-01-28,Asianet,34,234,4419,10.958422797006481,1
2025-01-28,Colors,6,231,4484,11.228348012141229,1
2025-01-28,SonyTV,51,241,4620,10.72218317617137,1
2025-01-28,StarPlus,-4,218,4636,10.967048339789589,1
2025-01-28,ZeeCinema,43,209,4505,10.941116547179664,1
2025-01-28,StarMovies,33,220,4279,11.412994329114008,1
2025-01-28,HBO,15,225,4753,10.530087006522017,1
2025-01-28,Discovery,55,217,4502,10.669271933641822,1
2025-01-28,NationalGeographic,1,227,4658,10.35237791651045,1
2025-01-28,AnimalPlanet,43,204,4610,10.064797001694231,1
2025-01-28,HistoryTV18,45,211,4879,9.954261271682913,1
2025-01-28,CartoonNetwork,10,220,4702,10.865503426331196,1
2025-01-28,Pogo,7,209,4970,11.268814851267392,1
2025-01-28,Nickelodeon,31,200,4761,11.326475688173046,1
2025-01-28,SonyMax,3,249,4985,10.915876214375603,1
2025-01-28,ZeeTelugu,20,241,4720,11.283801008118319,1
2025-01-28,ETV,35,244,4716,11.167205586191573,1
2025-01-28,GeminiTV,25,228,4692,9.910790616253577,1
2025-01-28,MaaTV,27,228,4603,10.831802336378717,1
2025-01-28,UdayaTV,32,220,4312,9.940368730066947,1
2025-01-28,SuryaTV,13,237,4465,10.724771425208521,1
2025-01-28,KTV,30,239,4348,9.878431587815951,1
2025-01-28,JayaTV,46,233,4556,10.358005863062598,1
2025-01-28,RajTV,27,209,4678,10.167407548947608,1
2025-01-28,KalaignarTV,9,206,4537,9.952221109561957,1
2025-01-28,DDNews,19,199,4921,10.330552825544924,1
2025-01-28,DDNational,29,214,4488,10.903561552749519,1
2025-01-28,DDSports,5,226,4694,11.073076848614441,1
2025-01-28,TenSports,18,224,4783,10.784454106293783,1
2025-01-28,StarSports,-12,228,4689,9.807155877370079,1
2025-01-28,SonySports,4,236,4507,10.971366272988494,1
2025-01-28,Eurosport,-1,210,4523,10.792366113246157,1
2025-01-28,CNBC,62,247,4679,9.875686552142326,1
2025-01-28,BloombergTV,44,224,4973,10.785931384784611,1
2025-01-28,BBCWorld,-2,216,4302,10.433780260367342,1
2025-01-28,AlJazeera,29,212,4816,10.653851862464196,1
2025-01-28,France24,48,206,4810,10.126149359653567,1
2025-01-28,VH1,3,247,4296,10.664633317898367,1
2025-01-28,MTV,10,232,4682,9.811217703777793,1
2025-01-29,News24,528,1,706,4.0777046408945425,0
2025-01-29,StarTV,491,1,970,4.141836853262292,0
2025-01-29,ZeeTV,493,1,896,3.8013215302701835,0
2025-01-29,SunTV,543,1,895,5.093306543638548,0
2025-01-29,ABPNews,518,11,689,4.149080173327717,0
2025-01-29,NDTV,494,3,812,4.255140340396796,0
2025-01-29,IndiaTV,515,1,1025,4.836656065902703,0
2025-01-29,CNNNews18,515,1,753,4.170413547473456,0
2025-01-29,TimesNow,530,1,968,4.466882296237907,0
2025-01-29,RepublicTV,520,1,844,3.82679908537602,0
2025-01-29,TV9,482,1,828,4.442389373321935,0
2025-01-29,Asianet,500,1,707,4.274156131171937,0
2025-01-29,Colors,526,1,905,4.5764755765814575,0
2025-01-29,SonyTV,509,1,782,4.233483920951538,0
2025-01-29,StarPlus,525,1,795,4.824046814719784,0
2025-01-29,ZeeCinema,525,1,1060,4.665607833131145,0
2025-01-29,StarMovies,527,1,996,3.7079802959209043,0
2025-01-29,HBO,473,5,629,4.260305147597463,0
2025-01-29,Discovery,488,1,888,4.387688554475064,0
2025-01-29,NationalGeographic,499,8,976,4.418697414595113,0
2025-01-29,AnimalPlanet,518,8,789,4.165941150003471,0
2025-01-29,HistoryTV18,522,11,765,3.5560552665081366,0
2025-01-29,CartoonNetwork,491,4,644,4.388455942959209,0
2025-01-29,Pogo,522,1,946,4.195861251428127,0
2025-01-29,Nickelodeon,495,1,856,3.801077035163035,0
2025-01-29,SonyMax,517,1,668,3.634270284333824,0
2025-01-29,ZeeTelugu,480,1,979,3.9918533928337374,0
2025-01-29,ETV,540,1,705,4.628684601810839,0
2025-01-29,GeminiTV,484,3,955,4.616594371149682,0
2025-01-29,MaaTV,495,3,960,4.206078784032438,0
2025-01-29,UdayaTV,523,3,840,3.9051660051657477,0
2025-01-29,SuryaTV,486,10,772,4.452473067972945,0
2025-01-29,KTV,533,1,751,4.265679980506952,0
2025-01-29,JayaTV,485,2,816,4.761026147311222,0
2025-01-29,RajTV,519,1,651,3.9672761916561887,0
2025-01-29,KalaignarTV,484,1,782,4.791059774319852,0
2025-01-29,DDNews,481,1,764,4.274781148980362,0
2025-01-29,DDNational,488,1,796,4.607866069781433,0
2025-01-29,DDSports,476,1,1114,4.465940493335253,0
2025-01-29,TenSports,522,1,910,4.910034604657228,0
2025-01-29,StarSports,525,1,762,3.5341740593805895,0
2025-01-29,SonySports,500,1,977,4.439567375242497,0
2025-01-29,Eurosport,508,1,1116,4.489937256244314,0
2025-01-29,CNBC,502,1,934,4.518091960181852,0
2025-01-29,BloombergTV,489,14,923,4.700076980706877,0
2025-01-29,BBCWorld,519,1,1056,4.043928137134639,0
2025-01-29,AlJazeera,486,7,726,4.284487256656478,0
2025-01-29,France24,494,10,815,3.9488232454655585,0
2025-01-29,VH1,507,5,874,4.5474163759103226,0
2025-01-29,MTV,525,5,976,3.7027710476966798,0
2025-01-30,News24,24,229,5014,10.137060174809635,1
2025-01-30,StarTV,28,238,4715,9.914613348548539,1
2025-01-30,ZeeTV,44,228,4551,10.21883623273352,1
2025-01-30,SunTV,32,225,4689,10.402035307587717,1
2025-01-30,ABPNews,42,224,4727,9.780458910304583,1
2025-01-30,NDTV,8,204,4186,9.361818904853004,1
2025-01-30,IndiaTV,53,227,4942,9.941097231593657,1
2025-01-30,CNNNews18,32,242,4413,11.167177972409926,1
2025-01-30,TimesNow,6,228,4695,9.423825210116815,1
2025-01-30,RepublicTV,8,228,4601,10.565340539667641,1
2025-01-30,TV9,11,227,4703,9.777179206145826,1
2025-01-30,Asianet,56,221,4411,10.26807003810439,1
2025-01-30,Colors,15,226,4909,10.715404842605803,1
2025-01-30,SonyTV,5,225,4414,10.594894676566168,1
2025-01-30,StarPlus,26,197,4795,10.198388709330905,1
2025-01-30,ZeeCinema,19,221,4386,10.635031594830744,1
2025-01-30,StarMovies,36,211,4777,10.133077512840641,1
2025-01-30,HBO,6,210,4512,9.934959377421398,1
2025-01-30,Discovery,-6,223,4592,10.205139691574683,1
2025-01-30,NationalGeographic,21,211,4574,9.773966893365621,1
2025-01-30,AnimalPlanet,35,217,4841,9.271920841199446,1
2025-01-30,HistoryTV18,12,221,4744,9.904520200113886,1
2025-01-30,CartoonNetwork,27,224,4318,9.708915765871387,1
2025-01-30,Pogo,59,202,4620,9.799467556438822,1
2025-01-30,Nickelodeon,-10,233,4706,10.74584895028371,1
2025-01-30,SonyMax,50,208,4774,10.968054011781406,1
2025-01-30,ZeeTelugu,-5,198,4767,10.184700337631309,1
2025-01-30,ETV,36,207,4678,9.501577614502914,1
2025-01-30,GeminiTV,27,204,4522,9.790765528733349,1
2025-01-30,MaaTV,37,224,4788,10.848433711482482,1
2025-01-30,UdayaTV,23,220,4830,10.843031543462773,1
2025-01-30,SuryaTV,12,229,4569,10.507737855742775,1
2025-01-30,KTV,43,200,4849,10.375783354846778,1
2025-01-30,JayaTV,58,224,4741,10.739584236110444,1
2025-01-30,RajTV,5,198,4687,9.601012537152055,1
2025-01-30,KalaignarTV,26,205,4520,10.944769919680516,1
2025-01-30,DDNews,35,234,4814,10.304946614070657,1
2025-01-30,DDNational,46,201,4476,11.182695365766465,1
2025-01-30,DDSports,-5,224,4999,9.640382070451203,1
2025-01-30,TenSports,-9,210,4810,9.96143787318683,1
2025-01-30,StarSports,56,224,4971,10.654991173685985,1
2025-01-30,SonySports,33,203,4356,10.622849736422825,1
2025-01-30,Eurosport,16,233,4566,10.447658842131354,1
2025-01-30,CNBC,32,231,4445,10.570449056854018,1
2025-01-30,BloombergTV,36,238,4835,9.907715705210808,1
2025-01-30,BBCWorld,5,227,4288,10.022850470419344,1
2025-01-30,AlJazeera,37,226,4805,10.578177762472606,1
2025-01-30,France24,42,207,4349,10.729547056147181,1
2025-01-30,VH1,44,212,4737,9.76371763428568,1
2025-01-30,MTV,14,220,4728,9.84281407200397,1
2025-01-31,News24,468,4,816,4.544385311634379,0
2025-01-31,StarTV,471,10,820,3.734009396925735,0
2025-01-31,ZeeTV,474,17,946,3.985768389158217,0
2025-01-31,SunTV,499,1,1092,4.0451869584023274,0
2025-01-31,ABPNews,470,9,851,4.223872968311751,0
2025-01-31,NDTV,497,10,763,3.313207001030595,0
2025-01-31,IndiaTV,466,4,869,4.646882796704169,0
2025-01-31,CNNNews18,466,7,728,4.27219036489379,0
2025-01-31,TimesNow,475,12,759,3.9735060560645037,0
2025-01-31,RepublicTV,459,5,858,3.2196750355861643,0
2025-01-31,TV9,459,15,658,3.966168638347297,0
2025-01-31,Asianet,510,5,720,3.895094511783698,0
2025-01-31,Colors,437,1,587,4.501014770659621,0
2025-01-31,SonyTV,487,13,800,4.466099599780335,0
2025-01-31,StarPlus,459,1,670,3.376655915877922,0
2025-01-31,ZeeCinema,442,1,779,4.212021418283869,0
2025-01-31,StarMovies,467,11,770,3.4946155132213645,0
2025-01-31,HBO,504,10,994,3.929582686266994,0
2025-01-31,Discovery,457,1,962,3.4953279295108324,0
2025-01-31,NationalGeographic,492,1,753,4.358799042962115,0
2025-01-31,AnimalPlanet,505,1,947,3.761638129093132,0
2025-01-31,HistoryTV18,447,5,728,3.9623346018923367,0
2025-01-31,CartoonNetwork,466,11,920,4.115739401397892,0
2025-01-31,Pogo,467,1,770,3.719369836865884,0
2025-01-31,Nickelodeon,446,9,1064,4.263837585558724,0
2025-01-31,SonyMax,454,7,920,3.9545542672922527,0
2025-01-31,ZeeTelugu,447,2,642,3.2237940223923065,0
2025-01-31,ETV,494,1,834,4.688563224911476,0
2025-01-31,GeminiTV,457,9,978,4.173340788431574,0
2025-01-31,MaaTV,449,8,917,4.729340796609225,0
2025-01-31,UdayaTV,444,1,556,4.576689046549889,0
2025-01-31,SuryaTV,469,12,799,4.0833030002252775,0
2025-01-31,KTV,463,11,860,4.497193435443107,0
2025-01-31,JayaTV,500,1,674,4.5046627116667946,0
2025-01-31,RajTV,484,1,804,3.35651179159054,0
2025-01-31,KalaignarTV,470,1,892,4.25907302175924,0
2025-01-31,DDNews,440,9,571,4.03106806984572,0
2025-01-31,DDNational,464,1,661,3.273581470480873,0
2025-01-31,DDSports,461,3,908,3.330052740099326,0
2025-01-31,TenSports,473,19,901,4.249307557357804,0
2025-01-31,StarSports,457,10,626,4.17855072544962,0
2025-01-31,SonySports,496,1,1023,4.036659771952398,0
2025-01-31,Eurosport,493,19,696,4.432133021223121,0
2025-01-31,CNBC,495,3,905,4.569711218630406,0
2025-01-31,BloombergTV,451,1,673,3.779180555061013,0
2025-01-31,BBCWorld,511,1,760,4.700361746159844,0
2025-01-31,AlJazeera,453,1,1036,3.8398997211761836,0
2025-01-31,France24,474,3,752,3.2240145986173867,0
2025-01-31,VH1,458,12,951,3.4069014405966755,0
2025-01-31,MTV,464,1,660,3.8374089687288504,0
2025-02-01,News24,516,1,762,3.958681423447927,0
2025-02-01,StarTV,543,9,955,4.469414372498195,0
2025-02-01,ZeeTV,494,1,758,4.9780681527564745,0
2025-02-01,SunTV,531,16,870,4.355555468252131,0
2025-02-01,ABPNews,547,1,832,4.492155401368744,0
2025-02-01,NDTV,543,15,1133,4.35472219979483,0
2025-02-01,IndiaTV,507,1,776,4.662750138794478,0
2025-02-01,CNNNews18,492,1,943,4.640578783551024,0
2025-02-01,TimesNow,478,1,859,4.492573590462581,0
2025-02-01,RepublicTV,501,1,690,4.08382893610807,0
2025-02-01,TV9,509,13,856,5.073285239989662,0
2025-02-01,Asianet,484,1,836,4.426461671232061,0
2025-02-01,Colors,503,1,647,5.028171003687291,0
2025-02-01,SonyTV,494,1,1009,3.8223519236239745,0
2025-02-01,StarPlus,527,2,1039,3.9033007972853504,0
2025-02-01,ZeeCinema,490,4,832,4.947920682790299,0
2025-02-01,StarMovies,518,9,1123,4.839250112074498,0
2025-02-01,HBO,533,4,875,4.166367420204939,0
2025-02-01,Discovery,523,1,748,5.087527484284318,0
2025-02-01,NationalGeographic,540,9,969,5.266348047796942,0
2025-02-01,AnimalPlanet,513,1,989,3.8150940154667,0
2025-02-01,HistoryTV18,498,4,729,4.366108162392313,0
2025-02-01,CartoonNetwork,526,13,730,4.307389969722912,0
2025-02-01,Pogo,544,1,900,4.527493818685551,0
2025-02-01,Nickelodeon,545,1,1122,4.786230690777385,0
2025-02-01,SonyMax,488,5,876,4.788107133183802,0
2025-02-01,ZeeTelugu,496,1,753,4.359868986994182,0
2025-02-01,ETV,499,4,971,4.374756250402834,0
2025-02-01,GeminiTV,503,1,964,4.421045689147052,0
2025-02-01,MaaTV,497,1,839,5.234205302964578,0
2025-02-01,UdayaTV,506,4,968,3.6788175767122393,0
2025-02-01,SuryaTV,518,8,788,4.226841466004231,0
2025-02-01,KTV,529,1,1042,4.566145640887941,0
2025-02-01,JayaTV,523,11,995,4.752891423923509,0
2025-02-01,RajTV,545,1,1076,5.122798100177026,0
2025-02-01,KalaignarTV,491,1,903,4.335605205843045,0
2025-02-01,DDNews,510,10,802,4.222147657108766,0
2025-02-01,DDNational,535,1,899,4.6924239373437935,0
2025-02-01,DDSports,520,2,907,4.688485573564362,0
2025-02-01,TenSports,527,1,887,5.001782238911846,0
2025-02-01,StarSports,513,1,990,4.692277341828889,0
2025-02-01,SonySports,508,7,769,5.422314756289076,0
2025-02-01,Eurosport,542,2,610,3.788308655282403,0
2025-02-01,CNBC,485,1,631,4.271548658352872,0
2025-02-01,BloombergTV,539,1,762,4.2063126362093,0
2025-02-01,BBCWorld,494,1,726,4.356402012790657,0
2025-02-01,AlJazeera,527,1,1017,4.80148655634191,0
2025-02-01,France24,494,10,1057,5.099299004171078,0
2025-02-01,VH1,493,1,947,4.6243531021523046,0
2025-02-01,MTV,526,1,705,4.343734292660892,0
2025-02-02,News24,27,217,4592,10.191318677968164,1
2025-02-02,StarTV,21,204,4227,10.274168174415454,1
2025-02-02,ZeeTV,18,190,4597,9.288860479938913,1
2025-02-02,SunTV,4,194,4449,9.040842529736313,1
2025-02-02,ABPNews,43,186,4077,10.581268993504548,1
2025-02-02,NDTV,20,201,4204,10.252311947134189,1
2025-02-02,IndiaTV,43,210,4338,10.344321284802668,1
2025-02-02,CNNNews18,12,213,4303,10.29729009608292,1
2025-02-02,TimesNow,27,200,4711,9.817588031557563,1
2025-02-02,RepublicTV,50,224,4744,10.29938389303219,1
2025-02-02,TV9,46,221,4282,9.134602331499414,1
2025-02-02,Asianet,0,203,4406,9.566123458857573,1
2025-02-02,Colors,37,211,4698,9.533235608309177,1
2025-02-02,SonyTV,30,216,4348,9.68479509751933,1
2025-02-02,StarPlus,24,217,4517,9.908661851842995,1
2025-02-02,ZeeCinema,8,214,4336,9.84247482614561,1
2025-02-02,StarMovies,4,209,4050,9.24507855985933,1
2025-02-02,HBO,38,228,4400,10.148306083915507,1
2025-02-02,Discovery,30,180,4277,10.4420910863439,1
2025-02-02,NationalGeographic,34,189,4324,9.862410323972917,1
2025-02-02,AnimalPlanet,62,215,4502,10.059719120939084,1
2025-02-02,HistoryTV18,-7,205,4216,10.020622161474101,1
2025-02-02,CartoonNetwork,26,216,4685,10.223899191725751,1
2025-02-02,Pogo,51,193,4463,9.425911011763024,1
2025-02-02,Nickelodeon,29,219,4382,10.350051845712532,1
2025-02-02,SonyMax,29,218,4726,10.782791170131347,1
2025-02-02,ZeeTelugu,28,211,4369,10.610498084518252,1
2025-02-02,ETV,13,200,4073,10.054119928536945,1
2025-02-02,GeminiTV,57,217,4834,9.902583591493089,1
2025-02-02,MaaTV,1,181,4430,10.053700981394945,1
2025-02-02,UdayaTV,47,209,4891,10.709185381619092,1
2025-02-02,SuryaTV,44,199,4570,9.771702190820074,1
2025-02-02,KTV,-5,192,4406,9.738075093082081,1
2025-02-02,JayaTV,37,182,4633,10.676173595261309,1
2025-02-02,RajTV,45,208,4395,10.276927422625466,1
2025-02-02,KalaignarTV,36,209,4008,9.970211464234808,1
2025-02-02,DDNews,55,220,4672,10.16502095109039,1
2025-02-02,DDNational,10,218,4409,9.664095009176528,1
2025-02-02,DDSports,42,206,4643,10.554727809212347,1
2025-02-02,TenSports,38,207,4718,9.861535882867873,1
2025-02-02,StarSports,61,231,4468,9.680012629529882,1
2025-02-02,SonySports,31,210,4390,9.525372931137053,1
2025-02-02,Eurosport,47,205,4542,10.117352510836806,1
2025-02-02,CNBC,-3,231,4449,9.171668337810276,1
2025-02-02,BloombergTV,54,209,4521,10.677055816736852,1
2025-02-02,BBCWorld,60,224,4123,9.141132544440561,1
2025-02-02,AlJazeera,60,205,4113,10.117123420561414,1
2025-02-02,France24,31,211,4269,10.07798525189046,1
2025-02-02,VH1,-1,220,4308,9.606806660872984,1
2025-02-02,MTV,17,200,4305,9.325226398353374,1
2025-02-03,News24,484,1,739,4.819717169720687,0
2025-02-03,StarTV,505,7,714,3.892923388200952,0
2025-02-03,ZeeTV,481,15,890,3.729053645754836,0
2025-02-03,SunTV,501,14,816,4.629934805524723,0
2025-02-03,ABPNews,476,1,754,4.312032547609136,0
2025-02-03,NDTV,489,12,1030,4.910528037709975,0
2025-02-03,IndiaTV,468,4,970,3.5214215388159964,0
2025-02-03,CNNNews18,516,5,989,4.914814737274757,0
2025-02-03,TimesNow,460,6,636,4.671082727062491,0
2025-02-03,RepublicTV,449,6,719,3.467248889080734,0
2025-02-03,TV9,465,4,837,4.404745188926449,0
2025-02-03,Asianet,514,8,995,4.577923617341326,0
2025-02-03,Colors,461,11,802,4.4854178696860965,0
2025-02-03,SonyTV,502,10,842,3.3431197378839594,0
2025-02-03,StarPlus,494,5,716,4.782343216308325,0
2025-02-03,ZeeCinema,476,1,656,4.236665170121777,0
2025-02-03,StarMovies,464,4,1027,3.9177643983566863,0
2025-02-03,HBO,475,1,805,4.201371747226616,0
2025-02-03,Discovery,464,14,645,4.261875580502304,0
2025-02-03,NationalGeographic,477,1,895,4.2487353016026175,0
2025-02-03,AnimalPlanet,486,6,719,4.4897320437142305,0
2025-02-03,HistoryTV18,475,1,800,3.502621438301872,0
2025-02-03,CartoonNetwork,475,6,930,3.743337844453292,0
2025-02-03,Pogo,469,1,980,4.8553517175366805,0
2025-02-03,Nickelodeon,470,9,820,4.214523568033068,0
2025-02-03,SonyMax,477,4,786,3.372501847677161,0
2025-02-03,ZeeTelugu,479,12,911,3.511784118564447,0
2025-02-03,ETV,496,1,891,4.097329454661164,0
2025-02-03,GeminiTV,485,1,550,4.703885162262024,0
2025-02-03,MaaTV,479,1,755,3.9686577309833226,0
2025-02-03,UdayaTV,502,1,822,3.9439863021574273,0
2025-02-03,SuryaTV,460,4,711,4.039129455764171,0
2025-02-03,KTV,487,6,764,3.688130317869122,0
2025-02-03,JayaTV,476,8,680,3.970623627743732,0
2025-02-03,RajTV,448,7,938,4.716861899152334,0
2025-02-03,KalaignarTV,498,1,803,4.637959683929524,0
2025-02-03,DDNews,502,1,899,3.4885683375491228,0
2025-02-03,DDNational,485,3,821,4.089973629231393,0
2025-02-03,DDSports,502,13,691,4.575908226343634,0
2025-02-03,TenSports,477,7,689,3.6403783976366877,0
2025-02-03,StarSports,484,1,1077,4.397606003528544,0
2025-02-03,SonySports,453,7,628,3.992288123288946,0
2025-02-03,Eurosport,489,6,868,4.148979436868735,0
2025-02-03,CNBC,459,1,741,4.435679118308726,0
2025-02-03,BloombergTV,495,4,875,4.18111048097807,0
2025-02-03,BBCWorld,507,12,824,4.923631996533691,0
2025-02-03,AlJazeera,479,1,746,4.462680326859868,0
2025-02-03,France24,485,8,587,3.362731069371936,0
2025-02-03,VH1,494,11,780,4.8261873022872415,0
2025-02-03,MTV,477,1,749,4.3189104703870855,0
2025-02-04,News24,34,199,4538,9.996131698438832,1
2025-02-04,StarTV,36,214,4745,10.471422421921227,1
2025-02-04,ZeeTV,29,227,4361,9.404434101351177,1
2025-02-04,SunTV,45,206,4773,9.589149055483137,1
2025-02-04,ABPNews,59,207,4434,10.131491569780094,1
2025-02-04,NDTV,40,189,4718,10.33075354466022,1
2025-02-04,IndiaTV,13,202,4558,10.891344274579186,1
2025-02-04,CNNNews18,51,231,4792,9.750553735695165,1
2025-02-04,TimesNow,47,213,4663,9.829615753809891,1
2025-02-04,RepublicTV,0,219,4685,10.335695617011394,1
2025-02-04,TV9,38,196,4929,10.471543397086283,1
2025-02-04,Asianet,39,240,4759,10.53450106564302,1
2025-02-04,Colors,17,216,4399,10.525969278209432,1
2025-02-04,SonyTV,29,231,4828,9.895544401955895,1
2025-02-04,StarPlus,39,192,4125,10.59354195525415,1
2025-02-04,ZeeCinema,54,214,4603,10.261786044713732,1
2025-02-04,StarMovies,27,223,4429,10.57702673541569,1
2025-02-04,HBO,47,195,4435,9.657089366418221,1
2025-02-04,Discovery,-6,239,4826,10.49136193039116,1
2025-02-04,NationalGeographic,52,235,4727,10.028033130451213,1
2025-02-04,AnimalPlanet,29,212,4481,9.092725002517184,1
2025-02-04,HistoryTV18,-7,224,4540,9.662020036672217,1
2025-02-04,CartoonNetwork,37,197,4409,10.256832922932354,1
2025-02-04,Pogo,4,207,4503,9.896900224407826,1
2025-02-04,Nickelodeon,27,194,4298,9.52655054763824,1
2025-02-04,SonyMax,24,229,4547,10.020362873335692,1
2025-02-04,ZeeTelugu,35,212,4556,10.544163069333312,1
2025-02-04,ETV,47,228,4831,9.473124757580644,1
2025-02-04,GeminiTV,15,230,4498,10.39953215516739,1
2025-02-04,MaaTV,39,225,4633,9.8618990548595,1
2025-02-04,UdayaTV,54,208,4661,9.80447276838075,1
2025-02-04,SuryaTV,21,200,4672,10.025814802581317,1
2025-02-04,KTV,15,231,4415,10.142551167154192,1
2025-02-04,JayaTV,64,237,4616,10.176864084266578,1
2025-02-04,RajTV,45,227,4310,10.736363536001246,1
2025-02-04,KalaignarTV,42,220,4663,10.403295542645417,1
2025-02-04,DDNews,33,224,4352,9.519003497525508,1
2025-02-04,DDNational,52,219,4569,9.494487741815643,1
2025-02-04,DDSports,3,199,4761,10.51274675992673,1
2025-02-04,TenSports,6,202,4546,10.165095141934495,1
2025-02-04,StarSports,53,219,4455,10.056552228707478,1
2025-02-04,SonySports,51,222,4486,9.844469912986579,1
2025-02-04,Eurosport,28,200,4419,10.11719277172156,1
2025-02-04,CNBC,-1,193,4507,9.774765017207772,1
2025-02-04,BloombergTV,17,199,4599,9.398973287879382,1
2025-02-04,BBCWorld,32,204,4643,10.631295223718247,1
2025-02-04,AlJazeera,64,220,4429,10.664789817854901,1
2025-02-04,France24,10,231,4466,9.851750737395776,1
2025-02-04,VH1,24,201,4198,10.97844558556437,1
2025-02-04,MTV,18,218,4581,9.32119319017051,1
2025-02-05,News24,529,1,874,5.19186791374486,0
2025-02-05,StarTV,539,1,826,3.9783518515538177,0
2025-02-05,ZeeTV,523,1,869,5.613699940674453,0
2025-02-05,SunTV,538,1,837,4.925823035480012,0
2025-02-05,ABPNews,499,1,862,4.20583142538699,0
2025-02-05,NDTV,534,1,1038,4.213691502761387,0
2025-02-05,IndiaTV,543,1,822,5.4473250845561925,0
2025-02-05,CNNNews18,550,1,1048,4.604935880068462,0
2025-02-05,TimesNow,554,1,918,5.2808034529660715,0
2025-02-05,RepublicTV,537,7,886,4.765906565498691,0
2025-02-05,TV9,534,1,963,4.888263613934835,0
2025-02-05,Asianet,550,1,775,4.569702253590118,0
2025-02-05,Colors,536,1,959,5.65249165868894,0
2025-02-05,SonyTV,507,1,985,5.097046132370944,0
2025-02-05,StarPlus,504,10,698,4.286412389835496,0
2025-02-05,ZeeCinema,528,6,1074,4.601861607083967,0
2025-02-05,StarMovies,507,1,803,4.521902043812585,0
2025-02-05,HBO,510,1,1076,4.19865401984164,0
2025-02-05,Discovery,496,1,1114,4.819922943501423,0
2025-02-05,NationalGeographic,534,2,942,5.1651329238454995,0
2025-02-05,AnimalPlanet,532,1,975,4.689665929810908,0
2025-02-05,HistoryTV18,520,4,1129,5.242781551923451,0
2025-02-05,CartoonNetwork,532,1,867,5.329658736787958,0
2025-02-05,Pogo,521,1,1062,5.300667692825205,0
2025-02-05,Nickelodeon,534,1,1048,4.251651243126472,0
2025-02-05,SonyMax,519,2,999,4.276775551953604,0
2025-02-05,ZeeTelugu,539,8,911,4.522822756296178,0
2025-02-05,ETV,508,1,729,4.0296925181566845,0
2025-02-05,GeminiTV,504,1,1034,4.402837761671723,0
2025-02-05,MaaTV,524,1,778,4.819927468757948,0
2025-02-05,UdayaTV,541,1,865,4.661942217601789,0
2025-02-05,SuryaTV,530,1,977,4.496336918353097,0
2025-02-05,KTV,498,14,767,4.125274252771247,0
2025-02-05,JayaTV,535,1,858,5.11664449698891,0
2025-02-05,RajTV,534,1,1048,5.461158056525056,0
2025-02-05,KalaignarTV,563,1,994,5.274981362529929,0
2025-02-05,DDNews,507,1,1129,4.513620222324646,0
2025-02-05,DDNational,552,2,917,4.611609145667877,0
2025-02-05,DDSports,544,1,920,3.883210327966578,0
2025-02-05,TenSports,530,6,719,4.084341736106971,0
2025-02-05,StarSports,518,1,805,4.6608841683914,0
2025-02-05,SonySports,514,1,988,4.194109738367087,0
2025-02-05,Eurosport,504,1,1109,5.519745962637248,0
2025-02-05,CNBC,532,1,923,5.666847526840409,0
2025-02-05,BloombergTV,562,1,955,5.192380471238516,0
2025-02-05,BBCWorld,506,1,881,4.8702938787966925,0
2025-02-05,AlJazeera,532,1,877,5.381194438318525,0
2025-02-05,France24,547,1,853,5.313101168316026,0
2025-02-05,VH1,543,1,792,4.200310005187521,0
2025-02-05,MTV,523,1,1010,5.471389914613863,0
2025-02-06,News24,3,201,4375,9.436840739306835,1
2025-02-06,StarTV,32,206,4311,9.978226016521381,1
2025-02-06,ZeeTV,15,224,4676,9.461133097226297,1
2025-02-06,SunTV,42,199,4545,9.960265575196624,1
2025-02-06,ABPNews,5,202,4325,9.232578796857553,1
2025-02-06,NDTV,40,220,4414,10.106734328127148,1
2025-02-06,IndiaTV,27,192,4266,9.883083465288747,1
2025-02-06,CNNNews18,15,200,4484,9.500200539335287,1
2025-02-06,TimesNow,16,209,4605,10.15493684019847,1
2025-02-06,RepublicTV,20,218,4483,10.136546121887521,1
2025-02-06,TV9,54,213,4372,9.413152324374018,1
2025-02-06,Asianet,52,200,4285,9.890731369270112,1
2025-02-06,Colors,10,192,4093,10.525336701794613,1
2025-02-06,SonyTV,59,217,4543,9.737466041438458,1
2025-02-06,StarPlus,23,208,4574,9.328328234853478,1
2025-02-06,ZeeCinema,58,222,4351,9.722493462990874,1
2025-02-06,StarMovies,36,230,4668,9.992820965229923,1
2025-02-06,HBO,32,195,4848,9.374845440618513,1
2025-02-06,Discovery,30,227,4666,9.71479793452368,1
2025-02-06,NationalGeographic,67,200,4933,9.504348632815677,1
2025-02-06,AnimalPlanet,45,190,4620,9.671777663444518,1
2025-02-06,HistoryTV18,43,222,4715,10.377728546402228,1
2025-02-06,CartoonNetwork,56,190,4422,9.56593404158712,1
2025-02-06,Pogo,5,203,4180,9.302851140881264,1
2025-02-06,Nickelodeon,24,200,4618,9.985376501818864,1
2025-02-06,SonyMax,13,213,4288,10.301931913108133,1
2025-02-06,ZeeTelugu,10,206,4491,9.366223466162868,1
2025-02-06,ETV,44,195,4096,10.255891112784878,1
2025-02-06,GeminiTV,45,198,4245,9.739569649568097,1
2025-02-06,MaaTV,58,223,4321,9.758536193365698,1
2025-02-06,UdayaTV,40,185,4156,10.043455230555757,1
2025-02-06,SuryaTV,52,218,4201,9.083505358185306,1
2025-02-06,KTV,49,182,4582,10.705189142129957,1
2025-02-06,JayaTV,36,233,4326,9.425491444868435,1
2025-02-06,RajTV,44,207,4391,10.517461369135539,1
2025-02-06,KalaignarTV,25,205,4237,9.935636764920828,1
2025-02-06,DDNews,32,193,4625,9.276359800422227,1
2025-02-06,DDNational,0,208,4221,9.502304057428411,1
2025-02-06,DDSports,35,207,4386,10.548230073933032,1
2025-02-06,TenSports,11,210,4407,10.498517287483564,1
2025-02-06,StarSports,25,220,4723,9.932094743939103,1
2025-02-06,SonySports,7,233,4599,10.112604591513046,1
2025-02-06,Eurosport,30,230,4545,10.415146851119468,1
2025-02-06,CNBC,54,223,4194,10.200912169899905,1
2025-02-06,BloombergTV,-7,194,4500,9.204878621389739,1
2025-02-06,BBCWorld,57,208,4799,8.902113436109543,1
2025-02-06,AlJazeera,19,210,4715,9.68026528181183,1
2025-02-06,France24,41,200,4694,9.545993184529255,1
2025-02-06,VH1,54,226,4123,9.27800855283443,1
2025-02-06,MTV,54,206,4458,9.106163523080292,1
2025-02-07,News24,457,1,766,3.982908676757764,0
2025-02-07,StarTV,502,13,1048,4.077203634895834,0
2025-02-07,ZeeTV,485,3,745,4.155038193115203,0
2025-02-07,SunTV,518,17,859,4.787687366023584,0
2025-02-07,ABPNews,470,2,1089,4.7642466238267005,0
2025-02-07,NDTV,512,1,1028,4.3866343046913325,0
2025-02-07,IndiaTV,514,1,821,4.4669086422497415,0
2025-02-07,CNNNews18,489,17,900,3.4247351996324253,0
2025-02-07,TimesNow,485,1,847,5.016638037699319,0
2025-02-07,RepublicTV,505,1,861,3.7949830706157703,0
2025-02-07,TV9,470,1,1050,4.08252214413866,0
2025-02-07,Asianet,503,4,812,4.41651203235747,0
2025-02-07,Colors,462,1,877,4.866191478051182,0
2025-02-07,SonyTV,499,1,977,4.990782175729401,0
2025-02-07,StarPlus,472,1,836,4.653772580938068,0
2025-02-07,ZeeCinema,495,4,789,3.507995538701151,0
2025-02-07,StarMovies,488,12,1015,4.624094584751506,0
2025-02-07,HBO,488,1,651,4.8686675992308714,0
2025-02-07,Discovery,522,6,664,3.831544923807833,0
2025-02-07,NationalGeographic,484,1,674,4.4280001512865015,0
2025-02-07,AnimalPlanet,487,2,780,4.617349167408714,0
2025-02-07,HistoryTV18,473,13,968,4.40815296626682,0
2025-02-07,CartoonNetwork,484,1,608,3.858293964735952,0
2025-02-07,Pogo,501,3,927,4.218880360519494,0
2025-02-07,Nickelodeon,506,1,826,4.425680532421946,0
2025-02-07,SonyMax,505,4,708,3.9565831898472035,0
2025-02-07,ZeeTelugu,465,1,779,4.566220373611058,0
2025-02-07,ETV,487,3,748,4.710402272902216,0
2025-02-07,GeminiTV,472,1,889,3.811937490217584,0
2025-02-07,MaaTV,479,1,780,4.131219609788921,0
2025-02-07,UdayaTV,521,10,636,4.255865614777726,0
2025-02-07,SuryaTV,514,13,781,4.367481517498186,0
2025-02-07,KTV,516,1,926,4.293087811065253,0
2025-02-07,JayaTV,481,1,660,4.173653320190647,0
2025-02-07,RajTV,484,1,833,3.9620992416997143,0
2025-02-07,KalaignarTV,490,3,880,4.750358069591604,0
2025-02-07,DDNews,474,3,885,4.127996298048388,0
2025-02-07,DDNational,499,1,771,4.758647643696521,0
2025-02-07,DDSports,479,1,756,4.4527326108866925,0
2025-02-07,TenSports,469,1,980,4.05443097735557,0
2025-02-07,StarSports,476,1,765,4.946456534487726,0
2025-02-07,SonySports,495,14,756,3.841692506754322,0
2025-02-07,Eurosport,516,2,976,4.4009414898136,0
2025-02-07,CNBC,483,13,891,4.134640628313264,0
2025-02-07,BloombergTV,479,2,979,5.015554299640408,0
2025-02-07,BBCWorld,489,10,697,3.821635852782215,0
2025-02-07,AlJazeera,522,13,872,3.769034562153632,0
2025-02-07,France24,512,1,642,4.69083734044878,0
2025-02-07,VH1,486,1,694,3.862484171183572,0
2025-02-07,MTV,479,1,798,4.675070840428467,0
2025-02-08,News24,38,233,4598,9.815848812474826,1
2025-02-08,StarTV,45,228,4415,10.76723979133996,1
2025-02-08,ZeeTV,26,200,4523,10.636043716560765,1
2025-02-08,SunTV,22,235,4593,10.48431565402609,1
2025-02-08,ABPNews,30,218,4422,10.571826926744938,1
2025-02-08,NDTV,4,226,4602,10.522078992843252,1
2025-02-08,IndiaTV,3,209,4466,10.870175526064923,1
2025-02-08,CNNNews18,29,212,4420,10.823443646790471,1
2025-02-08,TimesNow,14,241,4604,9.828217747966919,1
2025-02-08,RepublicTV,-10,208,4332,9.837294338619063,1
2025-02-08,TV9,9,222,4291,9.654889564824309,1
2025-02-08,Asianet,-6,223,4725,10.364978311600137,1
2025-02-08,Colors,21,227,4645,10.797731712702443,1
2025-02-08,SonyTV,7,235,4684,9.771045748339082,1
2025-02-08,StarPlus,16,192,4908,10.707929847313464,1
2025-02-08,ZeeCinema,17,218,4732,10.289042119097283,1
2025-02-08,StarMovies,57,202,4662,9.884070158148761,1
2025-02-08,HBO,42,223,4556,10.043844824516176,1
2025-02-08,Discovery,1,197,4313,9.95046314606011,1
2025-02-08,NationalGeographic,-6,231,4628,10.779788782201315,1
2025-02-08,AnimalPlanet,12,226,4361,10.72550890552164,1
2025-02-08,HistoryTV18,39,223,4866,10.030551338012959,1
2025-02-08,CartoonNetwork,39,228,4621,10.005554971082645,1
2025-02-08,Pogo,10,214,4298,10.105164377638099,1
2025-02-08,Nickelodeon,41,242,4470,11.055133909723871,1
2025-02-08,SonyMax,20,230,4993,10.455875586666506,1
2025-02-08,ZeeTelugu,3,209,4566,9.7517687906034,1
2025-02-08,ETV,29,225,4609,9.501222119379353,1
2025-02-08,GeminiTV,53,231,4793,10.708166315197897,1
2025-02-08,MaaTV,38,238,4774,9.65514074520329,1
2025-02-08,UdayaTV,10,217,4624,10.54861958439928,1
2025-02-08,SuryaTV,38,221,4461,10.023919089883146,1
2025-02-08,KTV,12,223,4226,10.016681144784602,1
2025-02-08,JayaTV,13,229,4780,9.988081317953675,1
2025-02-08,RajTV,52,204,4460,9.579886251739604,1
2025-02-08,KalaignarTV,18,226,4280,10.359790605490705,1
2025-02-08,DDNews,7,197,4807,10.260767483871948,1
2025-02-08,DDNational,62,205,4469,9.377329979302642,1
2025-02-08,DDSports,46,233,4273,9.56332338829063,1
2025-02-08,TenSports,14,235,4607,10.285301271562984,1
2025-02-08,StarSports,-7,242,4454,9.405459795155862,1
2025-02-08,SonySports,34,194,4347,9.938888502306828,1
2025-02-08,Eurosport,1,196,4466,10.380617402340953,1
2025-02-08,CNBC,34,205,4495,10.84063714316148,1
2025-02-08,BloombergTV,5,205,4544,9.998317459660502,1
2025-02-08,BBCWorld,38,212,4561,9.220901693598204,1
2025-02-08,AlJazeera,-12,208,4633,10.19218905291788,1
2025-02-08,France24,61,235,4499,10.249273308669883,1
2025-02-08,VH1,42,233,4503,10.50262203942626,1
2025-02-08,MTV,7,236,4479,9.884982193426092,1
2025-02-09,News24,523,4,928,4.483240996205613,0
2025-02-09,StarTV,545,7,900,4.58980728221436,0
2025-02-09,ZeeTV,509,9,790,4.999229538685288,0
2025-02-09,SunTV,537,1,829,5.235762279988392,0
2025-02-09,ABPNews,557,11,966,4.424585301392762,0
2025-02-09,NDTV,513,3,696,5.344021763626017,0
2025-02-09,IndiaTV,531,1,853,4.764063732535223,0
2025-02-09,CNNNews18,536,1,985,5.2066351791461205,0
2025-02-09,TimesNow,516,1,703,5.357574969465918,0
2025-02-09,RepublicTV,503,1,847,4.247713070622077,0
2025-02-09,TV9,553,8,977,5.4578842615987435,0
2025-02-09,Asianet,550,1,1066,5.027835589710876,0
2025-02-09,Colors,508,4,851,4.715817006687365,0
2025-02-09,SonyTV,555,1,1045,4.947735693293646,0
2025-02-09,StarPlus,526,4,1060,4.856409675086835,0
2025-02-09,ZeeCinema,505,1,791,4.803779802618777,0
2025-02-09,StarMovies,555,1,937,5.076892953434657,0
2025-02-09,HBO,503,2,940,4.322979273741924,0
2025-02-09,Discovery,550,1,948,5.285230923431025,0
2025-02-09,NationalGeographic,502,2,941,5.658545875285254,0
2025-02-09,AnimalPlanet,502,13,782,4.272865655192842,0
2025-02-09,HistoryTV18,541,1,778,4.51173821896016,0
2025-02-09,CartoonNetwork,513,3,877,4.813836119576182,0
2025-02-09,Pogo,520,1,1079,4.651780928355288,0
2025-02-09,Nickelodeon,547,1,1169,4.409897859290503,0
2025-02-09,SonyMax,498,1,1041,4.943267796884341,0
2025-02-09,ZeeTelugu,515,1,1067,5.359840439168303,0
2025-02-09,ETV,557,1,819,4.736591040879921,0
2025-02-09,GeminiTV,553,1,989,5.781154101509827,0
2025-02-09,MaaTV,519,1,1059,4.512916838245975,0
2025-02-09,UdayaTV,550,6,1019,4.633446246591937,0
2025-02-09,SuryaTV,504,1,990,5.395554763966805,0
2025-02-09,KTV,534,9,963,5.2404983813649055,0
2025-02-09,JayaTV,517,1,899,4.400947770388067,0
2025-02-09,RajTV,548,3,763,4.261710595052629,0
2025-02-09,KalaignarTV,504,7,1102,4.582503687347631,0
2025-02-09,DDNews,545,9,1156,4.631590564646877,0
2025-02-09,DDNational,554,1,883,4.305599623396747,0
2025-02-09,DDSports,506,1,1119,5.201147079849997,0
2025-02-09,TenSports,526,1,847,4.340298585016469,0
2025-02-09,StarSports,556,1,708,5.64289550290235,0
2025-02-09,SonySports,515,1,979,5.477003249020584,0
2025-02-09,Eurosport,557,1,864,5.222719729134436,0
2025-02-09,CNBC,525,6,1090,4.856825667175084,0
2025-02-09,BloombergTV,536,1,935,5.409354381203079,0
2025-02-09,BBCWorld,496,6,1024,5.6298124966897465,0
2025-02-09,AlJazeera,511,1,892,4.9615885083944775,0
2025-02-09,France24,568,10,816,4.718235150227824,0
2025-02-09,VH1,546,1,928,5.802346424369357,0
2025-02-09,MTV,520,1,788,4.974973530165488,0
2025-02-10,News24,0,234,4869,9.96876309286919,1
2025-02-10,StarTV,39,229,4740,10.618332245007615,1
2025-02-10,ZeeTV,30,244,4493,9.818017121289582,1
2025-02-10,SunTV,29,237,4564,11.089977003148935,1
2025-02-10,ABPNews,7,228,4588,10.018795495398953,1
2025-02-10,NDTV,24,229,4758,9.934241438751323,1
2025-02-10,IndiaTV,48,240,4884,9.692459380581495,1
2025-02-10,CNNNews18,39,229,4537,10.239040015427252,1
2025-02-10,TimesNow,9,224,4318,10.119946801062344,1
2025-02-10,RepublicTV,1,203,4511,9.840859575082678,1
2025-02-10,TV9,48,225,4736,9.381048165646126,1
2025-02-10,Asianet,35,210,4539,9.547642603956826,1
2025-02-10,Colors,27,200,4597,10.07313506896723,1
2025-02-10,SonyTV,17,202,4631,9.722050568801244,1
2025-02-10,StarPlus,61,215,4390,10.88622321991943,1
2025-02-10,ZeeCinema,46,230,4349,10.573662555992188,1
2025-02-10,StarMovies,1,237,4913,11.046498629904239,1
2025-02-10,HBO,30,205,4794,10.537905033188645,1
2025-02-10,Discovery,39,239,4720,10.161563536479946,1
2025-02-10,NationalGeographic,22,236,4688,10.540594701744261,1
2025-02-10,AnimalPlanet,7,223,4595,9.856297318798806,1
2025-02-10,HistoryTV18,29,206,4571,10.473975201408985,1
2025-02-10,CartoonNetwork,4,234,4950,9.893916214304712,1
2025-02-10,Pogo,-5,205,4833,10.405010625460086,1
2025-02-10,Nickelodeon,18,211,4473,10.442930874031816,1
2025-02-10,SonyMax,53,218,4611,10.740327199678823,1
2025-02-10,ZeeTelugu,4,207,4825,9.829799449803685,1
2025-02-10,ETV,21,215,4609,9.765947559778313,1
2025-02-10,GeminiTV,42,192,4644,10.611242541531938,1
2025-02-10,MaaTV,56,223,4236,10.108087089425124,1
2025-02-10,UdayaTV,50,229,4523,9.919659869635991,1
2025-02-10,SuryaTV,33,225,4762,10.585905457062182,1
2025-02-10,KTV,11,244,4754,10.101320784456158,1
2025-02-10,JayaTV,51,233,4380,10.642203533702741,1
2025-02-10,RajTV,51,230,4823,9.469342602192087,1
2025-02-10,KalaignarTV,14,213,4664,10.387773296492867,1
2025-02-10,DDNews,31,220,4667,10.135515895121818,1
2025-02-10,DDNational,25,217,4919,10.024391436793298,1
2025-02-10,DDSports,29,210,4748,10.893908713609216,1
2025-02-10,TenSports,3,248,4849,9.71929834278933,1
2025-02-10,StarSports,48,236,4694,10.963172433775929,1
2025-02-10,SonySports,31,199,4613,9.731992111223065,1
2025-02-10,Eurosport,16,216,4748,10.909341248431252,1
2025-02-10,CNBC,52,220,4842,10.824675220076031,1
2025-02-10,BloombergTV,29,227,4845,10.09934501672619,1
2025-02-10,BBCWorld,31,219,4636,10.121414757043768,1
2025-02-10,AlJazeera,19,231,4632,10.152392353196536,1
2025-02-10,France24,19,208,4919,10.27791386193877,1
2025-02-10,VH1,17,235,4633,9.3349730331778,1
2025-02-10,MTV,60,219,4722,10.843303117007343,1
2025-02-11,News24,486,1,911,3.8792147470643896,0
2025-02-11,StarTV,514,7,996,5.0143023779007345,0
2025-02-11,ZeeTV,494,2,1045,4.089261356525021,0
2025-02-11,SunTV,530,16,861,4.099761082781526,0
2025-02-11,ABPNews,520,1,770,4.602115846046983,0
2025-02-11,NDTV,508,13,1076,4.166655435148723,0
2025-02-11,IndiaTV,491,1,639,4.841077644781606,0
2025-02-11,CNNNews18,534,15,691,4.718599976218903,0
2025-02-11,TimesNow,528,1,658,4.153609858208095,0
2025-02-11,RepublicTV,479,5,686,4.083628657819518,0
2025-02-11,TV9,507,9,908,4.2087218047697155,0
2025-02-11,Asianet,522,7,1000,4.254338513475061,0
2025-02-11,Colors,483,7,762,4.201184523952979,0
2025-02-11,SonyTV,478,1,709,3.989567101498949,0
2025-02-11,StarPlus,517,1,978,5.01544727892392,0
2025-02-11,ZeeCinema,491,9,814,4.625642215146257,0
2025-02-11,StarMovies,515,1,938,3.760030246530999,0
2025-02-11,HBO,486,1,716,5.174233735727327,0
2025-02-11,Discovery,518,1,867,4.038575155288982,0
2025-02-11,NationalGeographic,521,15,962,4.500512719253949,0
2025-02-11,AnimalPlanet,485,5,1005,4.4457968083753,0
2025-02-11,HistoryTV18,491,1,652,3.8946096375925454,0
2025-02-11,CartoonNetwork,487,5,844,4.727042160280675,0
2025-02-11,Pogo,475,1,821,3.9293966591365317,0
2025-02-11,Nickelodeon,530,1,860,4.160260468720392,0
2025-02-11,SonyMax,509,1,923,4.106760697821965,0
2025-02-11,ZeeTelugu,523,12,781,3.8798669742867697,0
2025-02-11,ETV,513,3,938,5.020444402999706,0
2025-02-11,GeminiTV,538,1,1058,4.922446310920159,0
2025-02-11,MaaTV,503,13,749,4.986163551813347,0
2025-02-11,UdayaTV,514,1,948,4.491883001539498,0
2025-02-11,SuryaTV,519,1,859,4.840584406784697,0
2025-02-11,KTV,498,1,995,4.162862939887257,0
2025-02-11,JayaTV,478,6,969,5.0960915958601705,0
2025-02-11,RajTV,476,2,829,4.945370156365775,0
2025-02-11,KalaignarTV,519,5,974,4.1521329333056745,0
2025-02-11,DDNews,474,1,773,4.238092291058975,0
2025-02-11,DDNational,494,1,852,3.773912505328794,0
2025-02-11,DDSports,492,1,1042,4.3884149979615295,0
2025-02-11,TenSports,504,1,734,3.9516024116468595,0
2025-02-11,StarSports,477,9,971,4.024881126386379,0
2025-02-11,SonySports,488,1,812,4.713290610430226,0
2025-02-11,Eurosport,507,12,662,4.887651535535772,0
2025-02-11,CNBC,505,6,609,4.351286515011399,0
2025-02-11,BloombergTV,533,1,853,4.5990766698409935,0
2025-02-11,BBCWorld,479,1,887,4.405885944540522,0
2025-02-11,AlJazeera,506,1,611,4.723154527396108,0
2025-02-11,France24,496,1,644,4.867234949042552,0
2025-02-11,VH1,533,1,670,5.018644010080099,0
2025-02-11,MTV,526,14,816,4.552906125680488,0
2025-02-12,News24,1,235,4768,9.837486609187302,1
2025-02-12,StarTV,10,227,4933,9.963572886577872,1
2025-02-12,ZeeTV,42,249,4535,9.594792365825429,1
2025-02-12,SunTV,9,214,4993,10.277101064248983,1
2025-02-12,ABPNews,9,244,4817,10.973623133185784,1
2025-02-12,NDTV,-6,209,4835,10.446949082475497,1
2025-02-12,IndiaTV,45,211,4640,10.506042719814786,1
2025-02-12,CNNNews18,7,240,4743,9.998097870494865,1
2025-02-12,TimesNow,55,212,4500,10.1053218996531,1
2025-02-12,RepublicTV,47,238,4837,9.845261135494884,1
2025-02-12,TV9,20,235,4830,10.999890873079652,1
2025-02-12,Asianet,38,219,4814,10.54930725994665,1
2025-02-12,Colors,12,226,4529,10.70537842680907,1
2025-02-12,SonyTV,26,208,4731,10.538812705137452,1
2025-02-12,StarPlus,19,241,4625,9.83843462201768,1
2025-02-12,ZeeCinema,-6,226,4492,9.701461798435206,1
2025-02-12,StarMovies,-10,214,5147,9.92490710648784,1
2025-02-12,HBO,46,229,4689,9.79204969535561,1
2025-02-12,Discovery,-6,214,4530,10.67410173625102,1
2025-02-12,NationalGeographic,18,243,4439,10.208789915322267,1
2025-02-12,AnimalPlanet,11,216,4746,10.459551328391777,1
2025-02-12,HistoryTV18,34,233,4482,9.996694486327419,1
2025-02-12,CartoonNetwork,6,245,4876,10.706658330804524,1
2025-02-12,Pogo,32,227,5060,9.816735789233423,1
2025-02-12,Nickelodeon,2,205,5103,10.191818325388294,1
2025-02-12,SonyMax,32,245,4660,10.264488925419323,1
2025-02-12,ZeeTelugu,1,219,4532,10.631106385748787,1
2025-02-12,ETV,20,231,4442,9.950632435912953,1
2025-02-12,GeminiTV,-5,203,4707,10.217384432710373,1
2025-02-12,MaaTV,10,213,4843,9.586977251138896,1
2025-02-12,UdayaTV,14,213,4829,10.141959462843754,1
2025-02-12,SuryaTV,-8,239,4444,10.65746285062239,1
2025-02-12,KTV,1,240,4595,10.39595410128935,1
2025-02-12,JayaTV,25,236,4436,10.166563946725061,1
2025-02-12,RajTV,57,231,4352,10.896917264990805,1
2025-02-12,KalaignarTV,4,205,4475,9.897664034852736,1
2025-02-12,DDNews,16,235,4745,9.691147563219397,1
2025-02-12,DDNational,24,211,5001,10.894740483242348,1
2025-02-12,DDSports,15,204,4877,10.678450951260508,1
2025-02-12,TenSports,17,220,4730,9.718843504749744,1
2025-02-12,StarSports,-7,229,4657,10.701769284882337,1
2025-02-12,SonySports,-7,228,4654,9.690805740542901,1
2025-02-12,Eurosport,37,237,4927,10.364575490114813,1
2025-02-12,CNBC,60,224,4507,10.493001918668336,1
2025-02-12,BloombergTV,32,234,4973,10.508876339496855,1
2025-02-12,BBCWorld,22,219,4486,10.80887876741496,1
2025-02-12,AlJazeera,34,216,4399,10.1227937183514,1
2025-02-12,France24,22,212,4568,10.615721946876109,1
2025-02-12,VH1,27,230,5135,9.531258431404884,1
2025-02-12,MTV,23,243,4750,10.72785003183918,1
2025-02-13,News24,552,1,904,5.74503298115156,0
2025-02-13,StarTV,581,1,1012,4.633270339418082,0
2025-02-13,ZeeTV,538,1,838,4.183815863598233,0
2025-02-13,SunTV,555,1,842,4.508807495851023,0
2025-02-13,ABPNews,527,1,794,5.460333178941493,0
2025-02-13,NDTV,580,1,1026,5.060158659292481,0
2025-02-13,IndiaTV,509,1,844,4.459767939393055,0
2025-02-13,CNNNews18,541,1,863,5.5369484518125205,0
2025-02-13,TimesNow,556,11,728,4.588087926862821,0
2025-02-13,RepublicTV,522,1,981,5.346579698510867,0
2025-02-13,TV9,573,1,748,5.047376093765839,0
2025-02-13,Asianet,571,4,1121,5.007131167234482,0
2025-02-13,Colors,568,1,800,4.551069246860116,0
2025-02-13,SonyTV,525,12,770,4.400954040481334,0
2025-02-13,StarPlus,543,1,1128,4.495694686122338,0
2025-02-13,ZeeCinema,559,1,1037,4.36965811036856,0
2025-02-13,StarMovies,527,1,710,5.43114211006363,0
2025-02-13,HBO,540,1,790,5.273796175603352,0
2025-02-13,Discovery,512,13,1091,4.087009182395908,0
2025-02-13,NationalGeographic,534,1,1085,4.889030489780419,0
2025-02-13,AnimalPlanet,553,1,982,4.454112665386619,0
2025-02-13,HistoryTV18,540,1,1163,5.017517248372576,0
2025-02-13,CartoonNetwork,543,1,796,5.531905489917541,0
2025-02-13,Pogo,562,1,925,4.334380782200407,0
2025-02-13,Nickelodeon,572,1,865,4.573082517942223,0
2025-02-13,SonyMax,530,1,993,5.040912508998726,0
2025-02-13,ZeeTelugu,582,10,886,5.1953623684148145,0
2025-02-13,ETV,530,1,727,4.375401018402196,0
2025-02-13,GeminiTV,554,1,756,4.250035918636893,0
2025-02-13,MaaTV,563,1,686,4.736776325294063,0
2025-02-13,UdayaTV,567,1,744,5.601460968048031,0
2025-02-13,SuryaTV,515,1,866,4.020194043588075,0
2025-02-13,KTV,573,1,980,5.211934700445272,0
2025-02-13,JayaTV,563,1,772,4.573647078676909,0
2025-02-13,RajTV,562,1,979,5.375009262568005,0
2025-02-13,KalaignarTV,521,1,1000,4.690960578824059,0
2025-02-13,DDNews,529,1,919,4.68211448260271,0
2025-02-13,DDNational,552,1,844,5.334369196752516,0
2025-02-13,DDSports,535,3,990,5.301331100218017,0
2025-02-13,TenSports,559,1,878,4.752185990523949,0
2025-02-13,StarSports,563,1,1130,4.521351244631267,0
2025-02-13,SonySports,544,1,1146,4.878953867379309,0
2025-02-13,Eurosport,573,1,707,5.348055804332495,0
2025-02-13,CNBC,525,1,856,4.275411153935469,0
2025-02-13,BloombergTV,536,1,1149,4.536708460333133,0
2025-02-13,BBCWorld,570,1,1127,5.381826015124722,0
2025-02-13,AlJazeera,544,1,837,4.712597066289012,0
2025-02-13,France24,554,1,907,5.394778288485537,0
2025-02-13,VH1,520,1,842,5.08942828288658,0
2025-02-13,MTV,526,1,745,5.04855598205753,0
2025-02-14,News24,9,224,4506,10.353281067306598,1
2025-02-14,StarTV,4,231,4789,10.156988977512128,1
2025-02-14,ZeeTV,13,221,4890,10.60519460263997,1
2025-02-14,SunTV,50,233,4664,10.376451695972827,1
2025-02-14,ABPNews,49,215,4526,10.572848068925135,1
2025-02-14,NDTV,22,202,4344,9.447523955481357,1
2025-02-14,IndiaTV,5,210,4733,10.10673280911699,1
2025-02-14,CNNNews18,-13,217,4882,10.171475843747219,1
2025-02-14,TimesNow,56,216,4960,10.431313493086021,1
2025-02-14,RepublicTV,32,231,4529,10.12226596427527,1
2025-02-14,TV9,41,227,4851,9.790413785946642,1
2025-02-14,Asianet,20,234,4809,10.45963536463119,1
2025-02-14,Colors,24,211,4789,10.423196435881238,1
2025-02-14,SonyTV,-1,198,4627,10.060416761873691,1
2025-02-14,StarPlus,28,241,4381,10.314640209532516,1
2025-02-14,ZeeCinema,20,217,4612,9.579505930737188,1
2025-02-14,StarMovies,33,225,4710,9.907800576447459,1
2025-02-14,HBO,-7,226,4512,10.780147806289104,1
2025-02-14,Discovery,54,228,4714,9.328507722614871,1
2025-02-14,NationalGeographic,43,224,4471,9.184745705056248,1
2025-02-14,AnimalPlanet,-5,237,4866,9.964809115826647,1
2025-02-14,HistoryTV18,4,223,4686,9.19494440235017,1
2025-02-14,CartoonNetwork,9,235,4531,10.550214189497344,1
2025-02-14,Pogo,16,239,4540,10.428849076591012,1
2025-02-14,Nickelodeon,49,218,4390,10.088731779279739,1
2025-02-14,SonyMax,38,248,4853,9.43165744248287,1
2025-02-14,ZeeTelugu,-6,219,4828,9.77754084186027,1
2025-02-14,ETV,35,214,4874,10.337543962667004,1
2025-02-14,GeminiTV,14,209,4455,10.39379359877602,1
2025-02-14,MaaTV,3,220,4863,9.919260163921981,1
2025-02-14,UdayaTV,52,199,4651,9.973950705359531,1
2025-02-14,SuryaTV,61,237,4853,10.155521847873498,1
2025-02-14,KTV,46,221,4628,10.010227401584542,1
2025-02-14,JayaTV,41,238,4675,10.557162610755043,1
2025-02-14,RajTV,41,207,4631,9.967645822298362,1
2025-02-14,KalaignarTV,20,203,5033,9.552239047704084,1
2025-02-14,DDNews,37,217,4640,10.523972461909992,1
2025-02-14,DDNational,29,220,4686,10.441890398716964,1
2025-02-14,DDSports,35,233,4885,10.274062956324084,1
2025-02-14,TenSports,27,196,4560,10.590489496870276,1
2025-02-14,StarSports,61,234,4574,9.744995429643827,1
2025-02-14,SonySports,31,205,4752,9.985291954129726,1
2025-02-14,Eurosport,-3,205,4431,10.248076255552009,1
2025-02-14,CNBC,6,221,4515,9.155094284652826,1
2025-02-14,BloombergTV,38,241,4919,9.549455282837334,1
2025-02-14,BBCWorld,30,228,4792,9.815642872436747,1
2025-02-14,AlJazeera,39,224,4411,10.378902602070985,1
2025-02-14,France24,5,220,4889,10.61739131353629,1
2025-02-14,VH1,51,225,4821,10.559821884482378,1
2025-02-14,MTV,41,201,4393,9.622748427360223,1
2025-02-15,News24,537,1,867,4.68654002021714,0
2025-02-15,StarTV,482,1,892,5.4444938937457845,0
2025-02-15,ZeeTV,494,1,704,4.7715886617753585,0
2025-02-15,SunTV,502,1,627,4.535565920333681,0
2025-02-15,ABPNews,498,15,727,3.8776384042858463,0
2025-02-15,NDTV,527,3,1047,5.110733997369686,0
2025-02-15,IndiaTV,545,1,939,4.306712358269325,0
2025-02-15,CNNNews18,539,1,982,4.1549675391541045,0
2025-02-15,TimesNow,532,14,901,3.710981771010463,0
2025-02-15,RepublicTV,546,1,862,5.3819765821716175,0
2025-02-15,TV9,541,2,932,4.486236286318545,0
2025-02-15,Asianet,542,1,710,4.023776628592724,0
2025-02-15,Colors,529,1,819,5.379649589321453,0
2025-02-15,SonyTV,526,12,764,4.352913927355003,0
2025-02-15,StarPlus,528,1,777,4.793449237786946,0
2025-02-15,ZeeCinema,507,1,1168,4.388166471558541,0
2025-02-15,StarMovies,533,3,1063,4.762455060582204,0
2025-02-15,HBO,520,1,1103,4.884110128890308,0
2025-02-15,Discovery,520,1,981,5.553014181752502,0
2025-02-15,NationalGeographic,497,17,933,4.565017157791717,0
2025-02-15,AnimalPlanet,511,1,902,4.138071615290143,0
2025-02-15,HistoryTV18,513,1,931,3.984952306249582,0
2025-02-15,CartoonNetwork,519,1,733,4.550990443966919,0
2025-02-15,Pogo,495,1,693,4.269980641358401,0
2025-02-15,Nickelodeon,515,4,857,4.931332988960688,0
2025-02-15,SonyMax,509,1,1159,5.071048312759461,0
2025-02-15,ZeeTelugu,498,4,794,4.420780143364651,0
2025-02-15,ETV,530,1,927,3.9656688314383652,0
2025-02-15,GeminiTV,518,1,873,5.491887933157634,0
2025-02-15,MaaTV,480,1,772,4.715388934238828,0
2025-02-15,UdayaTV,498,1,945,4.640752207926349,0
2025-02-15,SuryaTV,541,1,1010,5.5588797634631515,0
2025-02-15,KTV,534,1,1049,4.999870729801763,0
2025-02-15,JayaTV,512,11,1027,4.266394799540523,0
2025-02-15,RajTV,533,1,738,4.866827238454826,0
2025-02-15,KalaignarTV,492,4,948,3.8691733410240987,0
2025-02-15,DDNews,523,10,1064,5.458147601838996,0
2025-02-15,DDNational,485,13,914,4.418176707588204,0
2025-02-15,DDSports,532,1,1024,3.9149378793581415,0
2025-02-15,TenSports,538,1,1018,5.0207239434176225,0
2025-02-15,StarSports,543,1,862,4.844078718477886,0
2025-02-15,SonySports,495,1,1007,5.037569610812135,0
2025-02-15,Eurosport,519,1,789,4.983174290133785,0
2025-02-15,CNBC,509,2,798,4.28148130120276,0
2025-02-15,BloombergTV,532,1,953,4.260915549688183,0
2025-02-15,BBCWorld,527,1,942,5.35495057308641,0
2025-02-15,AlJazeera,503,1,984,4.493355280396904,0
2025-02-15,France24,519,18,1073,5.324685373567754,0
2025-02-15,VH1,515,1,705,4.536181742655896,0
2025-02-15,MTV,519,1,966,4.920370768962113,0
2025-02-16,News24,-1,227,4917,10.93084400854166,1
2025-02-16,StarTV,29,214,4838,10.054508349206232,1
2025-02-16,ZeeTV,19,207,4811,10.476280256771192,1
2025-02-16,SunTV,40,201,5130,9.876413726189805,1
2025-02-16,ABPNews,3,227,5124,9.862559596090842,1
2025-02-16,NDTV,2,238,4878,9.693680270815388,1
2025-02-16,IndiaTV,0,218,5107,10.3086001350813,1
2025-02-16,CNNNews18,28,243,4852,10.032626382012857,1
2025-02-16,TimesNow,59,217,4563,10.777082910212208,1
2025-02-16,RepublicTV,17,234,4717,10.12199281240939,1
2025-02-16,TV9,-3,236,5025,10.08975672818959,1
2025-02-16,Asianet,23,216,5116,10.578766163049849,1
2025-02-16,Colors,44,236,4904,9.96769539189447,1
2025-02-16,SonyTV,1,238,4876,9.787592308862175,1
2025-02-16,StarPlus,33,233,4529,10.07755951567429,1
2025-02-16,ZeeCinema,32,236,4630,10.238535919710401,1
2025-02-16,StarMovies,21,221,4802,10.86194700668134,1
2025-02-16,HBO,9,237,4767,10.612353662312323,1
2025-02-16,Discovery,12,227,4645,10.197157271508654,1
2025-02-16,NationalGeographic,41,217,5089,11.114919670529,1
2025-02-16,AnimalPlanet,-3,237,4690,10.402528488768146,1
2025-02-16,HistoryTV18,19,223,4839,9.794847921713071,1
2025-02-16,CartoonNetwork,8,223,4726,10.065659227001023,1
2025-02-16,Pogo,-2,238,5009,11.281798608129158,1
2025-02-16,Nickelodeon,-9,215,4830,11.16110370124413,1
2025-02-16,SonyMax,10,217,5163,9.477676141239513,1
2025-02-16,ZeeTelugu,27,213,5087,10.30040702132598,1
2025-02-16,ETV,18,205,5139,10.6700389522499,1
2025-02-16,GeminiTV,37,245,4408,10.357280654777895,1
2025-02-16,MaaTV,-2,238,4484,11.013453189254012,1
2025-02-16,UdayaTV,6,233,4996,10.744706729191746,1
2025-02-16,SuryaTV,14,226,4503,10.737361755889644,1
2025-02-16,KTV,17,228,4551,11.112103630107452,1
2025-02-16,JayaTV,17,251,4717,11.059184190834992,1
2025-02-16,RajTV,38,230,4721,11.060416686897197,1
2025-02-16,KalaignarTV,-7,218,5057,11.373073831409892,1
2025-02-16,DDNews,12,208,4825,9.956923213317692,1
2025-02-16,DDNational,42,207,4601,10.847352964912965,1
2025-02-16,DDSports,48,207,4838,10.527302781653336,1
2025-02-16,TenSports,49,235,4668,9.621581226999043,1
2025-02-16,StarSports,31,226,4585,10.694680631687886,1
2025-02-16,SonySports,31,204,4718,10.699875580424013,1
2025-02-16,Eurosport,37,218,4591,10.361296436809882,1
2025-02-16,CNBC,23,236,4957,9.959150616917901,1
2025-02-16,BloombergTV,37,227,4954,10.049175890083406,1
2025-02-16,BBCWorld,-1,220,4782,10.874522783136957,1
2025-02-16,AlJazeera,11,207,4532,10.339623399018667,1
2025-02-16,France24,21,248,5030,9.959423061297278,1
2025-02-16,VH1,-2,244,5101,11.088472926338598,1
2025-02-16,MTV,-14,243,4870,10.527636621400413,1
2025-02-17,News24,524,1,1124,5.189641925490464,0
2025-02-17,StarTV,556,5,1189,4.936808767689179,0
2025-02-17,ZeeTV,534,5,1098,5.3415939419660985,0
2025-02-17,SunTV,568,1,816,4.669627283471307,0
2025-02-17,ABPNews,567,1,846,4.373010387375778,0
2025-02-17,NDTV,570,3,969,4.415984871744274,0
2025-02-17,IndiaTV,534,1,969,5.2372783757755075,0
2025-02-17,CNNNews18,540,1,904,4.567901013684557,0
2025-02-17,TimesNow,539,1,1142,5.334137109068204,0
2025-02-17,RepublicTV,557,1,1084,5.473983066209005,0
2025-02-17,TV9,545,1,741,4.956596957309871,0
2025-02-17,Asianet,535,1,973,4.770369311392341,0
2025-02-17,Colors,523,1,1153,4.446225482725528,0
2025-02-17,SonyTV,540,1,919,5.023058152711439,0
2025-02-17,StarPlus,532,1,864,4.893665989591422,0
2025-02-17,ZeeCinema,552,1,1116,5.620465794713866,0
2025-02-17,StarMovies,543,10,1222,4.9978285611083795,0
2025-02-17,HBO,545,4,1004,5.777041011201988,0
2025-02-17,Discovery,539,1,858,4.304550556386185,0
2025-02-17,NationalGeographic,533,1,1203,5.0659235106927065,0
2025-02-17,AnimalPlanet,572,1,1001,4.278422048970233,0
2025-02-17,HistoryTV18,559,1,1081,5.229359806438604,0
2025-02-17,CartoonNetwork,573,9,846,5.03187656850001,0
2025-02-17,Pogo,570,1,896,5.48617328621106,0
2025-02-17,Nickelodeon,527,2,808,4.57808446536377,0
2025-02-17,SonyMax,580,1,844,5.526356572968082,0
2025-02-17,ZeeTelugu,533,1,760,5.281632832970043,0
2025-02-17,ETV,537,1,1020,5.594678767687789,0
2025-02-17,GeminiTV,557,1,908,4.4917460048539795,0
2025-02-17,MaaTV,562,1,809,4.788146391447418,0
2025-02-17,UdayaTV,551,1,776,4.384358301985316,0
2025-02-17,SuryaTV,536,1,1101,5.043778062593028,0
2025-02-17,KTV,574,1,1011,4.88051459049158,0
2025-02-17,JayaTV,555,1,1078,5.380574020774899,0
2025-02-17,RajTV,578,1,1135,4.643580671607951,0
2025-02-17,KalaignarTV,560,1,1146,4.9811704303219475,0
2025-02-17,DDNews,563,1,806,4.611536282513751,0
2025-02-17,DDNational,539,1,1033,5.727215812098022,0
2025-02-17,DDSports,521,1,1221,4.595954835506724,0
2025-02-17,TenSports,583,1,830,4.374175444510936,0
2025-02-17,StarSports,569,1,984,4.956398910011507,0
2025-02-17,SonySports,543,1,822,4.233904733447609,0
2025-02-17,Eurosport,562,1,1117,4.451179083337006,0
2025-02-17,CNBC,546,1,881,5.336766926354759,0
2025-02-17,BloombergTV,550,1,881,4.650717087329723,0
2025-02-17,BBCWorld,569,1,904,4.343381598544469,0
2025-02-17,AlJazeera,554,1,842,5.197815797489042,0
2025-02-17,France24,529,1,1161,5.215636433173034,0
2025-02-17,VH1,543,1,732,4.672485029638054,0
2025-02-17,MTV,562,10,1038,4.985457589746012,0
2025-02-18,News24,25,220,4759,9.80999468646399,1
2025-02-18,StarTV,17,230,4457,9.830857342632678,1
2025-02-18,ZeeTV,50,247,4959,10.598375653686364,1
2025-02-18,SunTV,14,227,4828,9.93361693656229,1
2025-02-18,ABPNews,50,236,4565,10.392393940892028,1
2025-02-18,NDTV,27,229,4403,10.660484960641712,1
2025-02-18,IndiaTV,46,207,4977,9.916471544035021,1
2025-02-18,CNNNews18,29,239,4774,10.182236654563098,1
2025-02-18,TimesNow,46,229,4727,10.223604462946458,1
2025-02-18,RepublicTV,30,245,4437,9.346936357257585,1
2025-02-18,TV9,12,222,4586,10.290565579683589,1
2025-02-18,Asianet,43,222,4764,10.682405578320445,1
2025-02-18,Colors,56,227,4752,9.94063428294064,1
2025-02-18,SonyTV,13,211,4896,9.669630481194307,1
2025-02-18,StarPlus,18,248,4522,10.318918012612578,1
2025-02-18,ZeeCinema,38,200,4446,9.72970840462316,1
2025-02-18,StarMovies,11,229,4736,9.667837924166045,1
2025-02-18,HBO,6,246,4848,10.041394560172808,1
2025-02-18,Discovery,24,222,4710,9.212844063171543,1
2025-02-18,NationalGeographic,39,228,4544,10.388977243934665,1
2025-02-18,AnimalPlanet,28,211,4661,10.075739732364854,1
2025-02-18,HistoryTV18,30,233,4444,9.70701529235127,1
2025-02-18,CartoonNetwork,7,239,4879,10.489536879560747,1
2025-02-18,Pogo,-7,242,4811,9.53114792065727,1
2025-02-18,Nickelodeon,28,232,4534,10.759129919502868,1
2025-02-18,SonyMax,30,238,4761,10.279758145528596,1
2025-02-18,ZeeTelugu,39,211,4853,10.141067653610744,1
2025-02-18,ETV,37,205,4925,10.004595588618422,1
2025-02-18,GeminiTV,2,223,5030,10.801090726094865,1
2025-02-18,MaaTV,19,215,4641,9.854630661089843,1
2025-02-18,UdayaTV,-2,238,4329,10.694532145443523,1
2025-02-18,SuryaTV,29,243,4829,9.72468606623976,1
2025-02-18,KTV,24,241,4827,10.031282520354731,1
2025-02-18,JayaTV,39,227,4754,11.035197102865602,1
2025-02-18,RajTV,-10,250,4762,10.729702965867663,1
2025-02-18,KalaignarTV,29,225,4643,10.388738515501501,1
2025-02-18,DDNews,16,247,4941,9.31245326447174,1
2025-02-18,DDNational,3,222,4924,9.61934082906589,1
2025-02-18,DDSports,9,235,4497,10.306688360619836,1
2025-02-18,TenSports,43,222,4624,9.449623880783136,1
2025-02-18,StarSports,45,232,4776,9.782538487877368,1
2025-02-18,SonySports,3,239,5033,9.856003651265553,1
2025-02-18,Eurosport,21,230,4705,10.078270107786603,1
2025-02-18,CNBC,6,203,4763,10.561396389303383,1
2025-02-18,BloombergTV,27,227,4474,9.567034868585845,1
2025-02-18,BBCWorld,34,242,4851,10.026334852292294,1
2025-02-18,AlJazeera,23,241,4856,10.792289313670409,1
2025-02-18,France24,-2,206,4498,9.928349873778998,1
2025-02-18,VH1,26,208,4652,10.14050544388863,1
2025-02-18,MTV,54,218,5002,9.486232849382256,1
2025-02-19,News24,514,1,1055,4.7072174470228765,0
2025-02-19,StarTV,513,3,1029,4.83694374115236,0
2025-02-19,ZeeTV,536,1,775,4.203644469261924,0
2025-02-19,SunTV,541,9,952,5.035197705886165,0
2025-02-19,ABPNews,557,12,1161,4.045445002098038,0
2025-02-19,NDTV,538,1,952,4.175150582844545,0
2025-02-19,IndiaTV,535,7,689,4.260076083531351,0
2025-02-19,CNNNews18,495,1,806,5.339810977918081,0
2025-02-19,TimesNow,541,1,797,4.346482402362731,0
2025-02-19,RepublicTV,518,1,791,4.0973949032644175,0
2025-02-19,TV9,526,1,741,3.897032944963711,0
2025-02-19,Asianet,542,1,1060,4.507864540769326,0
2025-02-19,Colors,508,1,721,4.62737658205594,0
2025-02-19,SonyTV,537,1,935,5.380246390273023,0
2025-02-19,StarPlus,508,4,1025,4.5947945284430025,0
2025-02-19,ZeeCinema,517,1,1001,4.4393044504010835,0
2025-02-19,StarMovies,517,10,1112,4.181806576329425,0
2025-02-19,HBO,512,1,811,4.2186545867264735,0
2025-02-19,Discovery,552,1,929,3.902620179978302,0
2025-02-19,NationalGeographic,501,3,881,5.013013691327287,0
2025-02-19,AnimalPlanet,518,6,938,5.409251853092152,0
2025-02-19,HistoryTV18,527,1,1055,4.565233380335809,0
2025-02-19,CartoonNetwork,524,1,1028,4.520187948155488,0
2025-02-19,Pogo,518,1,857,4.343265251295575,0
2025-02-19,Nickelodeon,530,7,910,4.937428196704598,0
2025-02-19,SonyMax,511,1,1082,4.896271826931683,0
2025-02-19,ZeeTelugu,518,1,991,4.461470808159087,0
2025-02-19,ETV,509,12,755,4.341490905141794,0
2025-02-19,GeminiTV,496,1,836,4.489224851227141,0
2025-02-19,MaaTV,496,1,1135,5.113100943515547,0
2025-02-19,UdayaTV,500,1,902,4.403899795449419,0
2025-02-19,SuryaTV,537,9,904,4.845529535768003,0
2025-02-19,KTV,520,1,985,3.7209502486142148,0
2025-02-19,JayaTV,547,1,759,3.871708737112356,0
2025-02-19,RajTV,517,15,678,3.9399873237186527,0
2025-02-19,KalaignarTV,500,1,654,4.522935385443653,0
2025-02-19,DDNews,506,3,687,4.242954708613362,0
2025-02-19,DDNational,516,1,783,3.610054717684304,0
2025-02-19,DDSports,536,1,1029,4.390595949378189,0
2025-02-19,TenSports,518,1,1044,4.555047563045515,0
2025-02-19,StarSports,540,1,957,4.346321832673896,0
2025-02-19,SonySports,539,1,1062,3.8291786300488675,0
2025-02-19,Eurosport,503,5,720,5.398325676237612,0
2025-02-19,CNBC,505,2,1102,4.613327095790015,0
2025-02-19,BloombergTV,533,1,726,4.251178781417006,0
2025-02-19,BBCWorld,520,3,784,4.975403431613334,0
2025-02-19,AlJazeera,510,1,754,5.205885366502548,0
2025-02-19,France24,534,1,866,4.906842316402453,0
2025-02-19,VH1,499,1,677,3.678614870831593,0
2025-02-19,MTV,524,13,970,4.754350460660674,0
2025-02-20,News24,2,217,5174,11.207585192948988,1
2025-02-20,StarTV,13,236,4637,10.866034280304593,1
2025-02-20,ZeeTV,52,230,4695,9.753714548966748,1
2025-02-20,SunTV,5,246,4796,9.914612499302047,1
2025-02-20,ABPNews,7,202,5229,9.78788556430702,1
2025-02-20,NDTV,4,214,5128,10.599499107635102,1
2025-02-20,IndiaTV,2,236,4772,10.348617248089699,1
2025-02-20,CNNNews18,58,244,5087,10.028040738446183,1
2025-02-20,TimesNow,10,229,5041,9.845282084126582,1
2025-02-20,RepublicTV,1,233,4936,11.484620310481136,1
2025-02-20,TV9,2,213,4981,10.200772429508497,1
2025-02-20,Asianet,15,254,4589,10.295692439592441,1
2025-02-20,Colors,6,229,4657,11.291412949337381,1
2025-02-20,SonyTV,35,247,4936,10.064290053119576,1
2025-02-20,StarPlus,25,244,4882,10.604894631039112,1
2025-02-20,ZeeCinema,44,244,4941,9.987259238994826,1
2025-02-20,StarMovies,2,247,4963,11.216084936412033,1
2025-02-20,HBO,41,252,4689,10.292885281314204,1
2025-02-20,Discovery,15,241,5033,10.212460808888947,1
2025-02-20,NationalGeographic,22,223,5032,9.737193709793596,1
2025-02-20,AnimalPlanet,-1,219,5028,10.478456317144918,1
2025-02-20,HistoryTV18,27,251,4577,10.718163935011022,1
2025-02-20,CartoonNetwork,-3,249,4956,10.165036406097657,1
2025-02-20,Pogo,8,237,4978,10.577333206332392,1
2025-02-20,Nickelodeon,35,231,4772,10.146519652437986,1
2025-02-20,SonyMax,-18,242,4712,9.750249589684998,1
2025-02-20,ZeeTelugu,31,222,4522,10.30202234604309,1
2025-02-20,ETV,-5,244,4842,9.922021093463659,1
2025-02-20,GeminiTV,33,222,4760,10.973356157156761,1
2025-02-20,MaaTV,23,230,5176,11.118074196694401,1
2025-02-20,UdayaTV,40,206,5105,10.087063283515317,1
2025-02-20,SuryaTV,32,213,4845,10.352410062207156,1
2025-02-20,KTV,51,219,5079,11.196378212821948,1
2025-02-20,JayaTV,0,251,4872,10.605938005986316,1
2025-02-20,RajTV,51,223,4959,9.682655907841692,1
2025-02-20,KalaignarTV,10,201,5156,9.966873464246307,1
2025-02-20,DDNews,-3,227,4628,11.205877240233761,1
2025-02-20,DDNational,44,248,4652,10.686113378499826,1
2025-02-20,DDSports,40,240,4719,11.307592539566105,1
2025-02-20,TenSports,38,245,4548,10.216735252330503,1
2025-02-20,StarSports,10,247,4988,10.811304960735104,1
2025-02-20,SonySports,51,209,4503,10.807117479402468,1
2025-02-20,Eurosport,-3,249,4863,10.682932843209388,1
2025-02-20,CNBC,6,246,5117,10.18804600069892,1
2025-02-20,BloombergTV,4,243,5082,10.569993793312918,1
2025-02-20,BBCWorld,39,247,5055,11.464028034616497,1
2025-02-20,AlJazeera,6,224,4956,11.217484959573884,1
2025-02-20,France24,27,218,4968,11.236811507959425,1
2025-02-20,VH1,35,241,4895,11.147304677456402,1
2025-02-20,MTV,-1,219,4684,11.162748238906062,1
2025-02-21,News24,570,10,817,5.304308660620381,0
2025-02-21,StarTV,546,1,839,5.004700503632483,0
2025-02-21,ZeeTV,592,1,914,5.096874719184678,0
2025-02-21,SunTV,559,7,1124,5.019412782716052,0
2025-02-21,ABPNews,561,1,891,5.341361136266169,0
2025-02-21,NDTV,588,1,995,5.310187366975429,0
2025-02-21,IndiaTV,546,1,823,4.472251624549681,0
2025-02-21,CNNNews18,553,1,971,5.530444699305121,0
2025-02-21,TimesNow,585,1,811,5.719513335045917,0
2025-02-21,RepublicTV,581,1,1072,5.412381236262777,0
2025-02-21,TV9,557,1,1263,4.9496038365002075,0
2025-02-21,Asianet,569,1,776,4.542104498711559,0
2025-02-21,Colors,594,1,1117,5.572529015192829,0
2025-02-21,SonyTV,565,1,949,4.932604230991728,0
2025-02-21,StarPlus,593,1,781,5.4393081161827315,0
2025-02-21,ZeeCinema,596,1,766,5.370426166750991,0
2025-02-21,StarMovies,555,6,1058,5.4710975365868375,0
2025-02-21,HBO,577,1,894,5.064885740764863,0
2025-02-21,Discovery,558,1,948,5.494200767262742,0
2025-02-21,NationalGeographic,585,1,984,5.4289653195076,0
2025-02-21,AnimalPlanet,584,1,1002,5.232100068668571,0
2025-02-21,HistoryTV18,556,1,1035,4.671663689949927,0
2025-02-21,CartoonNetwork,540,1,1046,4.663603122076385,0
2025-02-21,Pogo,562,1,883,5.480392007245544,0
2025-02-21,Nickelodeon,533,1,979,5.430742673970815,0
2025-02-21,SonyMax,589,5,907,5.415389455806234,0
2025-02-21,ZeeTelugu,544,2,900,5.1832200591335145,0
2025-02-21,ETV,554,1,1092,5.452843660678431,0
2025-02-21,GeminiTV,543,1,1180,5.272299694480764,0
2025-02-21,MaaTV,586,1,957,4.82696695214647,0
2025-02-21,UdayaTV,559,1,790,4.926991241063213,0
2025-02-21,SuryaTV,598,1,883,5.270510322161882,0
2025-02-21,KTV,574,9,1179,4.68519680488789,0
2025-02-21,JayaTV,571,1,874,4.683490039281891,0
2025-02-21,RajTV,536,1,989,5.539628081080401,0
2025-02-21,KalaignarTV,576,1,995,4.929709313197179,0
2025-02-21,DDNews,567,1,923,4.450834530868439,0
2025-02-21,DDNational,597,1,930,5.610603857345264,0
2025-02-21,DDSports,544,2,969,4.614612326200643,0
2025-02-21,TenSports,567,1,1133,4.577603932926022,0
2025-02-21,StarSports,569,1,1051,5.602781211753049,0
2025-02-21,SonySports,537,1,1004,4.748853661130463,0
2025-02-21,Eurosport,558,3,895,4.964601340066903,0
2025-02-21,CNBC,532,1,821,4.925272743137443,0
2025-02-21,BloombergTV,586,1,962,5.859411801123097,0
2025-02-21,BBCWorld,582,1,890,5.115631622151316,0
2025-02-21,AlJazeera,570,1,803,5.420446227355487,0
2025-02-21,France24,591,1,728,4.726464841033993,0
2025-02-21,VH1,530,1,862,4.719290643973313,0
2025-02-21,MTV,563,1,975,4.6112392111287415,0
2025-02-22,News24,12,213,5118,10.684257074963073,1
2025-02-22,StarTV,15,209,4743,10.192457595637457,1
2025-02-22,ZeeTV,30,225,5119,10.278013748517303,1
2025-02-22,SunTV,50,233,4963,10.22059585123578,1
2025-02-22,ABPNews,-8,234,4536,9.860205902299196,1
2025-02-22,NDTV,1,214,4571,10.59833115663989,1
2025-02-22,IndiaTV,16,247,4898,10.693454246388363,1
2025-02-22,CNNNews18,10,221,4564,10.26204584548551,1
2025-02-22,TimesNow,33,216,4760,10.494376383048214,1
2025-02-22,RepublicTV,4,221,4983,9.46920643691921,1
2025-02-22,TV9,-8,238,4819,10.229653352366947,1
2025-02-22,Asianet,48,224,4527,10.001761114351117,1
2025-02-22,Colors,-15,218,4727,10.416134377390154,1
2025-02-22,SonyTV,60,212,4670,10.720900941554083,1
2025-02-22,StarPlus,20,238,4832,10.894107958817846,1
2025-02-22,ZeeCinema,19,227,4915,10.359375585042478,1
2025-02-22,StarMovies,23,241,4678,9.839385036381344,1
2025-02-22,HBO,49,222,4980,9.998783625536385,1
2025-02-22,Discovery,37,222,4527,10.537500556684611,1
2025-02-22,NationalGeographic,9,240,5140,10.357737147103093,1
2025-02-22,AnimalPlanet,31,227,4878,9.738200567351686,1
2025-02-22,HistoryTV18,-17,236,4527,10.36130178647032,1
2025-02-22,CartoonNetwork,5,208,4831,9.583949645341159,1
2025-02-22,Pogo,45,232,4924,10.492365529426564,1
2025-02-22,Nickelodeon,8,213,4783,10.73692980379691,1
2025-02-22,SonyMax,53,218,4676,10.832820580641766,1
2025-02-22,ZeeTelugu,8,238,4745,10.369346809433104,1
2025-02-22,ETV,34,232,4902,9.725134444352284,1
2025-02-22,GeminiTV,31,221,4484,10.509191379029241,1
2025-02-22,MaaTV,15,229,5008,9.98545402465929,1
2025-02-22,UdayaTV,37,218,4884,10.539588295965155,1
2025-02-22,SuryaTV,38,213,4627,9.88072835768397,1
2025-02-22,KTV,51,228,4444,10.032200886975717,1
2025-02-22,JayaTV,50,216,4737,9.662736925425126,1
2025-02-22,RajTV,18,220,5009,9.794597313286264,1
2025-02-22,KalaignarTV,-4,210,4885,10.55301074588653,1
2025-02-22,DDNews,45,235,4877,10.467583987832548,1
2025-02-22,DDNational,24,240,4745,10.241752308069106,1
2025-02-22,DDSports,10,217,5035,9.446028447711642,1
2025-02-22,TenSports,-16,246,4866,10.7017549018731,1
2025-02-22,StarSports,5,235,4995,9.463151729428514,1
2025-02-22,SonySports,15,246,4473,10.070963348010212,1
2025-02-22,Eurosport,7,237,4679,10.73698704497013,1
2025-02-22,CNBC,29,217,4587,10.332331437521452,1
2025-02-22,BloombergTV,25,246,4881,10.54028702046485,1
2025-02-22,BBCWorld,7,225,5007,10.702108749956807,1
2025-02-22,AlJazeera,-10,213,4543,10.78261310287345,1
2025-02-22,France24,5,237,4660,10.023666269166991,1
2025-02-22,VH1,0,232,4972,9.346744029381174,1
2025-02-22,MTV,26,246,4818,9.770965730327292,1
2025-02-23,News24,522,1,691,4.115537620961672,0
2025-02-23,StarTV,533,1,954,5.184217955653649,0
2025-02-23,ZeeTV,552,1,846,4.577530566407409,0
2025-02-23,SunTV,538,11,673,4.9995531139445175,0
2025-02-23,ABPNews,565,1,1016,4.682752749833092,0
2025-02-23,NDTV,521,5,898,5.36122049873673,0
2025-02-23,IndiaTV,508,1,1110,4.4346107313686804,0
2025-02-23,CNNNews18,522,1,873,5.3550245454752465,0
2025-02-23,TimesNow,550,2,997,5.029114754415142,0
2025-02-23,RepublicTV,549,7,1064,4.656573623216951,0
2025-02-23,TV9,500,1,1143,4.757822870289819,0
2025-02-23,Asianet,547,3,673,5.109936144886137,0
2025-02-23,Colors,520,1,725,4.828994505626762,0
2025-02-23,SonyTV,539,2,965,5.6082299190386316,0
2025-02-23,StarPlus,524,1,989,4.832188616790722,0
2025-02-23,ZeeCinema,555,1,994,4.992658214032495,0
2025-02-23,StarMovies,513,1,805,5.057109854173988,0
2025-02-23,HBO,531,1,1026,5.250950975392451,0
2025-02-23,Discovery,538,1,1049,5.171939601434503,0
2025-02-23,NationalGeographic,555,1,813,4.435690914895656,0
2025-02-23,AnimalPlanet,508,1,1100,4.58113745094702,0
2025-02-23,HistoryTV18,546,1,825,5.014221988237043,0
2025-02-23,CartoonNetwork,554,6,720,5.107573252928614,0
2025-02-23,Pogo,505,1,1187,4.336778657013592,0
2025-02-23,Nickelodeon,527,2,837,4.1411198881915166,0
2025-02-23,SonyMax,540,1,954,5.224199750450525,0
2025-02-23,ZeeTelugu,532,4,1093,5.212343684937378,0
2025-02-23,ETV,536,1,918,4.765022818466655,0
2025-02-23,GeminiTV,512,1,820,4.540349837947303,0
2025-02-23,MaaTV,566,1,806,4.227283104071506,0
2025-02-23,UdayaTV,535,1,870,4.451600840933272,0
2025-02-23,SuryaTV,518,7,1001,4.898650138948982,0
2025-02-23,KTV,554,1,984,4.404841325348239,0
2025-02-23,JayaTV,519,1,829,5.486947936716437,0
2025-02-23,RajTV,540,1,989,5.042871817259212,0
2025-02-23,KalaignarTV,520,2,1143,5.13296392283721,0
2025-02-23,DDNews,541,1,836,4.780386132347236,0
2025-02-23,DDNational,535,6,1120,4.338025850842555,0
2025-02-23,DDSports,521,3,902,4.619434445778056,0
2025-02-23,TenSports,542,1,1037,4.659340666459392,0
2025-02-23,StarSports,553,1,940,4.493009141787561,0
2025-02-23,SonySports,519,1,803,5.13291990858867,0
2025-02-23,Eurosport,552,5,883,4.988085166380776,0
2025-02-23,CNBC,544,1,923,5.262635158885643,0
2025-02-23,BloombergTV,559,1,885,4.753093233212022,0
2025-02-23,BBCWorld,543,1,782,5.225775656810602,0
2025-02-23,AlJazeera,527,5,1047,4.369486291556866,0
2025-02-23,France24,546,1,1050,5.002660952990956,0
2025-02-23,VH1,549,11,889,4.475048542019478,0
2025-02-23,MTV,515,1,945,4.643080979016525,0
2025-02-24,News24,-18,247,5082,11.25538526036063,1
2025-02-24,StarTV,25,220,5155,11.06777834091629,1
2025-02-24,ZeeTV,54,253,4906,9.951877915332414,1
2025-02-24,SunTV,14,247,4651,10.687492507881634,1
2025-02-24,ABPNews,15,242,5181,10.907559604476523,1
2025-02-24,NDTV,37,239,4861,10.20114151589167,1
2025-02-24,IndiaTV,4,255,4891,10.851045209272915,1
2025-02-24,CNNNews18,36,227,4722,10.208762756879702,1
2025-02-24,TimesNow,46,218,5106,10.748793525232777,1
2025-02-24,RepublicTV,15,245,4837,10.29130369877695,1
2025-02-24,TV9,55,232,4712,10.679033877227551,1
2025-02-24,Asianet,29,243,5073,10.232871015301116,1
2025-02-24,Colors,-5,217,5043,10.180054581085693,1
2025-02-24,SonyTV,7,237,4809,11.248201534827452,1
2025-02-24,StarPlus,43,249,4766,10.806477222424093,1
2025-02-24,ZeeCinema,17,222,5022,10.720927810758857,1
2025-02-24,StarMovies,-18,221,4748,9.824803268142789,1
2025-02-24,HBO,35,250,4765,9.769262771628323,1
2025-02-24,Discovery,-10,250,4805,9.568887603310873,1
2025-02-24,NationalGeographic,4,244,4881,9.984414074919066,1
2025-02-24,AnimalPlanet,19,217,5092,9.994719660800788,1
2025-02-24,HistoryTV18,38,219,4851,10.908355236862832,1
2025-02-24,CartoonNetwork,24,225,5139,10.014880107717053,1
2025-02-24,Pogo,49,240,4931,10.368165791214794,1
2025-02-24,Nickelodeon,21,244,5018,10.060811775002348,1
2025-02-24,SonyMax,-2,242,5017,10.47316142653299,1
2025-02-24,ZeeTelugu,-10,244,4855,10.203374872953098,1
2025-02-24,ETV,33,247,5209,10.660997438258992,1
2025-02-24,GeminiTV,8,249,4681,10.34060951498416,1
2025-02-24,MaaTV,-6,236,4797,10.691982397902716,1
2025-02-24,UdayaTV,23,223,4886,11.168804560273081,1
2025-02-24,SuryaTV,22,232,4887,11.054466061032688,1
2025-02-24,KTV,11,228,4707,10.161052499955444,1
2025-02-24,JayaTV,8,248,4954,11.016328658919965,1
2025-02-24,RajTV,41,223,4854,10.238672779074514,1
2025-02-24,KalaignarTV,-1,217,4836,9.89154751883779,1
2025-02-24,DDNews,-6,211,5000,10.796108848988315,1
2025-02-24,DDNational,-24,233,4882,10.097941719600259,1
2025-02-24,DDSports,-20,208,4905,10.263875398497571,1
2025-02-24,TenSports,21,224,4783,10.705513879176179,1
2025-02-24,StarSports,-5,250,4826,10.527253885344397,1
2025-02-24,SonySports,9,216,4883,10.275451499796132,1
2025-02-24,Eurosport,35,219,4959,9.971636008154618,1
2025-02-24,CNBC,10,239,4640,9.749712064254044,1
2025-02-24,BloombergTV,40,235,5051,10.191160667981194,1
2025-02-24,BBCWorld,-15,204,4769,10.774212183003963,1
2025-02-24,AlJazeera,-19,218,4859,9.778381950875803,1
2025-02-24,France24,-7,213,4990,10.400377685909236,1
2025-02-24,VH1,7,217,4680,9.656491483137005,1
2025-02-24,MTV,2,230,5176,9.89627975695651,1
2025-02-25,News24,595,1,1258,4.67977573965259,0
2025-02-25,StarTV,552,1,1078,5.783746788796634,0
2025-02-25,ZeeTV,571,1,926,5.113161164913809,0
2025-02-25,SunTV,588,1,798,5.095354438517468,0
2025-02-25,ABPNews,593,1,1163,5.2271866154232285,0
2025-02-25,NDTV,576,1,775,5.777890373862439,0
2025-02-25,IndiaTV,579,1,1041,5.760629830733522,0
2025-02-25,CNNNews18,602,1,866,5.21219820088985,0
2025-02-25,TimesNow,571,1,1024,5.733469145661488,0
2025-02-25,RepublicTV,567,1,1117,6.138050398456179,0
2025-02-25,TV9,565,1,1075,4.568841595011533,0
2025-02-25,Asianet,598,1,811,5.526526485891287,0
2025-02-25,Colors,559,1,987,5.492052501110016,0
2025-02-25,SonyTV,564,1,988,4.63805189759684,0
2025-02-25,StarPlus,549,1,910,5.126380589572812,0
2025-02-25,ZeeCinema,599,1,944,4.948723777264379,0
2025-02-25,StarMovies,583,1,941,4.822421016354727,0
2025-02-25,HBO,562,2,1050,5.837718257172228,0
2025-02-25,Discovery,608,1,1146,4.694611796961306,0
2025-02-25,NationalGeographic,562,1,1230,4.365910251512771,0
2025-02-25,AnimalPlanet,585,1,916,4.657397434091219,0
2025-02-25,HistoryTV18,559,1,1173,5.339955430992833,0
2025-02-25,CartoonNetwork,557,1,1211,4.816013772322971,0
2025-02-25,Pogo,579,1,800,4.833663417978142,0
2025-02-25,Nickelodeon,563,1,1247,5.585432534129267,0
2025-02-25,SonyMax,554,1,1033,4.867819515090978,0
2025-02-25,ZeeTelugu,545,6,798,5.270194494457942,0
2025-02-25,ETV,591,7,1035,4.983325694222763,0
2025-02-25,GeminiTV,593,1,900,4.670289713868528,0
2025-02-25,MaaTV,575,4,1109,4.876567212880713,0
2025-02-25,UdayaTV,592,1,876,4.607288937945962,0
2025-02-25,SuryaTV,559,3,1072,5.0928951181089435,0
2025-02-25,KTV,595,1,815,5.6730370940661174,0
2025-02-25,JayaTV,581,2,945,5.2670474089979304,0
2025-02-25,RajTV,600,1,1146,4.743631096914472,0
2025-02-25,KalaignarTV,581,1,972,5.4297267641757605,0
2025-02-25,DDNews,590,1,824,4.799442418411808,0
2025-02-25,DDNational,561,1,1150,5.331754346251613,0
2025-02-25,DDSports,606,1,1069,4.933640332625197,0
2025-02-25,TenSports,579,1,1239,4.976294813746591,0
2025-02-25,StarSports,574,1,1157,5.084438012604092,0
2025-02-25,SonySports,546,1,1181,4.99796173449773,0
2025-02-25,Eurosport,575,5,1024,5.558269015046554,0
2025-02-25,CNBC,557,1,1066,5.762736633869672,0
2025-02-25,BloombergTV,587,1,965,5.446638635996352,0
2025-02-25,BBCWorld,542,1,1196,5.0799229582155885,0
2025-02-25,AlJazeera,544,1,981,5.319416994429364,0
2025-02-25,France24,559,1,882,5.713835657230679,0
2025-02-25,VH1,540,1,1077,5.465736130426451,0
2025-02-25,MTV,546,1,1089,5.374685549468392,0
2025-02-26,News24,36,204,4846,9.733457426229563,1
2025-02-26,StarTV,12,217,4649,10.1656427518988,1
2025-02-26,ZeeTV,39,239,4903,10.790059098353614,1
2025-02-26,SunTV,58,255,4510,9.865394419699703,1
2025-02-26,ABPNews,17,213,5172,10.192338668163252,1
2025-02-26,NDTV,-1,254,4729,10.611734994898965,1
2025-02-26,IndiaTV,-19,235,5126,10.587781606045722,1
2025-02-26,CNNNews18,44,210,4757,9.987733431769461,1
2025-02-26,TimesNow,25,212,4953,10.91942019864188,1
2025-02-26,RepublicTV,-10,250,4985,10.46837177592706,1
2025-02-26,TV9,26,230,5000,10.687659656533532,1
2025-02-26,Asianet,37,209,4976,10.136536926735474,1
2025-02-26,Colors,5,212,4969,11.036471875662793,1
2025-02-26,SonyTV,25,209,4492,9.912997230485272,1
2025-02-26,StarPlus,0,228,5024,10.689807135053613,1
2025-02-26,ZeeCinema,18,247,4806,10.246543556622337,1
2025-02-26,StarMovies,5,209,4804,10.08713261031189,1
2025-02-26,HBO,18,233,4429,10.98727797536978,1
2025-02-26,Discovery,33,238,5062,10.917424381287889,1
2025-02-26,NationalGeographic,29,217,4923,10.56414674362301,1
2025-02-26,AnimalPlanet,38,214,4478,9.638590930830237,1
2025-02-26,HistoryTV18,32,220,4975,10.418718395660523,1
2025-02-26,CartoonNetwork,55,221,4710,10.961032565023803,1
2025-02-26,Pogo,23,233,4952,10.997523946468016,1
2025-02-26,Nickelodeon,20,221,4559,10.681095010868768,1
2025-02-26,SonyMax,53,239,4960,10.443378821218007,1
2025-02-26,ZeeTelugu,25,224,5061,10.95396999218706,1
2025-02-26,ETV,30,238,4940,9.90166074164415,1
2025-02-26,GeminiTV,12,229,4901,10.481310920743418,1
2025-02-26,MaaTV,16,234,4793,9.885454498067812,1
2025-02-26,UdayaTV,5,233,4833,10.599024959739452,1
2025-02-26,SuryaTV,18,209,4799,10.23362240753443,1
2025-02-26,KTV,-14,246,4795,10.525669804745567,1
2025-02-26,JayaTV,27,253,4829,10.257149228787563,1
2025-02-26,RajTV,-5,250,4990,11.16041486643216,1
2025-02-26,KalaignarTV,7,231,5038,10.858187049421419,1
2025-02-26,DDNews,-4,232,4716,10.816353924791375,1
2025-02-26,DDNational,33,221,5194,10.395174168578516,1
2025-02-26,DDSports,56,208,5059,11.050442620396042,1
2025-02-26,TenSports,5,232,4701,9.499339503951193,1
2025-02-26,StarSports,34,243,4719,10.253158853225386,1
2025-02-26,SonySports,2,244,5043,9.945889232724207,1
2025-02-26,Eurosport,37,225,4731,10.43696893986742,1
2025-02-26,CNBC,35,202,4686,10.422019251890115,1
2025-02-26,BloombergTV,36,242,4838,10.703142773299065,1
2025-02-26,BBCWorld,25,243,4865,10.67496587569437,1
2025-02-26,AlJazeera,20,222,4997,10.432483902143295,1
2025-02-26,France24,-4,208,4996,10.753965687627977,1
2025-02-26,VH1,11,243,5060,10.081133394599684,1
2025-02-26,MTV,35,236,5040,11.269184237667904,1
2025-02-27,News24,510,1,830,4.989348006877439,0
2025-02-27,StarTV,537,1,1151,4.472027485886858,0
2025-02-27,ZeeTV,515,1,1030,4.547712316551435,0
2025-02-27,SunTV,523,1,936,5.657934106014488,0
2025-02-27,ABPNews,557,1,1143,4.467390622921316,0
2025-02-27,NDTV,557,1,877,4.511890569609749,0
2025-02-27,IndiaTV,577,1,755,4.3170342528195285,0
2025-02-27,CNNNews18,521,7,1089,4.904633927164025,0
2025-02-27,TimesNow,541,11,1072,4.985166525207845,0
2025-02-27,RepublicTV,564,1,847,4.910860921038408,0
2025-02-27,TV9,552,1,867,4.315910091865069,0
2025-02-27,Asianet,545,1,1087,5.713319814959696,0
2025-02-27,Colors,547,1,1148,5.503214169279175,0
2025-02-27,SonyTV,531,8,1036,4.636455093530531,0
2025-02-27,StarPlus,545,1,1099,4.677068257460619,0
2025-02-27,ZeeCinema,541,1,869,4.626371960830659,0
2025-02-27,StarMovies,522,4,764,4.573457058078595,0
2025-02-27,HBO,521,1,959,4.847165335772878,0
2025-02-27,Discovery,549,1,826,4.21429575124927,0
2025-02-27,NationalGeographic,570,4,851,5.121793979998664,0
2025-02-27,AnimalPlanet,518,1,720,5.083225254878385,0
2025-02-27,HistoryTV18,554,10,1093,4.559718974770196,0
2025-02-27,CartoonNetwork,540,1,970,5.242706987790717,0
2025-02-27,Pogo,554,3,770,4.799597529836749,0
2025-02-27,Nickelodeon,547,1,764,4.887770896286077,0
2025-02-27,SonyMax,553,1,725,4.650854296228065,0
2025-02-27,ZeeTelugu,530,1,889,4.652706587870586,0
2025-02-27,ETV,548,1,908,5.06483610235728,0
2025-02-27,GeminiTV,536,2,862,5.459953979623861,0
2025-02-27,MaaTV,542,1,1011,4.940696213100863,0
2025-02-27,UdayaTV,571,1,1135,4.486240252579507,0
2025-02-27,SuryaTV,575,1,803,5.2189492705264655,0
2025-02-27,KTV,530,1,920,5.62762635802152,0
2025-02-27,JayaTV,512,1,957,5.370321815941787,0
2025-02-27,RajTV,559,1,776,4.672270742914498,0
2025-02-27,KalaignarTV,565,1,883,4.929940635404881,0
2025-02-27,DDNews,518,1,934,5.398927787224414,0
2025-02-27,DDNational,534,5,840,5.049037822754401,0
2025-02-27,DDSports,565,1,1083,5.440933516217903,0
2025-02-27,TenSports,532,9,1039,4.383407963959609,0
2025-02-27,StarSports,553,5,965,5.2369661560622776,0
2025-02-27,SonySports,523,1,793,4.7923449926380215,0
2025-02-27,Eurosport,571,1,1091,5.838934407401057,0
2025-02-27,CNBC,574,1,1100,4.624067675091981,0
2025-02-27,BloombergTV,545,1,735,5.028709084581758,0
2025-02-27,BBCWorld,527,6,806,4.81142812314731,0
2025-02-27,AlJazeera,571,5,1076,4.405894070221272,0
2025-02-27,France24,521,1,671,5.750538127651535,0
2025-02-27,VH1,543,3,1163,5.579691486015598,0
2025-02-27,MTV,569,1,745,5.177741032954828,0
2025-02-28,News24,-15,233,5081,10.52355764554569,1
2025-02-28,StarTV,15,216,4779,10.893952837670208,1
2025-02-28,ZeeTV,-3,232,4965,10.800237627318083,1
2025-02-28,SunTV,1,251,4844,11.003440005089514,1
2025-02-28,ABPNews,18,248,5066,10.958110419457947,1
2025-02-28,NDTV,8,228,4791,10.499379040232181,1
2025-02-28,IndiaTV,13,220,4857,10.25524974812489,1
2025-02-28,CNNNews18,3,253,5089,10.042151022560365,1
2025-02-28,TimesNow,0,236,4802,10.218122239616324,1
2025-02-28,RepublicTV,26,236,5109,10.211001522023558,1
2025-02-28,TV9,42,258,4883,10.42292377423663,1
2025-02-28,Asianet,-2,213,4881,10.294395645312786,1
2025-02-28,Colors,-5,214,5020,9.924949632399782,1
2025-02-28,SonyTV,11,247,5069,10.814613407522744,1
2025-02-28,StarPlus,21,223,4856,10.748435536254501,1
2025-02-28,ZeeCinema,28,226,4982,11.421233223391642,1
2025-02-28,StarMovies,-12,243,4893,10.226293914273427,1
2025-02-28,HBO,14,225,4847,10.634677528558404,1
2025-02-28,Discovery,-20,235,5149,10.790878737701835,1
2025-02-28,NationalGeographic,19,219,4957,10.898173112236545,1
2025-02-28,AnimalPlanet,25,235,4613,10.221077010756062,1
2025-02-28,HistoryTV18,38,223,4905,10.524983036976717,1
2025-02-28,CartoonNetwork,34,248,5206,10.487193735662274,1
2025-02-28,Pogo,11,242,4972,9.895710114592104,1
2025-02-28,Nickelodeon,28,249,4985,9.911642821727849,1
2025-02-28,SonyMax,21,219,4598,10.730131198089387,1
2025-02-28,ZeeTelugu,23,263,4798,10.493359877372159,1
2025-02-28,ETV,-2,247,4824,10.186379584742214,1
2025-02-28,GeminiTV,36,251,4855,10.768863066691818,1
2025-02-28,MaaTV,26,247,5006,10.92745693587218,1
2025-02-28,UdayaTV,18,236,4813,10.39320387752496,1
2025-02-28,SuryaTV,25,251,4622,10.77152784406624,1
2025-02-28,KTV,35,221,4630,10.429658433600004,1
2025-02-28,JayaTV,-24,234,4700,10.388235366754758,1
2025-02-28,RajTV,41,226,4846,9.973811214365423,1
2025-02-28,KalaignarTV,1,239,5113,11.198735291211621,1
2025-02-28,DDNews,15,245,4609,10.322600698110694,1
2025-02-28,DDNational,23,241,5195,10.92916312270683,1
2025-02-28,DDSports,41,250,5130,9.932834490702207,1
2025-02-28,TenSports,20,229,5060,10.868550433330954,1
2025-02-28,StarSports,-9,239,5173,9.64255075231526,1
2025-02-28,SonySports,20,248,4992,10.323774460306993,1
2025-02-28,Eurosport,10,240,5195,11.089432702953872,1
2025-02-28,CNBC,31,261,5284,11.1255542079989,1
2025-02-28,BloombergTV,47,226,4883,10.607740571298296,1
2025-02-28,BBCWorld,5,228,4971,11.142264685089598,1
2025-02-28,AlJazeera,-8,240,4872,11.138831461125985,1
2025-02-28,France24,37,237,5048,11.42734244915099,1
2025-02-28,VH1,-10,215,4925,11.418741556775442,1
2025-02-28,MTV,1,241,5165,11.158042891652254,1
2025-03-01,News24,527,1,1005,5.239801816741573,0
2025-03-01,StarTV,517,1,983,3.7677730383356884,0
2025-03-01,ZeeTV,513,2,1004,4.270678124555187,0
2025-03-01,SunTV,529,1,646,4.500978652187963,0
2025-03-01,ABPNews,546,1,813,3.7680128506440753,0
2025-03-01,NDTV,532,1,795,5.192455021278818,0
2025-03-01,IndiaTV,523,1,1016,3.9814542580509595,0
2025-03-01,CNNNews18,539,1,970,4.397809121039073,0
2025-03-01,TimesNow,512,1,960,4.9432265949228285,0
2025-03-01,RepublicTV,548,8,963,4.35085240873986,0
2025-03-01,TV9,524,1,990,4.862649719252201,0
2025-03-01,Asianet,569,1,704,4.460564353219838,0
2025-03-01,Colors,545,1,704,4.756994321184293,0
2025-03-01,SonyTV,516,10,1053,4.334583741766429,0
2025-03-01,StarPlus,500,15,1004,4.995497007822163,0
2025-03-01,ZeeCinema,563,1,1089,5.028921723094987,0
2025-03-01,StarMovies,536,1,913,5.008356031420063,0
2025-03-01,HBO,522,1,924,4.979344528600712,0
2025-03-01,Discovery,523,1,1023,5.073341939585792,0
2025-03-01,NationalGeographic,533,1,1011,4.878360536051559,0
2025-03-01,AnimalPlanet,527,1,935,4.083865118315164,0
2025-03-01,HistoryTV18,514,1,652,4.67741041766238,0
2025-03-01,CartoonNetwork,526,1,871,4.779888817470513,0
2025-03-01,Pogo,515,1,782,4.217780006317467,0
2025-03-01,Nickelodeon,540,12,1121,3.9571519602158896,0
2025-03-01,SonyMax,533,5,916,5.312795586092062,0
2025-03-01,ZeeTelugu,566,2,889,4.412738549896919,0
2025-03-01,ETV,546,1,931,4.646392093396648,0
2025-03-01,GeminiTV,536,1,750,4.173889437828844,0
2025-03-01,MaaTV,564,10,988,3.851974184343379,0
2025-03-01,UdayaTV,566,1,759,3.9147371078176567,0
2025-03-01,SuryaTV,552,3,723,3.8811480712610673,0
2025-03-01,KTV,535,1,688,4.528196085964957,0
2025-03-01,JayaTV,525,1,763,4.389547442017512,0
2025-03-01,RajTV,551,1,856,4.7339534099266025,0
2025-03-01,KalaignarTV,540,2,845,4.245070469731421,0
2025-03-01,DDNews,538,11,871,4.940648646895187,0
2025-03-01,DDNational,569,6,970,4.926365787917394,0
2025-03-01,DDSports,539,1,945,4.374916160114701,0
2025-03-01,TenSports,557,1,652,4.589501176158167,0
2025-03-01,StarSports,526,2,836,5.074014682750041,0
2025-03-01,SonySports,558,1,1053,4.768876563234621,0
2025-03-01,Eurosport,538,1,639,4.025424453199122,0
2025-03-01,CNBC,518,16,747,5.321312018169372,0
2025-03-01,BloombergTV,542,1,984,4.101537798383635,0
2025-03-01,BBCWorld,543,8,825,4.528907842755972,0
2025-03-01,AlJazeera,515,1,730,3.9097839701491464,0
2025-03-01,France24,566,1,773,3.8843895398155093,0
2025-03-01,VH1,513,14,1059,4.356457949392578,0
2025-03-01,MTV,544,4,796,4.89627061270042,0
2025-03-02,News24,57,225,4747,9.27713355445614,1
2025-03-02,StarTV,51,237,4298,9.41385334278888,1
2025-03-02,ZeeTV,16,220,4148,9.258304425770516,1
2025-03-02,SunTV,45,204,4204,10.541264342482059,1
2025-03-02,ABPNews,36,232,4363,9.016601283385185,1
2025-03-02,NDTV,15,196,4484,10.089328373931556,1
2025-03-02,IndiaTV,27,194,4541,9.582645130323113,1
2025-03-02,CNNNews18,59,208,4477,9.242643416836692,1
2025-03-02,TimesNow,32,222,4303,10.549212015185729,1
2025-03-02,RepublicTV,36,204,4164,9.817264581808608,1
2025-03-02,TV9,61,234,4229,10.352726468765017,1
2025-03-02,Asianet,41,181,4544,10.002747112159618,1
2025-03-02,Colors,47,216,4639,10.055849503057827,1
2025-03-02,SonyTV,24,197,4167,10.605544388509355,1
2025-03-02,StarPlus,9,223,4453,10.40257133077014,1
2025-03-02,ZeeCinema,36,201,4536,10.373594642106724,1
2025-03-02,StarMovies,24,236,4649,9.484450435120399,1
2025-03-02,HBO,61,226,4253,9.760231737248448,1
2025-03-02,Discovery,65,218,4514,9.863797776527141,1
2025-03-02,NationalGeographic,49,222,4278,10.6614249679375,1
2025-03-02,AnimalPlanet,26,222,4634,9.708031212817293,1
2025-03-02,HistoryTV18,38,204,4477,9.55196559313974,1
2025-03-02,CartoonNetwork,49,201,4464,10.125254871419566,1
2025-03-02,Pogo,29,226,4165,9.028843857830685,1
2025-03-02,Nickelodeon,53,191,4166,10.296532764366576,1
2025-03-02,SonyMax,13,201,4587,9.668576312030506,1
2025-03-02,ZeeTelugu,-10,224,4278,9.830183902985612,1
2025-03-02,ETV,35,226,4486,10.578952055079936,1
2025-03-02,GeminiTV,48,222,4650,10.287047786280528,1
2025-03-02,MaaTV,52,200,4213,9.76543500415131,1
2025-03-02,UdayaTV,50,221,4755,9.498029224034823,1
2025-03-02,SuryaTV,58,221,4633,10.206022463330664,1
2025-03-02,KTV,20,213,4217,9.846381307190871,1
2025-03-02,JayaTV,68,209,4628,9.172799907650223,1
2025-03-02,RajTV,29,202,4620,9.055598868654071,1
2025-03-02,KalaignarTV,16,211,4573,9.960489693016427,1
2025-03-02,DDNews,54,225,4135,9.712739311233602,1
2025-03-02,DDNational,24,228,4733,10.177828292073636,1
2025-03-02,DDSports,65,197,4494,9.727765911884141,1
2025-03-02,TenSports,27,210,4506,10.521818922918095,1
2025-03-02,StarSports,29,199,4867,9.496829739912478,1
2025-03-02,SonySports,27,194,4516,9.981088418955778,1
2025-03-02,Eurosport,24,216,4446,10.265007906636178,1
2025-03-02,CNBC,22,207,4381,10.2270568554117,1
2025-03-02,BloombergTV,23,193,4172,10.091150650758285,1
2025-03-02,BBCWorld,40,188,4352,10.563590210547058,1
2025-03-02,AlJazeera,42,215,4535,9.81752488426351,1
2025-03-02,France24,9,212,4600,9.868774214376213,1
2025-03-02,VH1,22,205,4641,10.210716287913526,1
2025-03-02,MTV,67,197,4568,10.480915854670293,1
2025-03-03,News24,506,1,968,4.150360588881648,0
2025-03-03,StarTV,507,21,765,4.140760852871532,0
2025-03-03,ZeeTV,480,10,873,4.371211874245248,0
2025-03-03,SunTV,506,1,794,4.458188658061083,0
2025-03-03,ABPNews,468,1,886,3.9536196126889194,0
2025-03-03,NDTV,470,1,879,4.045722369581735,0
2025-03-03,IndiaTV,491,18,733,3.8771696512663634,0
2025-03-03,CNNNews18,462,18,701,4.261414750354908,0
2025-03-03,TimesNow,464,2,809,3.3260328567787543,0
2025-03-03,RepublicTV,500,1,921,4.5631230855774145,0
2025-03-03,TV9,485,1,760,3.8135327201665175,0
2025-03-03,Asianet,462,1,922,4.641937972658236,0
2025-03-03,Colors,504,1,843,4.333323588224424,0
2025-03-03,SonyTV,478,5,744,3.5316948125738854,0
2025-03-03,StarPlus,507,1,885,3.705700484199297,0
2025-03-03,ZeeCinema,509,1,770,4.125231749225085,0
2025-03-03,StarMovies,497,10,926,4.580927935791545,0
2025-03-03,HBO,494,2,989,4.094397303471264,0
2025-03-03,Discovery,462,6,970,4.536511364162151,0
2025-03-03,NationalGeographic,460,6,723,4.854765961164488,0
2025-03-03,AnimalPlanet,512,1,607,4.037161203418837,0
2025-03-03,HistoryTV18,467,1,815,3.333754431195352,0
2025-03-03,CartoonNetwork,507,1,1005,4.0112416614599855,0
2025-03-03,Pogo,467,4,611,3.739363476638841,0
2025-03-03,Nickelodeon,472,11,888,3.750042236968661,0
2025-03-03,SonyMax,504,8,1022,3.6198919953278748,0
2025-03-03,ZeeTelugu,501,12,704,4.3611805330528535,0
2025-03-03,ETV,476,1,824,4.208213847528688,0
2025-03-03,GeminiTV,477,1,944,3.679928386574269,0
2025-03-03,MaaTV,504,8,642,3.5869556380702434,0
2025-03-03,UdayaTV,485,6,794,4.646958334179531,0
2025-03-03,SuryaTV,475,1,606,4.166541945858611,0
2025-03-03,KTV,461,1,588,4.663995573250006,0
2025-03-03,JayaTV,511,1,931,3.41104269507391,0
2025-03-03,RajTV,474,16,959,4.434922096414201,0
2025-03-03,KalaignarTV,471,10,853,3.8216786795893447,0
2025-03-03,DDNews,487,1,718,4.35939543237673,0
2025-03-03,DDNational,457,11,829,4.437829457898038,0
2025-03-03,DDSports,466,1,875,4.6606634236765,0
2025-03-03,TenSports,449,3,768,4.4618982009710395,0
2025-03-03,StarSports,455,4,860,4.654702129420748,0
2025-03-03,SonySports,469,4,817,3.657868582284272,0
2025-03-03,Eurosport,501,1,962,3.6911614450413364,0
2025-03-03,CNBC,496,1,927,4.537127974623785,0
2025-03-03,BloombergTV,514,1,965,4.5644723614827845,0
2025-03-03,BBCWorld,490,1,849,4.2703599490075455,0
2025-03-03,AlJazeera,501,1,803,4.0427994200661574,0
2025-03-03,France24,464,19,1003,4.948289073815134,0
2025-03-03,VH1,471,2,815,4.004977510532746,0
2025-03-03,MTV,488,1,583,3.6139024008297214,0
2025-03-04,News24,15,227,4258,10.848531587385645,1
2025-03-04,StarTV,43,211,4754,9.28195163855414,1
2025-03-04,ZeeTV,19,225,4475,10.457654601789006,1
2025-03-04,SunTV,34,226,4374,10.603644399049838,1
2025-03-04,ABPNews,38,200,4711,9.434937871627733,1
2025-03-04,NDTV,-6,197,4558,10.547810871318822,1
2025-03-04,IndiaTV,9,230,4750,10.060084954701473,1
2025-03-04,CNNNews18,1,202,4726,9.435265880695399,1
2025-03-04,TimesNow,1,233,4510,9.62478770936358,1
2025-03-04,RepublicTV,25,191,4541,9.644727885671825,1
2025-03-04,TV9,61,215,4658,9.510262785267093,1
2025-03-04,Asianet,26,234,4431,10.849821909843078,1
2025-03-04,Colors,45,212,4514,11.015343403186575,1
2025-03-04,SonyTV,20,208,4558,10.323161482180593,1
2025-03-04,StarPlus,17,222,4237,9.774059700841047,1
2025-03-04,ZeeCinema,-3,230,4464,9.274084021085782,1
2025-03-04,StarMovies,43,233,4573,10.092760408829564,1
2025-03-04,HBO,53,231,4696,9.479973917280638,1
2025-03-04,Discovery,10,200,4427,10.354492505689773,1
2025-03-04,NationalGeographic,57,216,4584,9.210933547643554,1
2025-03-04,AnimalPlanet,-5,236,4563,10.56669474152209,1
2025-03-04,HistoryTV18,13,211,4466,9.903954019681406,1
2025-03-04,CartoonNetwork,52,226,4842,10.259853152972546,1
2025-03-04,Pogo,24,206,4436,10.689069623698986,1
2025-03-04,Nickelodeon,50,223,4135,10.154757366323565,1
2025-03-04,SonyMax,19,230,4457,9.174991560571435,1
2025-03-04,ZeeTelugu,-2,201,4773,10.211760416283438,1
2025-03-04,ETV,2,231,4424,9.97941351692823,1
2025-03-04,GeminiTV,35,197,4559,9.95550068212885,1
2025-03-04,MaaTV,29,207,4288,10.394753647925224,1
2025-03-04,UdayaTV,39,223,4453,9.85105478647097,1
2025-03-04,SuryaTV,67,212,4489,10.713651893681503,1
2025-03-04,KTV,37,204,4189,9.408721202343969,1
2025-03-04,JayaTV,53,224,4584,10.089085942841987,1
2025-03-04,RajTV,16,203,4386,10.602331879094422,1
2025-03-04,KalaignarTV,66,203,4249,9.668906240751486,1
2025-03-04,DDNews,34,231,4600,9.264031641000454,1
2025-03-04,DDNational,35,213,4506,10.30171090411561,1
2025-03-04,DDSports,40,208,4446,9.570590538536932,1
2025-03-04,TenSports,7,219,4518,10.745441020722662,1
2025-03-04,StarSports,21,238,4739,10.270064635047563,1
2025-03-04,SonySports,14,220,4342,9.652310334469295,1
2025-03-04,Eurosport,24,193,4309,9.13835344678373,1
2025-03-04,CNBC,33,222,4869,10.135742369339669,1
2025-03-04,BloombergTV,9,200,4317,10.1813122935032,1
2025-03-04,BBCWorld,30,190,4644,9.456473504441767,1
2025-03-04,AlJazeera,29,189,4675,10.397074500145928,1
2025-03-04,France24,-8,230,4491,9.907319984820736,1
2025-03-04,VH1,10,206,4768,10.379987975130964,1
2025-03-04,MTV,30,223,4572,10.593165875846648,1
2025-03-05,News24,531,3,904,4.533384241047009,0
2025-03-05,StarTV,501,1,761,5.436560078535669,0
2025-03-05,ZeeTV,497,13,864,4.031515794760522,0
2025-03-05,SunTV,524,7,1155,4.30850340788845,0
2025-03-05,ABPNews,516,13,785,5.346736023730119,0
2025-03-05,NDTV,514,3,907,5.126959245123834,0
2025-03-05,IndiaTV,501,10,876,4.749738981601462,0
2025-03-05,CNNNews18,547,1,1117,4.1917582314309785,0
2025-03-05,TimesNow,533,1,911,3.880358841285243,0
2025-03-05,RepublicTV,500,2,842,4.602066066160636,0
2025-03-05,TV9,498,2,950,4.531632352613125,0
2025-03-05,Asianet,531,6,965,5.36863004265326,0
2025-03-05,Colors,533,12,973,4.382272472041629,0
2025-03-05,SonyTV,528,1,769,4.414911189668769,0
2025-03-05,StarPlus,497,1,900,4.4497815165879215,0
2025-03-05,ZeeCinema,540,1,881,5.1792302234282745,0
2025-03-05,StarMovies,546,1,1005,4.790522492261807,0
2025-03-05,HBO,539,1,639,5.145887549298444,0
2025-03-05,Discovery,491,7,1103,5.175447055096357,0
2025-03-05,NationalGeographic,507,1,678,4.139463969176091,0
2025-03-05,AnimalPlanet,550,1,903,4.850530446535803,0
2025-03-05,HistoryTV18,495,1,729,5.201377260557869,0
2025-03-05,CartoonNetwork,500,1,936,4.5239705547862785,0
2025-03-05,Pogo,497,5,1167,4.739701483423712,0
2025-03-05,Nickelodeon,496,1,1019,4.447867733237229,0
2025-03-05,SonyMax,501,1,687,4.560948892915164,0
2025-03-05,ZeeTelugu,544,2,1012,5.014158017245918,0
2025-03-05,ETV,506,1,860,4.639522008479503,0
2025-03-05,GeminiTV,525,9,812,5.270314692080251,0
2025-03-05,MaaTV,547,1,936,4.225710742197866,0
2025-03-05,UdayaTV,492,1,928,4.542924319620368,0
2025-03-05,SuryaTV,493,6,1032,5.1545499960165495,0
2025-03-05,KTV,561,1,971,3.930042824750712,0
2025-03-05,JayaTV,503,1,707,5.254832308000964,0
2025-03-05,RajTV,526,7,873,4.604814005317225,0
2025-03-05,KalaignarTV,509,1,958,4.5704680425332915,0
2025-03-05,DDNews,550,1,1078,4.9403367539876735,0
2025-03-05,DDNational,487,2,852,4.6409969268993265,0
2025-03-05,DDSports,506,1,748,5.026664973164291,0
2025-03-05,TenSports,499,1,887,4.404845505827144,0
2025-03-05,StarSports,519,1,817,5.332887034288131,0
2025-03-05,SonySports,527,11,741,4.9598829663173545,0
2025-03-05,Eurosport,549,1,831,4.077552962624071,0
2025-03-05,CNBC,524,1,727,4.247751733541341,0
2025-03-05,BloombergTV,546,1,805,4.725261466540234,0
2025-03-05,BBCWorld,528,4,1085,5.218828809034134,0
2025-03-05,AlJazeera,543,1,782,4.181275719629923,0
2025-03-05,France24,539,1,985,4.897611309034656,0
2025-03-05,VH1,509,1,1019,4.506730383950083,0
2025-03-05,MTV,517,1,810,5.2190807251259,0
2025-03-06,News24,22,225,4663,10.091390938836213,1
2025-03-06,StarTV,17,216,4215,9.215402896255307,1
2025-03-06,ZeeTV,41,218,4671,9.68531015136727,1
2025-03-06,SunTV,5,211,4744,9.757194837600776,1
2025-03-06,ABPNews,18,207,4467,9.878329542894535,1
2025-03-06,NDTV,54,199,4802,9.652642202090643,1
2025-03-06,IndiaTV,41,200,4370,9.387886368897968,1
2025-03-06,CNNNews18,14,222,4785,9.337871676805019,1
2025-03-06,TimesNow,-5,189,4572,10.536924803011612,1
2025-03-06,RepublicTV,19,211,4266,9.764118863704736,1
2025-03-06,TV9,16,213,4555,9.291669058244459,1
2025-03-06,Asianet,18,211,4461,10.49070569662172,1
2025-03-06,Colors,50,205,4707,10.33946186875036,1
2025-03-06,SonyTV,25,198,4412,9.617011449075294,1
2025-03-06,StarPlus,12,213,4615,9.654925128477096,1
2025-03-06,ZeeCinema,68,200,4256,10.36958935658185,1
2025-03-06,StarMovies,29,198,4346,9.802999066032545,1
2025-03-06,HBO,34,222,4711,8.87104280336752,1
2025-03-06,Discovery,35,215,4582,9.665894762180077,1
2025-03-06,NationalGeographic,5,186,4504,10.495585990316592,1
2025-03-06,AnimalPlanet,22,213,4570,9.63581044969574,1
2025-03-06,HistoryTV18,14,209,4405,9.885402551505585,1
2025-03-06,CartoonNetwork,51,222,4645,9.177963759054968,1
2025-03-06,Pogo,21,211,4428,9.468309210079822,1
2025-03-06,Nickelodeon,7,199,4139,9.481501635125609,1
2025-03-06,SonyMax,26,199,4801,9.761192088923444,1
2025-03-06,ZeeTelugu,35,209,4467,9.88083238536822,1
2025-03-06,ETV,43,216,4363,9.732584613962784,1
2025-03-06,GeminiTV,68,232,4315,10.337479951515453,1
2025-03-06,MaaTV,65,202,4342,9.640968980578188,1
2025-03-06,UdayaTV,36,221,4469,9.88423858174732,1
2025-03-06,SuryaTV,40,221,4820,10.657241935829575,1
2025-03-06,KTV,39,189,4535,8.894886314284339,1
2025-03-06,JayaTV,11,223,4402,10.768166788769669,1
2025-03-06,RajTV,30,199,4653,9.470845681383839,1
2025-03-06,KalaignarTV,39,200,4419,9.43814062327803,1
2025-03-06,DDNews,-1,195,4358,9.140187861137694,1
2025-03-06,DDNational,-8,205,4716,9.097008757473926,1
2025-03-06,DDSports,27,198,4291,9.24931687572011,1
2025-03-06,TenSports,39,209,4753,9.480636472869767,1
2025-03-06,StarSports,52,206,4796,10.112793582283636,1
2025-03-06,SonySports,57,225,4437,10.134793384793833,1
2025-03-06,Eurosport,-12,215,4725,8.934984564604436,1
2025-03-06,CNBC,25,220,4477,10.38218690471221,1
2025-03-06,BloombergTV,42,221,4408,10.538681738821921,1
2025-03-06,BBCWorld,44,215,4682,9.333538245498689,1
2025-03-06,AlJazeera,11,192,4691,10.096910975694982,1
2025-03-06,France24,13,207,4575,9.803001549021205,1
2025-03-06,VH1,35,229,4467,9.052295818992777,1
2025-03-06,MTV,10,230,4281,9.743445547520876,1
2025-03-07,News24,495,1,869,3.735065411953116,0
2025-03-07,StarTV,513,1,819,3.7159900778767625,0
2025-03-07,ZeeTV,485,8,801,4.823316294683366,0
2025-03-07,SunTV,489,7,735,4.881960047816822,0
2025-03-07,ABPNews,531,1,741,3.62713900129583,0
2025-03-07,NDTV,492,1,891,5.105032520835512,0
2025-03-07,IndiaTV,501,1,700,4.057924276317382,0
2025-03-07,CNNNews18,510,15,1017,3.546884310808762,0
2025-03-07,TimesNow,490,1,756,3.7345793618331617,0
2025-03-07,RepublicTV,500,1,754,4.6320449198703635,0
2025-03-07,TV9,475,1,1113,4.5129976225469335,0
2025-03-07,Asianet,530,1,845,4.192999400894789,0
2025-03-07,Colors,497,1,1039,3.7551081272147986,0
2025-03-07,SonyTV,516,15,852,4.879752533958043,0
2025-03-07,StarPlus,486,1,1082,4.53835396159186,0
2025-03-07,ZeeCinema,510,1,680,4.94215868689631,0
2025-03-07,StarMovies,506,1,602,4.30419029504391,0
2025-03-07,HBO,471,1,951,4.095088540584463,0
2025-03-07,Discovery,482,3,918,3.9331526037089235,0
2025-03-07,NationalGeographic,469,1,808,4.283577060938047,0
2025-03-07,AnimalPlanet,474,5,920,4.538592573207744,0
2025-03-07,HistoryTV18,473,2,738,3.858862838477619,0
2025-03-07,CartoonNetwork,518,6,803,4.724502710995822,0
2025-03-07,Pogo,502,1,841,4.741949673801692,0
2025-03-07,Nickelodeon,492,1,759,3.9298582305553644,0
2025-03-07,SonyMax,497,3,816,4.738637027271363,0
2025-03-07,ZeeTelugu,474,1,991,4.533931236579824,0
2025-03-07,ETV,488,1,1065,4.1252881299012945,0
2025-03-07,GeminiTV,484,1,906,4.222276596426943,0
2025-03-07,MaaTV,460,8,837,4.191124180560844,0
2025-03-07,UdayaTV,502,7,688,4.278075329712924,0
2025-03-07,SuryaTV,476,3,649,4.229932512684538,0
2025-03-07,KTV,482,1,962,4.261906895842394,0
2025-03-07,JayaTV,485,1,725,4.712631861181244,0
2025-03-07,RajTV,511,6,927,4.591447641877988,0
2025-03-07,KalaignarTV,513,1,657,3.9961061737539327,0
2025-03-07,DDNews,509,8,858,4.446852519989121,0
2025-03-07,DDNational,510,9,775,4.62110126763387,0
2025-03-07,DDSports,519,6,965,4.451212255492458,0
2025-03-07,TenSports,518,10,774,4.096456271415918,0
2025-03-07,StarSports,492,4,1099,4.4244013774346485,0
2025-03-07,SonySports,491,6,648,4.786140486321103,0
2025-03-07,Eurosport,501,1,595,3.832207889731579,0
2025-03-07,CNBC,480,6,985,4.9036895308962976,0
2025-03-07,BloombergTV,518,3,971,4.7856824140505,0
2025-03-07,BBCWorld,505,6,738,3.632971543564924,0
2025-03-07,AlJazeera,522,1,952,3.9479487466239194,0
2025-03-07,France24,470,1,974,4.370884637694578,0
2025-03-07,VH1,514,1,761,3.9443416728620737,0
2025-03-07,MTV,503,8,783,4.635425452372248,0
2025-03-08,News24,44,196,4920,10.220536584875301,1
2025-03-08,StarTV,43,208,4694,10.30701518240711,1
2025-03-08,ZeeTV,31,225,4459,9.859537586312882,1
2025-03-08,SunTV,-5,223,4403,10.26894790149616,1
2025-03-08,ABPNews,60,213,4681,10.444117197828922,1
2025-03-08,NDTV,23,202,4629,10.764838912896707,1
2025-03-08,IndiaTV,-4,219,4769,9.748665903441015,1
2025-03-08,CNNNews18,9,220,4623,9.982500909424054,1
2025-03-08,TimesNow,36,209,4597,10.753243363467083,1
2025-03-08,RepublicTV,33,217,4599,9.711955819471601,1
2025-03-08,TV9,59,234,4524,9.852175689283085,1
2025-03-08,Asianet,60,215,4571,9.486025377144806,1
2025-03-08,Colors,42,225,4901,9.685149468434421,1
2025-03-08,SonyTV,9,197,4421,10.46961553179134,1
2025-03-08,StarPlus,49,233,4445,9.658841395519726,1
2025-03-08,ZeeCinema,48,221,4726,9.401659199994668,1
2025-03-08,StarMovies,37,239,4933,10.2846782242968,1
2025-03-08,HBO,44,195,4445,10.331250382089344,1
2025-03-08,Discovery,35,234,4609,9.841798239406895,1
2025-03-08,NationalGeographic,25,227,4565,11.072294146989433,1
2025-03-08,AnimalPlanet,13,214,4758,10.278467417708038,1
2025-03-08,HistoryTV18,5,227,4587,9.403629584801886,1
2025-03-08,CartoonNetwork,-8,235,4487,10.654103723908134,1
2025-03-08,Pogo,65,201,4594,9.966747033593231,1
2025-03-08,Nickelodeon,-3,217,4627,9.362096412862291,1
2025-03-08,SonyMax,32,211,4666,10.305076699610602,1
2025-03-08,ZeeTelugu,42,228,4434,10.891647559372805,1
2025-03-08,ETV,60,206,4685,10.331184290251187,1
2025-03-08,GeminiTV,16,228,4690,9.42578429163109,1
2025-03-08,MaaTV,28,238,4317,10.489302573364268,1
2025-03-08,UdayaTV,19,216,4686,10.106585084318,1
2025-03-08,SuryaTV,47,217,4887,9.541411648585246,1
2025-03-08,KTV,4,232,4463,10.634331127087751,1
2025-03-08,JayaTV,21,227,4414,10.867968259207158,1
2025-03-08,RajTV,40,208,4588,9.608891016156829,1
2025-03-08,KalaignarTV,29,196,4501,10.248253053769723,1
2025-03-08,DDNews,42,202,4618,9.995089640662787,1
2025-03-08,DDNational,13,197,4657,10.500494556511875,1
2025-03-08,DDSports,24,209,4562,9.766022701634752,1
2025-03-08,TenSports,10,207,4765,10.598568303465099,1
2025-03-08,StarSports,45,234,4478,9.802112201824835,1
2025-03-08,SonySports,51,221,4561,10.751607122632866,1
2025-03-08,Eurosport,11,235,4661,9.354366103244848,1
2025-03-08,CNBC,59,215,4697,10.351808786627274,1
2025-03-08,BloombergTV,42,211,4837,10.465294615431056,1
2025-03-08,BBCWorld,-11,196,4661,10.328277764607698,1
2025-03-08,AlJazeera,17,220,4883,10.81343095436329,1
2025-03-08,France24,44,218,4801,9.494090594585034,1
2025-03-08,VH1,-5,213,4346,9.74545850510706,1
2025-03-08,MTV,22,216,4421,9.832993837448015,1
2025-03-09,News24,543,3,955,5.081931920760338,0
2025-03-09,StarTV,521,1,1066,5.021892425572987,0
2025-03-09,ZeeTV,504,7,1034,4.8512290482870055,0
2025-03-09,SunTV,535,1,951,4.640730833301531,0
2025-03-09,ABPNews,535,11,1064,4.351139016279678,0
2025-03-09,NDTV,561,1,849,4.378067163456969,0
2025-03-09,IndiaTV,514,1,711,4.990718188781478,0
2025-03-09,CNNNews18,552,1,797,4.246731805714798,0
2025-03-09,TimesNow,552,9,806,5.419444230653349,0
2025-03-09,RepublicTV,516,5,955,4.745589859106667,0
2025-03-09,TV9,527,1,993,4.977384156160908,0
2025-03-09,Asianet,516,11,1134,4.4496234165257516,0
2025-03-09,Colors,514,1,1083,4.473888680046317,0
2025-03-09,SonyTV,558,1,1041,5.73629322059302,0
2025-03-09,StarPlus,504,2,1097,4.909907088564952,0
2025-03-09,ZeeCinema,495,1,884,5.206124699567212,0
2025-03-09,StarMovies,566,1,840,5.701097129763777,0
2025-03-09,HBO,556,4,1042,5.492649966429411,0
2025-03-09,Discovery,534,11,852,5.328303472289582,0
2025-03-09,NationalGeographic,521,12,999,4.493632893857415,0
2025-03-09,AnimalPlanet,549,1,732,4.75183213879561,0
2025-03-09,HistoryTV18,543,5,988,4.4045567193886335,0
2025-03-09,CartoonNetwork,562,7,698,4.562197547807758,0
2025-03-09,Pogo,556,12,893,5.297725493883549,0
2025-03-09,Nickelodeon,532,1,1100,5.174259126787547,0
2025-03-09,SonyMax,526,1,1085,5.568333555742429,0
2025-03-09,ZeeTelugu,531,6,910,4.698971026096157,0
2025-03-09,ETV,529,1,1149,4.180273142028362,0
2025-03-09,GeminiTV,528,1,829,4.5803933257539,0
2025-03-09,MaaTV,541,4,902,5.5338760390277875,0
2025-03-09,UdayaTV,541,5,990,4.096209198841352,0
2025-03-09,SuryaTV,548,4,788,5.637943836031445,0
2025-03-09,KTV,559,5,827,4.838254947074048,0
2025-03-09,JayaTV,521,1,920,4.3410140302250815,0
2025-03-09,RajTV,553,1,1044,5.782940683257086,0
2025-03-09,KalaignarTV,534,1,898,5.278856858135401,0
2025-03-09,DDNews,524,1,983,4.818554545233749,0
2025-03-09,DDNational,541,1,803,4.324804621719897,0
2025-03-09,DDSports,534,1,830,5.626357416151908,0
2025-03-09,TenSports,533,1,821,5.185769971352222,0
2025-03-09,StarSports,530,1,892,4.252815606408916,0
2025-03-09,SonySports,539,1,890,4.634646795167777,0
2025-03-09,Eurosport,550,1,716,4.496793973940566,0
2025-03-09,CNBC,526,1,812,5.349873559382513,0
2025-03-09,BloombergTV,552,1,736,4.605664429549678,0
2025-03-09,BBCWorld,527,1,743,4.839861408375196,0
2025-03-09,AlJazeera,497,1,1019,4.692084273638936,0
2025-03-09,France24,529,1,1027,4.285351109254363,0
2025-03-09,VH1,516,1,784,4.983698354495355,0
2025-03-09,MTV,553,1,945,4.555021443391455,0
2025-03-10,News24,-1,209,5053,10.18883147469738,1
2025-03-10,StarTV,11,224,4455,10.737838096019841,1
2025-03-10,ZeeTV,19,196,4659,9.612546544223777,1
2025-03-10,SunTV,31,195,4882,11.08207897591208,1
2025-03-10,ABPNews,39,220,4852,10.223719412089423,1
2025-03-10,NDTV,15,217,4856,9.520014514119639,1
2025-03-10,IndiaTV,14,204,4572,9.945534002056084,1
2025-03-10,CNNNews18,15,209,4714,10.824553631186328,1
2025-03-10,TimesNow,1,204,4716,9.533702354380196,1
2025-03-10,RepublicTV,34,225,4694,10.654435725620017,1
2025-03-10,TV9,34,205,5047,9.493932985526335,1
2025-03-10,Asianet,38,222,5025,11.11194968440845,1
2025-03-10,Colors,51,218,4327,9.594534419656938,1
2025-03-10,SonyTV,38,213,4907,10.924982074995881,1
2025-03-10,StarPlus,44,217,4807,10.208791308241826,1
2025-03-10,ZeeCinema,39,221,4455,10.154924548236677,1
2025-03-10,StarMovies,19,227,4759,10.254720270117051,1
2025-03-10,HBO,28,203,4834,10.263422074652839,1
2025-03-10,Discovery,12,221,4774,10.419027186214365,1
2025-03-10,NationalGeographic,-2,234,4490,9.858452213150565,1
2025-03-10,AnimalPlanet,35,207,4734,10.558988455914305,1
2025-03-10,HistoryTV18,12,201,4571,10.291815423206392,1
2025-03-10,CartoonNetwork,1,218,4565,10.481307167205783,1
2025-03-10,Pogo,39,218,4487,9.763360588244554,1
2025-03-10,Nickelodeon,37,213,4715,10.242004933504898,1
2025-03-10,SonyMax,59,227,4737,9.551876337180344,1
2025-03-10,ZeeTelugu,15,221,4516,11.009157094974288,1
2025-03-10,ETV,14,203,4663,10.207313958537474,1
2025-03-10,GeminiTV,39,226,4273,9.955339149279325,1
2025-03-10,MaaTV,22,202,4648,9.540379281290479,1
2025-03-10,UdayaTV,3,229,5022,10.464477565928648,1
2025-03-10,SuryaTV,3,225,4454,10.532990165006787,1
2025-03-10,KTV,58,209,4519,9.463462192419733,1
2025-03-10,JayaTV,49,225,4658,9.41854095673595,1
2025-03-10,RajTV,13,197,4514,10.463395648929716,1
2025-03-10,KalaignarTV,44,206,4613,9.826275925013245,1
2025-03-10,DDNews,19,238,4622,10.892880235606768,1
2025-03-10,DDNational,-11,217,4768,9.507772085706073,1
2025-03-10,DDSports,39,239,4723,10.562766110105134,1
2025-03-10,TenSports,40,213,4336,10.967008611152501,1
2025-03-10,StarSports,38,217,4578,10.530444885066725,1
2025-03-10,SonySports,26,236,4620,9.84678567995034,1
2025-03-10,Eurosport,36,200,4619,10.520929423063505,1
2025-03-10,CNBC,18,228,4426,10.500408310565318,1
2025-03-10,BloombergTV,66,210,4606,9.994463993983373,1
2025-03-10,BBCWorld,55,213,4484,9.549729648895463,1
2025-03-10,AlJazeera,9,225,4672,9.37881660450952,1
2025-03-10,France24,50,236,4277,10.667159117011492,1
2025-03-10,VH1,4,229,4807,10.275381096989925,1
2025-03-10,MTV,26,235,4737,10.45368944504037,1
2025-03-11,News24,521,1,1035,5.248381430615224,0
2025-03-11,StarTV,486,1,880,4.227845491596003,0
2025-03-11,ZeeTV,493,13,948,4.397670203060045,0
2025-03-11,SunTV,534,1,875,3.585365085565002,0
2025-03-11,ABPNews,503,1,652,4.268459300865345,0
2025-03-11,NDTV,498,1,837,4.4529296695420255,0
2025-03-11,IndiaTV,516,1,1131,4.601864728540611,0
2025-03-11,CNNNews18,499,8,894,5.291451149220468,0
2025-03-11,TimesNow,505,7,812,3.797111293430047,0
2025-03-11,RepublicTV,505,1,1067,4.601958532742474,0
2025-03-11,TV9,484,1,860,3.6953459601493837,0
2025-03-11,Asianet,495,1,851,4.558468478799542,0
2025-03-11,Colors,528,8,619,4.346014776821148,0
2025-03-11,SonyTV,514,1,904,4.160795630954716,0
2025-03-11,StarPlus,516,15,880,4.190257103449386,0
2025-03-11,ZeeCinema,497,1,880,4.3314435383518335,0
2025-03-11,StarMovies,536,1,921,3.7437538100517433,0
2025-03-11,HBO,526,8,879,4.953883728616745,0
2025-03-11,Discovery,491,1,941,5.088212618281191,0
2025-03-11,NationalGeographic,526,1,766,4.8753672851730965,0
2025-03-11,AnimalPlanet,534,4,979,4.155806259413238,0
2025-03-11,HistoryTV18,495,1,1089,4.726078922968868,0
2025-03-11,CartoonNetwork,528,1,683,4.985242890070767,0
2025-03-11,Pogo,490,1,945,4.420407030115058,0
2025-03-11,Nickelodeon,515,1,651,4.774025517944089,0
2025-03-11,SonyMax,515,3,839,3.983640444082835,0
2025-03-11,ZeeTelugu,504,1,781,4.832520131503841,0
2025-03-11,ETV,515,1,713,3.9702654888901474,0
2025-03-11,GeminiTV,481,6,699,4.869975572894354,0
2025-03-11,MaaTV,479,1,783,4.174386239301886,0
2025-03-11,UdayaTV,531,2,657,4.59694142333878,0
2025-03-11,SuryaTV,516,1,733,4.810965472330947,0
2025-03-11,KTV,509,1,976,3.7812929101322914,0
2025-03-11,JayaTV,514,2,1019,4.10933139596093,0
2025-03-11,RajTV,528,1,1066,4.4376719004555305,0
2025-03-11,KalaignarTV,511,1,647,4.3038092602294284,0
2025-03-11,DDNews,480,7,886,4.38384995958079,0
2025-03-11,DDNational,508,1,744,4.910783428254925,0
2025-03-11,DDSports,513,1,849,4.405147774105743,0
2025-03-11,TenSports,478,1,1123,3.9916328239774757,0
2025-03-11,StarSports,491,1,924,4.195496971180311,0
2025-03-11,SonySports,483,1,607,4.670080134534305,0
2025-03-11,Eurosport,521,6,846,4.893372304023286,0
2025-03-11,CNBC,539,1,794,3.7793873680600023,0
2025-03-11,BloombergTV,491,1,1027,4.942612351793254,0
2025-03-11,BBCWorld,501,7,899,4.938628955938911,0
2025-03-11,AlJazeera,515,1,839,4.420621225977791,0
2025-03-11,France24,521,5,938,4.76035884636282,0
2025-03-11,VH1,467,15,754,4.621904014156847,0
2025-03-11,MTV,512,1,1018,5.006246013903811,0
2025-03-12,News24,7,209,4440,9.63987550163647,1
2025-03-12,StarTV,-11,214,4489,9.55873940999219,1
2025-03-12,ZeeTV,9,228,4923,9.834356555144588,1
2025-03-12,SunTV,41,237,4940,9.900150454495753,1
2025-03-12,ABPNews,27,208,4830,9.920278986502256,1
2025-03-12,NDTV,21,243,4810,10.755353155399927,1
2025-03-12,IndiaTV,41,222,4753,11.17627040255094,1
2025-03-12,CNNNews18,-1,200,4787,10.505670659153125,1
2025-03-12,TimesNow,25,215,4511,10.441698631536996,1
2025-03-12,RepublicTV,33,234,5145,10.725607406241801,1
2025-03-12,TV9,-16,215,4914,10.936653225853346,1
2025-03-12,Asianet,23,209,4855,10.43405538179495,1
2025-03-12,Colors,-9,238,4839,11.041839155969058,1
2025-03-12,SonyTV,11,238,4705,9.917945650135891,1
2025-03-12,StarPlus,27,231,4367,9.526119912626326,1
2025-03-12,ZeeCinema,46,203,4729,9.776318420627655,1
2025-03-12,StarMovies,7,238,4568,10.889266732565469,1
2025-03-12,HBO,-3,237,4710,10.557196063422376,1
2025-03-12,Discovery,-2,232,4370,9.785874923929635,1
2025-03-12,NationalGeographic,27,227,5157,10.991803572700222,1
2025-03-12,AnimalPlanet,4,217,5000,10.20857422429081,1
2025-03-12,HistoryTV18,31,198,4644,10.163118768356972,1
2025-03-12,CartoonNetwork,34,240,4431,11.319412595848101,1
2025-03-12,Pogo,9,216,5112,9.496119935888105,1
2025-03-12,Nickelodeon,9,247,4576,9.959562938281394,1
2025-03-12,SonyMax,37,209,4431,10.256267886399897,1
2025-03-12,ZeeTelugu,-10,237,4623,9.478190735963045,1
2025-03-12,ETV,37,225,4745,10.19948919396077,1
2025-03-12,GeminiTV,-3,228,5027,10.004951870759141,1
2025-03-12,MaaTV,10,200,4630,9.93918619940318,1
2025-03-12,UdayaTV,6,234,4919,10.204711001724055,1
2025-03-12,SuryaTV,7,203,4972,11.050989348193895,1
2025-03-12,KTV,16,228,4627,9.956225618057685,1
2025-03-12,JayaTV,17,238,4763,11.097442042835755,1
2025-03-12,RajTV,35,228,4830,9.682858150633535,1
2025-03-12,KalaignarTV,47,202,4806,10.824861053519811,1
2025-03-12,DDNews,-3,233,4575,10.966466493593494,1
2025-03-12,DDNational,60,248,4583,10.132016571581605,1
2025-03-12,DDSports,29,210,4859,10.743302245237878,1
2025-03-12,TenSports,7,204,4739,10.561379842047605,1
2025-03-12,StarSports,-7,252,4627,10.442447288603995,1
2025-03-12,SonySports,-2,216,4873,10.034768768302584,1
2025-03-12,Eurosport,7,237,4736,9.836894017731272,1
2025-03-12,CNBC,34,225,4885,10.339489586624337,1
2025-03-12,BloombergTV,15,229,5059,10.810139391732672,1
2025-03-12,BBCWorld,48,220,4969,10.798883417303767,1
2025-03-12,AlJazeera,46,206,4762,10.32794237421705,1
2025-03-12,France24,40,203,4731,10.270358799384464,1
2025-03-12,VH1,5,213,4556,10.020428742466125,1
2025-03-12,MTV,-6,210,4419,11.13019039265556,1
2025-03-13,News24,528,1,924,5.424875578491573,0
2025-03-13,StarTV,546,1,870,4.503191251580211,0
2025-03-13,ZeeTV,554,1,762,4.163459376087667,0
2025-03-13,SunTV,555,1,1041,5.059135244901004,0
2025-03-13,ABPNews,509,1,786,4.285975137865397,0
2025-03-13,NDTV,566,1,717,4.900246812912058,0
2025-03-13,IndiaTV,523,14,763,5.0193238540347505,0
2025-03-13,CNNNews18,554,1,743,4.258508351021432,0
2025-03-13,TimesNow,549,1,893,5.263138648458793,0
2025-03-13,RepublicTV,563,3,662,4.138699863320659,0
2025-03-13,TV9,573,1,733,4.698269503993107,0
2025-03-13,Asianet,546,1,998,5.495362006408802,0
2025-03-13,Colors,538,1,908,4.800064921048213,0
2025-03-13,SonyTV,546,4,1071,4.523384414721229,0
2025-03-13,StarPlus,571,1,1054,5.123815050887327,0
2025-03-13,ZeeCinema,513,1,851,4.809440233576285,0
2025-03-13,StarMovies,535,1,1014,5.773654587223227,0
2025-03-13,HBO,570,3,853,5.568546195993602,0
2025-03-13,Discovery,544,1,839,5.096969560906396,0
2025-03-13,NationalGeographic,537,1,1168,4.04697417330991,0
2025-03-13,AnimalPlanet,565,1,791,5.60616407593803,0
2025-03-13,HistoryTV18,522,1,779,4.995699090783642,0
2025-03-13,CartoonNetwork,572,1,1047,4.698647405482402,0
2025-03-13,Pogo,532,1,880,5.158567932013714,0
2025-03-13,Nickelodeon,523,1,858,4.5394833176382985,0
2025-03-13,SonyMax,523,2,981,5.53620766718108,0
2025-03-13,ZeeTelugu,528,9,807,4.38367988195367,0
2025-03-13,ETV,523,1,986,5.133015706902681,0
2025-03-13,GeminiTV,522,1,945,5.042589795274283,0
2025-03-13,MaaTV,552,1,891,4.890376174015828,0
2025-03-13,UdayaTV,567,1,925,4.979344792210462,0
2025-03-13,SuryaTV,569,1,942,4.328669892539307,0
2025-03-13,KTV,524,1,997,5.293076748348504,0
2025-03-13,JayaTV,555,1,1171,5.466721027456979,0
2025-03-13,RajTV,562,1,1059,4.60760513125164,0
2025-03-13,KalaignarTV,555,1,879,5.071393686961105,0
2025-03-13,DDNews,557,1,1019,5.298252071176941,0
2025-03-13,DDNational,574,1,768,4.397387353461156,0
2025-03-13,DDSports,548,4,710,4.259066713336937,0
2025-03-13,TenSports,513,1,841,4.452739255524259,0
2025-03-13,StarSports,537,1,1005,4.7428167180040495,0
2025-03-13,SonySports,559,1,1114,4.364141276979805,0
2025-03-13,Eurosport,577,1,1155,4.456036927671473,0
2025-03-13,CNBC,549,1,940,5.2138595156168455,0
2025-03-13,BloombergTV,535,13,1006,4.7991438068511165,0
2025-03-13,BBCWorld,527,1,1211,5.0813856496357594,0
2025-03-13,AlJazeera,545,1,1111,5.004875732559329,0
2025-03-13,France24,521,2,1128,4.92221354148298,0
2025-03-13,VH1,561,1,1154,5.060531810674249,0
2025-03-13,MTV,575,1,1133,4.808681700593569,0
2025-03-14,News24,12,217,4441,9.54079356708274,1
2025-03-14,StarTV,24,228,4794,9.652953903269596,1
2025-03-14,ZeeTV,57,219,4419,9.721794335782587,1
2025-03-14,SunTV,45,211,4947,10.257429648352769,1
2025-03-14,ABPNews,54,223,4756,9.753416211026991,1
2025-03-14,NDTV,12,194,4631,10.058252391918048,1
2025-03-14,IndiaTV,57,205,4699,10.180676318821531,1
2025-03-14,CNNNews18,20,228,4762,9.672983900545606,1
2025-03-14,TimesNow,36,214,5087,10.395573328722316,1
2025-03-14,RepublicTV,62,221,4924,10.021928759432567,1
2025-03-14,TV9,24,195,4338,9.862464621297493,1
2025-03-14,Asianet,10,227,4652,10.486231570581813,1
2025-03-14,Colors,51,229,4476,9.312396590957762,1
2025-03-14,SonyTV,8,237,4992,10.469962934009416,1
2025-03-14,StarPlus,3,247,4364,9.80397885250962,1
2025-03-14,ZeeCinema,44,214,4839,10.53292773433996,1
2025-03-14,StarMovies,21,237,4358,9.66831010138695,1
2025-03-14,HBO,11,219,4653,10.421673843396036,1
2025-03-14,Discovery,13,213,4679,9.826871332280788,1
2025-03-14,NationalGeographic,24,207,4730,9.85240147339705,1
2025-03-14,AnimalPlanet,19,217,4823,9.943429041956632,1
2025-03-14,HistoryTV18,1,208,4717,9.694977470950063,1
2025-03-14,CartoonNetwork,46,205,4733,9.63778618746922,1
2025-03-14,Pogo,36,207,4780,9.487058523732477,1
2025-03-14,Nickelodeon,42,228,4810,10.011552157326975,1
2025-03-14,SonyMax,-2,229,4558,9.081100500551264,1
2025-03-14,ZeeTelugu,47,236,4544,9.612919617727945,1
2025-03-14,ETV,39,227,4783,10.296776922441335,1
2025-03-14,GeminiTV,27,211,4768,10.777902197762227,1
2025-03-14,MaaTV,46,242,4623,9.251510158388172,1
2025-03-14,UdayaTV,40,201,5113,10.032050888961994,1
2025-03-14,SuryaTV,37,233,4755,10.349746937745754,1
2025-03-14,KTV,51,209,4873,9.312239699503587,1
2025-03-14,JayaTV,6,238,4456,10.261290508310438,1
2025-03-14,RajTV,20,218,4644,9.663629231032184,1
2025-03-14,KalaignarTV,7,212,4666,10.14033716185281,1
2025-03-14,DDNews,19,214,4575,9.394713048703323,1
2025-03-14,DDNational,11,222,4753,9.649492498610451,1
2025-03-14,DDSports,54,240,4644,10.470753759304475,1
2025-03-14,TenSports,-6,233,4599,9.63928087904105,1
2025-03-14,StarSports,20,233,4547,9.503258792533266,1
2025-03-14,SonySports,12,239,4929,10.070333595780482,1
2025-03-14,Eurosport,46,238,4749,9.258738687345538,1
2025-03-14,CNBC,36,228,4964,9.399117811896872,1
2025-03-14,BloombergTV,29,233,4650,9.697278399004585,1
2025-03-14,BBCWorld,43,213,4710,10.735317042448653,1
2025-03-14,AlJazeera,21,223,4642,9.41166300835344,1
2025-03-14,France24,31,208,4588,9.380846551124645,1
2025-03-14,VH1,57,200,4587,10.47346701890164,1
2025-03-14,MTV,-9,222,4748,9.408724824916524,1
2025-03-15,News24,507,1,737,4.643484989835504,0
2025-03-15,StarTV,492,3,929,4.363885008683035,0
2025-03-15,ZeeTV,491,1,757,4.992526784315084,0
2025-03-15,SunTV,537,1,710,5.148004992042816,0
2025-03-15,ABPNews,508,11,814,4.953677876841758,0
2025-03-15,NDTV,509,1,938,4.26766335424768,0
2025-03-15,IndiaTV,520,1,1067,4.481754863778498,0
2025-03-15,CNNNews18,516,8,736,4.256622159429047,0
2025-03-15,TimesNow,506,1,702,4.701693010142195,0
2025-03-15,RepublicTV,510,1,1035,4.410523938458944,0
2025-03-15,TV9,525,1,1065,4.912044396674689,0
2025-03-15,Asianet,499,2,877,3.8255259058736715,0
2025-03-15,Colors,498,1,1029,4.870804468030415,0
2025-03-15,SonyTV,491,2,930,4.66196983452268,0
2025-03-15,StarPlus,519,1,665,5.102922659559012,0
2025-03-15,ZeeCinema,495,1,1150,4.931024213367127,0
2025-03-15,StarMovies,513,2,1126,4.652326305534706,0
2025-03-15,HBO,523,1,685,4.928868058343562,0
2025-03-15,Discovery,537,1,790,4.6256807159231705,0
2025-03-15,NationalGeographic,546,1,637,4.720995066597069,0
2025-03-15,AnimalPlanet,522,12,946,3.7579910701049086,0
2025-03-15,HistoryTV18,540,1,818,4.643230400607422,0
2025-03-15,CartoonNetwork,544,2,1096,4.807691558679937,0
2025-03-15,Pogo,510,5,984,5.187866370356194,0
2025-03-15,Nickelodeon,527,11,850,4.262039954949702,0
2025-03-15,SonyMax,481,1,880,5.070195911523114,0
2025-03-15,ZeeTelugu,542,2,686,4.785914453796143,0
2025-03-15,ETV,495,1,985,4.698947603684811,0
2025-03-15,GeminiTV,537,8,709,4.633327775041945,0
2025-03-15,MaaTV,491,1,929,4.698279197656543,0
2025-03-15,UdayaTV,527,1,1154,5.078410369453879,0
2025-03-15,SuryaTV,486,7,659,4.103873194642218,0
2025-03-15,KTV,498,6,937,4.562691991582735,0
2025-03-15,JayaTV,519,1,929,4.5140278560684886,0
2025-03-15,RajTV,511,1,774,4.597349683659421,0
2025-03-15,KalaignarTV,544,11,734,5.289955694558777,0
2025-03-15,DDNews,504,7,732,4.886407305441404,0
2025-03-15,DDNational,504,6,718,4.995625091729745,0
2025-03-15,DDSports,520,5,899,4.424997793373783,0
2025-03-15,TenSports,511,8,852,4.6190778415408795,0
2025-03-15,StarSports,478,1,820,4.972940428950952,0
2025-03-15,SonySports,508,7,1016,4.260593850149011,0
2025-03-15,Eurosport,487,3,1008,4.922367191226564,0
2025-03-15,CNBC,496,1,715,4.914262615891587,0
2025-03-15,BloombergTV,546,1,855,4.6988620947445225,0
2025-03-15,BBCWorld,534,6,683,5.040114651239411,0
2025-03-15,AlJazeera,527,1,701,5.206398443072079,0
2025-03-15,France24,492,12,869,5.09046874334442,0
2025-03-15,VH1,518,1,620,4.7873234906012705,0
2025-03-15,MTV,502,5,775,4.936414068746078,0
2025-03-16,News24,-5,207,4813,10.846486476204515,1
2025-03-16,StarTV,27,223,4849,10.026502596994565,1
2025-03-16,ZeeTV,31,240,4596,10.220282281709927,1
2025-03-16,SunTV,8,240,4969,10.297335298185201,1
2025-03-16,ABPNews,6,249,4923,10.528064039202716,1
2025-03-16,NDTV,19,215,4734,10.980504080852686,1
2025-03-16,IndiaTV,33,223,5075,10.76762152239705,1
2025-03-16,CNNNews18,43,242,4970,10.443258723589048,1
2025-03-16,TimesNow,13,209,5015,10.702985330833103,1
2025-03-16,RepublicTV,47,235,4439,10.196698172094502,1
2025-03-16,TV9,32,212,4594,9.776763902688431,1
2025-03-16,Asianet,34,243,5037,9.584972192672556,1
2025-03-16,Colors,46,231,5073,10.860922054453964,1
2025-03-16,SonyTV,29,228,4502,10.888799391476438,1
2025-03-16,StarPlus,12,227,4959,10.316690730303648,1
2025-03-16,ZeeCinema,41,207,4569,10.885992121668327,1
2025-03-16,StarMovies,8,250,4846,10.454520150982693,1
2025-03-16,HBO,-10,209,4949,9.745403675592007,1
2025-03-16,Discovery,42,225,4578,10.764272882050026,1
2025-03-16,NationalGeographic,60,212,4796,10.495429442445369,1
2025-03-16,AnimalPlanet,12,241,4709,9.7298261884877,1
2025-03-16,HistoryTV18,32,212,4584,10.957629933494264,1
2025-03-16,CartoonNetwork,54,243,4850,11.078506360532396,1
2025-03-16,Pogo,30,216,4900,9.620417808380237,1
2025-03-16,Nickelodeon,-9,224,5017,10.296529494376454,1
2025-03-16,SonyMax,44,247,4959,10.327456895319845,1
2025-03-16,ZeeTelugu,44,228,4791,10.390689289414022,1
2025-03-16,ETV,-4,219,4765,9.838880510472002,1
2025-03-16,GeminiTV,-12,214,4991,11.070722230197763,1
2025-03-16,MaaTV,38,241,4952,10.50412934138823,1
2025-03-16,UdayaTV,8,229,4464,10.62290394679052,1
2025-03-16,SuryaTV,27,212,4763,10.273568317141779,1
2025-03-16,KTV,56,214,4469,9.94470837299252,1
2025-03-16,JayaTV,11,206,4508,10.308611485457376,1
2025-03-16,RajTV,32,236,4809,9.619892919782355,1
2025-03-16,KalaignarTV,33,237,4937,10.716110112369233,1
2025-03-16,DDNews,17,213,4882,10.550141545301527,1
2025-03-16,DDNational,9,213,5060,10.622014746236303,1
2025-03-16,DDSports,-1,224,4851,10.408249351628987,1
2025-03-16,TenSports,27,235,5156,9.953490786104439,1
2025-03-16,StarSports,16,226,4835,10.122490558128327,1
2025-03-16,SonySports,44,204,4843,10.312705121178844,1
2025-03-16,Eurosport,9,243,5017,10.466901829936914,1
2025-03-16,CNBC,12,252,4680,10.54727844418787,1
2025-03-16,BloombergTV,19,208,4824,10.622449598883739,1
2025-03-16,BBCWorld,47,252,4883,9.803491427153077,1
2025-03-16,AlJazeera,21,217,5064,10.708067354251666,1
2025-03-16,France24,51,209,4945,9.87873810870565,1
2025-03-16,VH1,14,245,4886,10.311575109303789,1
2025-03-16,MTV,-3,217,4656,11.181508014288518,1
2025-03-17,News24,538,1,912,4.5801909168565125,0
2025-03-17,StarTV,531,1,1013,4.369824439415587,0
2025-03-17,ZeeTV,563,1,1011,5.94928972845565,0
2025-03-17,SunTV,536,1,748,5.01214140150803,0
2025-03-17,ABPNews,573,1,905,5.321341731464919,0
2025-03-17,NDTV,519,1,704,5.417408288616541,0
2025-03-17,IndiaTV,532,2,1131,4.3709235294293505,0
2025-03-17,CNNNews18,531,1,1058,4.923529673048935,0
2025-03-17,TimesNow,537,1,1011,4.396591898790239,0
2025-03-17,RepublicTV,571,1,1155,5.324706739435644,0
2025-03-17,TV9,567,1,1123,5.091688216522205,0
2025-03-17,Asianet,564,1,945,5.460460685268,0
2025-03-17,Colors,548,2,967,5.4937880889610975,0
2025-03-17,SonyTV,546,1,876,4.986624484995409,0
2025-03-17,StarPlus,562,1,1194,4.617960356025087,0
2025-03-17,ZeeCinema,564,2,845,4.754944234779919,0
2025-03-17,StarMovies,544,1,1212,5.017515762336831,0
2025-03-17,HBO,580,4,1052,5.787444669623814,0
2025-03-17,Discovery,534,1,1119,4.957009320923784,0
2025-03-17,NationalGeographic,538,1,930,4.40782159511965,0
2025-03-17,AnimalPlanet,527,3,725,4.365699060983878,0
2025-03-17,HistoryTV18,581,1,692,4.514606037501994,0
2025-03-17,CartoonNetwork,584,1,1202,4.801402242781387,0
2025-03-17,Pogo,523,1,817,5.313360431119774,0
2025-03-17,Nickelodeon,538,1,783,5.390267667747776,0
2025-03-17,SonyMax,558,1,867,5.134524345126254,0
2025-03-17,ZeeTelugu,537,1,905,4.3213577751819905,0
2025-03-17,ETV,529,2,820,5.754478396780125,0
2025-03-17,GeminiTV,559,6,1115,4.766567067875453,0
2025-03-17,MaaTV,565,4,1083,4.622710554245549,0
2025-03-17,UdayaTV,573,1,840,4.933751951294229,0
2025-03-17,SuryaTV,547,1,839,4.933084960756118,0
2025-03-17,KTV,534,1,1053,4.32763549974631,0
2025-03-17,JayaTV,584,1,900,5.450907542636652,0
2025-03-17,RajTV,578,1,935,5.3197088615886905,0
2025-03-17,KalaignarTV,576,1,1008,4.631501904304777,0
2025-03-17,DDNews,558,1,764,5.41468189758811,0
2025-03-17,DDNational,536,5,944,4.798988239441614,0
2025-03-17,DDSports,536,1,1191,5.203024056298577,0
2025-03-17,TenSports,558,1,797,5.617783372899658,0
2025-03-17,StarSports,541,6,1021,4.818131277535725,0
2025-03-17,SonySports,563,4,836,5.697685728342638,0
2025-03-17,Eurosport,567,1,800,4.142355114892113,0
2025-03-17,CNBC,548,1,1009,4.746707732262151,0
2025-03-17,BloombergTV,556,4,798,5.743931785485465,0
2025-03-17,BBCWorld,540,7,817,4.867744210608923,0
2025-03-17,AlJazeera,558,1,979,4.8017704079698955,0
2025-03-17,France24,570,2,911,4.870854737628946,0
2025-03-17,VH1,572,1,1049,5.574487632047186,0
2025-03-17,MTV,564,1,1103,5.53147057277896,0
2025-03-18,News24,21,212,5156,9.467753073220093,1
2025-03-18,StarTV,8,235,4503,9.645554759738008,1
2025-03-18,ZeeTV,32,218,5003,10.408071836132693,1
2025-03-18,SunTV,14,214,4635,10.508307181848863,1
2025-03-18,ABPNews,59,212,4694,11.084955349494463,1
2025-03-18,NDTV,22,220,4919,11.10881220901377,1
2025-03-18,IndiaTV,19,213,4813,10.427040987401089,1
2025-03-18,CNNNews18,59,231,4862,10.054268075342234,1
2025-03-18,TimesNow,14,228,4987,10.540504224414017,1
2025-03-18,RepublicTV,17,223,4794,10.612718940764056,1
2025-03-18,TV9,51,213,4795,10.713008586915542,1
2025-03-18,Asianet,16,219,4705,10.603546913594888,1
2025-03-18,Colors,48,216,4490,9.756278471898376,1
2025-03-18,SonyTV,26,214,4795,10.654782771358537,1
2025-03-18,StarPlus,38,228,4440,9.778998753095724,1
2025-03-18,ZeeCinema,49,216,4719,10.011799269257606,1
2025-03-18,StarMovies,18,238,4873,10.348915529199656,1
2025-03-18,HBO,15,237,4809,9.612955689116147,1
2025-03-18,Discovery,30,244,4900,10.511568211949857,1
2025-03-18,NationalGeographic,34,236,4448,10.790232184282956,1
2025-03-18,AnimalPlanet,19,238,4896,10.350759613735137,1
2025-03-18,HistoryTV18,43,234,4870,10.698998341774356,1
2025-03-18,CartoonNetwork,5,232,4631,10.513437592359558,1
2025-03-18,Pogo,10,205,4738,10.859962456148013,1
2025-03-18,Nickelodeon,18,237,4581,9.893819740506087,1
2025-03-18,SonyMax,14,210,4917,9.657257767899072,1
2025-03-18,ZeeTelugu,-5,219,5036,10.0246373756298,1
2025-03-18,ETV,18,220,5108,9.969169858180821,1
2025-03-18,GeminiTV,7,208,4836,10.310992754093741,1
2025-03-18,MaaTV,17,217,4798,10.441974903002091,1
2025-03-18,UdayaTV,7,214,4794,10.34345865862605,1
2025-03-18,SuryaTV,27,219,4513,11.000434275343,1
2025-03-18,KTV,-2,232,4641,9.583034833865993,1
2025-03-18,JayaTV,46,209,4841,10.04589326997982,1
2025-03-18,RajTV,43,199,4389,9.261259706939533,1
2025-03-18,KalaignarTV,50,207,4671,9.939374006666124,1
2025-03-18,DDNews,10,223,4803,10.530963145003218,1
2025-03-18,DDNational,39,224,4750,10.194776745037528,1
2025-03-18,DDSports,20,231,4447,9.956233402721027,1
2025-03-18,TenSports,49,234,4978,9.821441124881837,1
2025-03-18,StarSports,13,212,4779,10.209865681104153,1
2025-03-18,SonySports,28,210,4365,10.483446479119035,1
2025-03-18,Eurosport,56,235,4881,10.43065638868581,1
2025-03-18,CNBC,-1,245,4702,9.809436036129236,1
2025-03-18,BloombergTV,-5,220,4575,10.637210866073136,1
2025-03-18,BBCWorld,26,241,4657,10.88309499897497,1
2025-03-18,AlJazeera,17,222,4561,9.264827962953488,1
2025-03-18,France24,50,222,4921,9.758172712847744,1
2025-03-18,VH1,53,204,4501,10.222989889444733,1
2025-03-18,MTV,10,226,5043,10.470583178987672,1
2025-03-19,News24,550,11,1026,5.069859916101537,0
2025-03-19,StarTV,487,5,961,4.527296227079544,0
2025-03-19,ZeeTV,528,4,692,4.102503729280521,0
2025-03-19,SunTV,508,1,1022,4.530518477091906,0
2025-03-19,ABPNews,538,2,861,4.185466585138585,0
2025-03-19,NDTV,489,1,754,5.0951073613176305,0
2025-03-19,IndiaTV,511,1,968,4.431817717596249,0
2025-03-19,CNNNews18,546,8,805,3.763915803139245,0
2025-03-19,TimesNow,538,1,872,4.64114879272139,0
2025-03-19,RepublicTV,523,1,781,4.701985092751873,0
2025-03-19,TV9,520,1,1074,5.032238238389765,0
2025-03-19,Asianet,522,5,953,4.165097341625626,0
2025-03-19,Colors,516,15,871,4.464896829189359,0
2025-03-19,SonyTV,517,1,885,4.5383534860307755,0
2025-03-19,StarPlus,504,1,887,4.476814386526313,0
2025-03-19,ZeeCinema,555,1,790,4.226650711327288,0
2025-03-19,StarMovies,546,1,805,3.6617933816103556,0
2025-03-19,HBO,499,1,785,5.072251357421965,0
2025-03-19,Discovery,530,2,1033,4.668620111142477,0
2025-03-19,NationalGeographic,506,8,957,4.539280963933784,0
2025-03-19,AnimalPlanet,545,4,1102,4.031719649023566,0
2025-03-19,HistoryTV18,500,1,694,4.763260337758703,0
2025-03-19,CartoonNetwork,488,1,842,4.695123147451627,0
2025-03-19,Pogo,556,1,855,4.244945280479466,0
2025-03-19,Nickelodeon,502,1,1010,5.042136400269583,0
2025-03-19,SonyMax,535,1,812,5.061922964043554,0
2025-03-19,ZeeTelugu,541,1,938,4.393453554274774,0
2025-03-19,ETV,530,1,791,5.285707293362324,0
2025-03-19,GeminiTV,505,10,828,5.344710843937727,0
2025-03-19,MaaTV,494,6,888,3.8098683704856677,0
2025-03-19,UdayaTV,506,1,980,5.450482827299414,0
2025-03-19,SuryaTV,524,1,1122,4.464239392642503,0
2025-03-19,KTV,511,9,799,4.967880365075948,0
2025-03-19,JayaTV,524,6,771,4.4513326198887455,0
2025-03-19,RajTV,487,8,995,4.9861203897403445,0
2025-03-19,KalaignarTV,542,5,822,4.679016283510998,0
2025-03-19,DDNews,532,1,1128,4.522919390327609,0
2025-03-19,DDNational,517,4,826,4.160964047776073,0
2025-03-19,DDSports,530,1,817,4.635555557296411,0
2025-03-19,TenSports,515,1,1073,4.784301657748512,0
2025-03-19,StarSports,514,5,1125,4.966764967039618,0
2025-03-19,SonySports,508,1,873,4.260169992053344,0
2025-03-19,Eurosport,501,1,984,5.0451206866976825,0
2025-03-19,CNBC,527,14,716,4.886257292596461,0
2025-03-19,BloombergTV,548,1,1027,4.030289161492074,0
2025-03-19,BBCWorld,547,1,945,3.85794275829885,0
2025-03-19,AlJazeera,531,1,1091,5.358699709402803,0
2025-03-19,France24,490,1,1059,5.163327884533673,0
2025-03-19,VH1,501,3,883,4.883845571312973,0
2025-03-19,MTV,515,1,769,3.897398323999053,0
2025-03-20,News24,-1,224,4600,10.680581861219197,1
2025-03-20,StarTV,44,220,4698,10.170961307212577,1
2025-03-20,ZeeTV,19,230,4847,9.791283212420488,1
2025-03-20,SunTV,36,226,5052,10.442101266228923,1
2025-03-20,ABPNews,58,250,4641,11.057195432034948,1
2025-03-20,NDTV,44,221,4832,10.770667039880715,1
2025-03-20,IndiaTV,30,230,4438,10.17885367012196,1
2025-03-20,CNNNews18,38,211,4747,11.284662366334874,1
2025-03-20,TimesNow,17,226,5006,10.660567862793608,1
2025-03-20,RepublicTV,12,219,4733,11.07859932013515,1
2025-03-20,TV9,49,229,5026,10.082606879170818,1
2025-03-20,Asianet,43,232,4891,10.815547351485186,1
2025-03-20,Colors,4,242,4842,10.76125607028937,1
2025-03-20,SonyTV,1,225,4908,10.828692145993282,1
2025-03-20,StarPlus,44,222,4910,9.963670901362574,1
2025-03-20,ZeeCinema,-1,237,4837,10.756046630473373,1
2025-03-20,StarMovies,5,243,4548,11.063334885045647,1
2025-03-20,HBO,46,242,4654,10.297863978255462,1
2025-03-20,Discovery,8,249,5028,10.134113578470968,1
2025-03-20,NationalGeographic,-4,223,4983,10.46799840107448,1
2025-03-20,AnimalPlanet,20,224,4903,10.692031496992925,1
2025-03-20,HistoryTV18,2,243,5110,10.769964935832881,1
2025-03-20,CartoonNetwork,-8,235,4884,10.292807178247175,1
2025-03-20,Pogo,49,228,4927,10.484206721026252,1
2025-03-20,Nickelodeon,20,213,5117,10.288525284174176,1
2025-03-20,SonyMax,-15,222,4547,10.780395482846435,1
2025-03-20,ZeeTelugu,34,220,4695,11.272201535337334,1
2025-03-20,ETV,40,240,4783,10.678332619708915,1
2025-03-20,GeminiTV,56,224,4836,10.529162622102662,1
2025-03-20,MaaTV,26,242,4864,10.50958319296617,1
2025-03-20,UdayaTV,-4,226,5062,10.152309449689337,1
2025-03-20,SuryaTV,-5,225,4906,10.787014870094033,1
2025-03-20,KTV,35,235,4668,10.951888766908795,1
2025-03-20,JayaTV,-4,217,4882,10.982841546576154,1
2025-03-20,RajTV,36,252,5211,10.624001732960284,1
2025-03-20,KalaignarTV,-12,217,4724,10.837606658010603,1
2025-03-20,DDNews,48,247,4874,9.909094442135022,1
2025-03-20,DDNational,32,221,4707,9.915938881084072,1
2025-03-20,DDSports,18,248,5044,11.17973218379715,1
2025-03-20,TenSports,23,232,4570,10.06543763695692,1
2025-03-20,StarSports,28,221,5079,10.73253362744795,1
2025-03-20,SonySports,42,218,5113,10.91806436242096,1
2025-03-20,Eurosport,-4,201,5149,9.999823446791167,1
2025-03-20,CNBC,-4,212,4878,10.180939657793257,1
2025-03-20,BloombergTV,21,240,4765,10.920020415107285,1
2025-03-20,BBCWorld,30,230,4679,9.949268869992702,1
2025-03-20,AlJazeera,20,221,4633,10.095176924467093,1
2025-03-20,France24,47,227,4954,10.283677168811955,1
2025-03-20,VH1,10,208,4720,10.965164690161172,1
2025-03-20,MTV,15,234,4487,10.863947183627563,1
2025-03-21,News24,581,1,939,4.757203702763029,0
2025-03-21,StarTV,537,9,996,4.964549351660162,0
2025-03-21,ZeeTV,557,1,1056,5.161740194200019,0
2025-03-21,SunTV,564,1,1049,5.5188383695063985,0
2025-03-21,ABPNews,580,1,1003,5.0451536937586425,0
2025-03-21,NDTV,590,1,817,5.5757654738082465,0
2025-03-21,IndiaTV,562,1,1158,5.220610472374883,0
2025-03-21,CNNNews18,566,2,888,5.235886583513729,0
2025-03-21,TimesNow,597,7,841,5.8221005718249375,0
2025-03-21,RepublicTV,589,3,1129,5.911954987802256,0
2025-03-21,TV9,558,1,1088,4.264275093362286,0
2025-03-21,Asianet,553,1,984,4.9961952250538,0
2025-03-21,Colors,556,1,798,4.978163504005352,0
2025-03-21,SonyTV,545,8,850,4.981891142228491,0
2025-03-21,StarPlus,566,1,1164,4.643325769682299,0
2025-03-21,ZeeCinema,556,1,835,4.524386128669513,0
2025-03-21,StarMovies,572,1,860,5.382893903869097,0
2025-03-21,HBO,566,1,1111,4.5208860862242055,0
2025-03-21,Discovery,593,1,1132,5.604385916340028,0
2025-03-21,NationalGeographic,590,1,919,5.523463853450442,0
2025-03-21,AnimalPlanet,571,1,1111,5.7394853706218205,0
2025-03-21,HistoryTV18,564,1,1158,5.871338927769093,0
2025-03-21,CartoonNetwork,541,8,781,4.684266886993912,0
2025-03-21,Pogo,534,1,839,5.351116857555678,0
2025-03-21,Nickelodeon,576,1,968,5.26969565813995,0
2025-03-21,SonyMax,584,1,1043,4.513038761319097,0
2025-03-21,ZeeTelugu,566,1,1055,5.131156828991387,0
2025-03-21,ETV,575,1,873,5.775751625405989,0
2025-03-21,GeminiTV,589,1,1172,5.278649840065349,0
2025-03-21,MaaTV,589,1,998,5.2420493476467795,0
2025-03-21,UdayaTV,565,4,965,5.270796485310552,0
2025-03-21,SuryaTV,586,1,1062,4.5558373412891715,0
2025-03-21,KTV,598,1,894,4.890572036780418,0
2025-03-21,JayaTV,584,11,855,5.134670476813358,0
2025-03-21,RajTV,592,1,776,5.346636619375481,0
2025-03-21,KalaignarTV,572,7,1101,4.960852212472212,0
2025-03-21,DDNews,546,9,1058,5.534551476281909,0
2025-03-21,DDNational,577,3,863,5.175123555118946,0
2025-03-21,DDSports,598,1,820,4.577690486740364,0
2025-03-21,TenSports,588,7,912,5.683326137791954,0
2025-03-21,StarSports,584,1,1036,5.8710907508132975,0
2025-03-21,SonySports,560,1,1019,4.680021392777499,0
2025-03-21,Eurosport,561,1,1018,4.634291978822048,0
2025-03-21,CNBC,562,1,751,5.352794853031306,0
2025-03-21,BloombergTV,596,1,1031,4.925247570400421,0
2025-03-21,BBCWorld,563,1,980,4.804826485353278,0
2025-03-21,AlJazeera,569,1,773,4.609343509974721,0
2025-03-21,France24,573,1,853,4.737355082594956,0
2025-03-21,VH1,563,1,1070,5.6718405218146675,0
2025-03-21,MTV,576,10,788,5.207927456735342,0
2025-03-22,News24,30,221,4523,10.953058919142698,1
2025-03-22,StarTV,9,213,5116,10.367907608983424,1
2025-03-22,ZeeTV,-15,224,4820,9.923326012443104,1
2025-03-22,SunTV,10,238,5032,11.025361721102346,1
2025-03-22,ABPNews,31,223,4771,10.691728918417562,1
2025-03-22,NDTV,14,228,4891,9.458387064559483,1
2025-03-22,IndiaTV,31,222,4588,9.818157669065673,1
2025-03-22,CNNNews18,0,230,4431,10.042692771933442,1
2025-03-22,TimesNow,-12,238,4672,10.829569424354606,1
2025-03-22,RepublicTV,-8,251,4821,11.012351788017186,1
2025-03-22,TV9,23,204,4939,10.816806154513088,1
2025-03-22,Asianet,31,235,4531,9.340174256840692,1
2025-03-22,Colors,26,225,4944,9.986667891553632,1
2025-03-22,SonyTV,36,234,4701,10.309509265654322,1
2025-03-22,StarPlus,-11,250,5027,9.484549288929546,1
2025-03-22,ZeeCinema,7,209,4756,10.08981923237268,1
2025-03-22,StarMovies,24,224,4866,9.430573275459329,1
2025-03-22,HBO,7,224,4885,10.306608822082474,1
2025-03-22,Discovery,48,218,4704,10.339775614559947,1
2025-03-22,NationalGeographic,13,246,4768,10.197663261569032,1
2025-03-22,AnimalPlanet,11,218,4704,10.426452406695933,1
2025-03-22,HistoryTV18,22,230,5047,10.503196266255609,1
2025-03-22,CartoonNetwork,46,210,4845,11.214970123578878,1
2025-03-22,Pogo,21,233,4691,10.064898666906116,1
2025-03-22,Nickelodeon,9,249,4888,10.53105261662233,1
2025-03-22,SonyMax,40,243,4925,9.999042099923015,1
2025-03-22,ZeeTelugu,35,227,4935,9.93514744970274,1
2025-03-22,ETV,33,229,4821,10.473831182818657,1
2025-03-22,GeminiTV,1,232,4659,9.394228869635235,1
2025-03-22,MaaTV,27,243,4790,10.134180870523638,1
2025-03-22,UdayaTV,58,220,5018,9.474928025320926,1
2025-03-22,SuryaTV,30,237,4584,10.492328983458782,1
2025-03-22,KTV,43,232,4676,10.369672433089274,1
2025-03-22,JayaTV,11,208,4853,10.46424151053327,1
2025-03-22,RajTV,21,245,5140,10.708763192493167,1
2025-03-22,KalaignarTV,51,225,4798,10.24523894960798,1
2025-03-22,DDNews,8,214,4900,10.439560485498257,1
2025-03-22,DDNational,0,214,4694,10.657177625718633,1
2025-03-22,DDSports,32,218,4818,9.489086754613533,1
2025-03-22,TenSports,3,227,4575,10.77440645831085,1
2025-03-22,StarSports,-3,224,4724,10.633414490055289,1
2025-03-22,SonySports,39,199,4385,9.753078033645519,1
2025-03-22,Eurosport,20,241,4722,9.900611150725544,1
2025-03-22,CNBC,17,207,4942,9.64471180855329,1
2025-03-22,BloombergTV,-3,234,4744,10.171134625491314,1
2025-03-22,BBCWorld,33,228,4893,10.073502077103322,1
2025-03-22,AlJazeera,11,200,5078,10.847745838551244,1
2025-03-22,France24,-1,251,5054,10.179947628868009,1
2025-03-22,VH1,-8,210,4739,9.757773444352422,1
2025-03-22,MTV,6,245,4838,10.022094412507007,1
2025-03-23,News24,555,4,824,4.669760426411356,0
2025-03-23,StarTV,551,1,816,3.9487189543617904,0
2025-03-23,ZeeTV,551,5,871,4.523253214076626,0
2025-03-23,SunTV,507,1,1073,4.2800215880625005,0
2025-03-23,ABPNews,548,1,722,4.742769076127874,0
2025-03-23,NDTV,544,6,970,4.794380685392065,0
2025-03-23,IndiaTV,534,1,1054,4.3929515156276056,0
2025-03-23,CNNNews18,525,4,818,4.856751445677418,0
2025-03-23,TimesNow,525,1,881,3.9918981798721958,0
2025-03-23,RepublicTV,524,1,860,4.848078063267727,0
2025-03-23,TV9,521,1,859,4.8200903777077055,0
2025-03-23,Asianet,525,1,810,4.108333283251569,0
2025-03-23,Colors,565,6,986,4.763554397041945,0
2025-03-23,SonyTV,524,1,919,5.103603072639461,0
2025-03-23,StarPlus,509,6,1008,5.117323358473803,0
2025-03-23,ZeeCinema,559,1,846,4.481737795058205,0
2025-03-23,StarMovies,525,12,887,4.345093467321418,0
2025-03-23,HBO,550,1,1063,4.333332276575197,0
2025-03-23,Discovery,556,6,807,5.117615933962254,0
2025-03-23,NationalGeographic,556,1,963,4.744666294652364,0
2025-03-23,AnimalPlanet,556,1,816,5.616973418496988,0
2025-03-23,HistoryTV18,556,1,1047,4.487903037186089,0
2025-03-23,CartoonNetwork,534,1,649,5.128841400177477,0
2025-03-23,Pogo,552,1,996,5.411333743229298,0
2025-03-23,Nickelodeon,557,1,833,4.868267602919859,0
2025-03-23,SonyMax,543,1,987,4.2279588990382715,0
2025-03-23,ZeeTelugu,541,5,746,4.951792643528245,0
2025-03-23,ETV,519,1,1157,5.235141698668349,0
2025-03-23,GeminiTV,522,1,871,4.625214367912355,0
2025-03-23,MaaTV,544,1,842,4.90003042549382,0
2025-03-23,UdayaTV,560,7,1058,4.228670218488985,0
2025-03-23,SuryaTV,541,11,864,4.1341201607977895,0
2025-03-23,KTV,515,12,838,5.438318577669225,0
2025-03-23,JayaTV,513,8,867,4.531039361640416,0
2025-03-23,RajTV,549,5,971,5.229832414656142,0
2025-03-23,KalaignarTV,538,1,911,4.739132985799503,0
2025-03-23,DDNews,529,1,867,5.329334820373452,0
2025-03-23,DDNational,537,1,1038,5.4270304043579305,0
2025-03-23,DDSports,548,1,1149,4.576594771224622,0
2025-03-23,TenSports,561,1,1047,4.45866714124166,0
2025-03-23,StarSports,509,1,1016,4.848888033996428,0
2025-03-23,SonySports,508,2,905,4.879424379859304,0
2025-03-23,Eurosport,569,1,871,4.367800668335972,0
2025-03-23,CNBC,556,1,959,4.362311861867881,0
2025-03-23,BloombergTV,557,1,1017,5.427231161613616,0
2025-03-23,BBCWorld,547,5,1002,4.581253982132555,0
2025-03-23,AlJazeera,555,1,1035,4.342339019722969,0
2025-03-23,France24,542,9,1056,5.299825098631638,0
2025-03-23,VH1,546,12,1148,4.95430838410662,0
2025-03-23,MTV,553,1,817,3.9992414608195417,0
2025-03-24,News24,24,226,4763,10.885526397408805,1
2025-03-24,StarTV,-10,236,4623,11.04637747151163,1
2025-03-24,ZeeTV,23,219,4974,10.103864808642475,1
2025-03-24,SunTV,2,245,5082,10.838138371766014,1
2025-03-24,ABPNews,-5,255,4626,10.843461668231928,1
2025-03-24,NDTV,39,250,4932,10.397997869762047,1
2025-03-24,IndiaTV,21,255,5010,10.256864159785065,1
2025-03-24,CNNNews18,44,237,4919,9.62957435577325,1
2025-03-24,TimesNow,7,256,4546,10.158593250721053,1
2025-03-24,RepublicTV,22,248,4953,10.806719548389141,1
2025-03-24,TV9,1,243,5141,10.013621095115873,1
2025-03-24,Asianet,42,238,4857,10.27577084774922,1
2025-03-24,Colors,21,220,4636,10.97638668857066,1
2025-03-24,SonyTV,47,227,4934,10.399331631292725,1
2025-03-24,StarPlus,35,209,4758,10.919126183760337,1
2025-03-24,ZeeCinema,8,253,4762,10.47539808941139,1
2025-03-24,StarMovies,4,222,4785,9.675562892750627,1
2025-03-24,HBO,36,240,4788,9.536983648215614,1
2025-03-24,Discovery,36,206,4823,10.000202409741151,1
2025-03-24,NationalGeographic,15,228,4844,10.473519773838575,1
2025-03-24,AnimalPlanet,27,213,5026,10.043539929161156,1
2025-03-24,HistoryTV18,22,210,5022,10.356497694698135,1
2025-03-24,CartoonNetwork,53,246,5054,11.085418095914697,1
2025-03-24,Pogo,14,242,5056,9.946969426735558,1
2025-03-24,Nickelodeon,15,224,4988,11.286058892938252,1
2025-03-24,SonyMax,17,213,4602,9.885959291282287,1
2025-03-24,ZeeTelugu,32,244,5072,11.086267337019809,1
2025-03-24,ETV,43,219,4519,9.358138620899757,1
2025-03-24,GeminiTV,-2,211,4974,10.266132094306066,1
2025-03-24,MaaTV,22,219,5204,10.771471113992536,1
2025-03-24,UdayaTV,12,231,4486,10.288728092702389,1
2025-03-24,SuryaTV,-1,222,5046,9.399042883536445,1
2025-03-24,KTV,2,215,5188,9.737158767069783,1
2025-03-24,JayaTV,6,243,5034,9.830022464114693,1
2025-03-24,RajTV,-8,219,4740,10.764161139350655,1
2025-03-24,KalaignarTV,-10,250,4595,9.756278933965616,1
2025-03-24,DDNews,-1,225,4771,9.974034682780104,1
2025-03-24,DDNational,7,247,4548,10.156469620206755,1
2025-03-24,DDSports,9,250,4750,10.27875381988964,1
2025-03-24,TenSports,12,228,4933,10.302087380251491,1
2025-03-24,StarSports,2,244,4549,10.652327258425839,1
2025-03-24,SonySports,24,220,4919,9.95797668183018,1
2025-03-24,Eurosport,-5,235,5070,10.87129891816967,1
2025-03-24,CNBC,28,248,4999,10.521836700796724,1
2025-03-24,BloombergTV,32,216,4831,10.366882327538647,1
2025-03-24,BBCWorld,38,224,4945,10.514913293195615,1
2025-03-24,AlJazeera,10,233,4981,10.582858016725847,1
2025-03-24,France24,33,236,4842,10.723022321216162,1
2025-03-24,VH1,42,223,4844,11.321623749882573,1
2025-03-24,MTV,34,231,4899,9.818006749960045,1
2025-03-25,News24,579,1,940,5.271659385604186,0
2025-03-25,StarTV,558,1,1177,4.622184622218685,0
2025-03-25,ZeeTV,572,1,812,4.864797227881983,0
2025-03-25,SunTV,559,6,1110,5.493508025545948,0
2025-03-25,ABPNews,587,1,1123,4.626189436612253,0
2025-03-25,NDTV,594,1,989,5.060445009345233,0
2025-03-25,IndiaTV,598,1,944,4.717162561532967,0
2025-03-25,CNNNews18,559,1,1021,5.21607372202889,0
2025-03-25,TimesNow,553,1,1085,4.362713835866463,0
2025-03-25,RepublicTV,558,1,898,5.205267073077756,0
2025-03-25,TV9,591,1,1074,4.8739972263418645,0
2025-03-25,Asianet,560,1,988,5.800944781642921,0
2025-03-25,Colors,581,4,1231,5.322268805982262,0
2025-03-25,SonyTV,562,9,879,5.64742437957455,0
2025-03-25,StarPlus,565,1,800,5.674407533232338,0
2025-03-25,ZeeCinema,544,1,1152,5.500692303094411,0
2025-03-25,StarMovies,545,1,965,6.079297427976233,0
2025-03-25,HBO,591,1,908,5.859148085979472,0
2025-03-25,Discovery,584,1,909,5.532223180736436,0
2025-03-25,NationalGeographic,583,1,1067,5.698913297882228,0
2025-03-25,AnimalPlanet,599,1,1075,5.686781878230293,0
2025-03-25,HistoryTV18,581,1,1125,5.300721734700389,0
2025-03-25,CartoonNetwork,560,1,907,5.690693106644511,0
2025-03-25,Pogo,541,1,1078,5.360068462634713,0
2025-03-25,Nickelodeon,572,1,1006,5.315849465691451,0
2025-03-25,SonyMax,553,1,1070,4.896828902575832,0
2025-03-25,ZeeTelugu,591,1,1027,5.277103740749869,0
2025-03-25,ETV,549,1,927,5.0465381197434045,0
2025-03-25,GeminiTV,582,1,946,5.686495672285734,0
2025-03-25,MaaTV,584,1,1016,5.830149191481893,0
2025-03-25,UdayaTV,547,1,903,4.911562076209693,0
2025-03-25,SuryaTV,593,1,970,4.536146782540478,0
2025-03-25,KTV,601,1,1162,5.296832965908948,0
2025-03-25,JayaTV,564,1,961,5.799023621149686,0
2025-03-25,RajTV,588,1,873,5.15361330607348,0
2025-03-25,KalaignarTV,560,6,1003,5.269439245596134,0
2025-03-25,DDNews,549,1,1110,4.654448165290022,0
2025-03-25,DDNational,555,1,1019,5.5784440314542385,0
2025-03-25,DDSports,573,1,835,4.802332441694967,0
2025-03-25,TenSports,588,1,897,5.877363408750298,0
2025-03-25,StarSports,582,1,1208,5.341921059435376,0
2025-03-25,SonySports,564,1,1087,4.93507178435838,0
2025-03-25,Eurosport,565,1,937,4.778423806610226,0
2025-03-25,CNBC,553,1,941,5.1100409917153184,0
2025-03-25,BloombergTV,585,1,967,5.373501909942291,0
2025-03-25,BBCWorld,589,1,896,5.636497575955659,0
2025-03-25,AlJazeera,556,1,1152,5.6378817515100295,0
2025-03-25,France24,594,1,1212,5.583037686008259,0
2025-03-25,VH1,581,1,810,5.648752659044738,0
2025-03-25,MTV,551,1,1209,5.2048557899267776,0
2025-03-26,News24,25,222,4668,10.259293063441717,1
2025-03-26,StarTV,21,225,4869,10.369079968901184,1
2025-03-26,ZeeTV,48,227,4780,10.08332166761024,1
2025-03-26,SunTV,43,228,4857,9.79188342207017,1
2025-03-26,ABPNews,7,212,4865,10.29431950214563,1
2025-03-26,NDTV,34,214,4714,10.588113468775022,1
2025-03-26,IndiaTV,29,223,4729,10.439061501262888,1
2025-03-26,CNNNews18,39,213,4763,10.50581622378428,1
2025-03-26,TimesNow,9,225,5163,10.181321000244514,1
2025-03-26,RepublicTV,30,237,5107,11.475032443629486,1
2025-03-26,TV9,36,227,4718,10.426952774837698,1
2025-03-26,Asianet,11,242,5028,10.747191045142175,1
2025-03-26,Colors,4,256,4859,11.30408315965514,1
2025-03-26,SonyTV,-7,218,4849,10.032074480712813,1
2025-03-26,StarPlus,37,220,5076,10.29448655631188,1
2025-03-26,ZeeCinema,25,249,4762,10.876242639121944,1
2025-03-26,StarMovies,26,209,4724,10.799694528175367,1
2025-03-26,HBO,25,232,5064,11.09847269882466,1
2025-03-26,Discovery,6,226,4924,10.515342194025955,1
2025-03-26,NationalGeographic,1,226,4873,9.692814581527312,1
2025-03-26,AnimalPlanet,-13,222,4762,10.598396634378174,1
2025-03-26,HistoryTV18,5,230,4594,10.01171018810353,1
2025-03-26,CartoonNetwork,-8,217,4990,10.42928957572214,1
2025-03-26,Pogo,51,217,4895,9.799368030837334,1
2025-03-26,Nickelodeon,24,250,5052,10.521801242795265,1
2025-03-26,SonyMax,28,244,4803,9.592463157067709,1
2025-03-26,ZeeTelugu,31,236,4882,10.877840162765446,1
2025-03-26,ETV,46,216,5155,10.658390804682085,1
2025-03-26,GeminiTV,28,230,5087,10.299506823480613,1
2025-03-26,MaaTV,22,239,4939,10.247375408266409,1
2025-03-26,UdayaTV,25,241,4874,10.360011999996047,1
2025-03-26,SuryaTV,-17,220,4674,11.248621381576521,1
2025-03-26,KTV,25,248,5207,10.700590408578666,1
2025-03-26,JayaTV,6,241,5140,10.363120004956865,1
2025-03-26,RajTV,-8,236,5183,11.027000188362326,1
2025-03-26,KalaignarTV,30,208,4852,10.025786741748497,1
2025-03-26,DDNews,55,236,4904,10.366776395046019,1
2025-03-26,DDNational,-13,206,4904,10.327982010689489,1
2025-03-26,DDSports,7,230,4975,10.414061807714635,1
2025-03-26,TenSports,41,227,5096,11.319362156672138,1
2025-03-26,StarSports,27,212,5149,11.27665666112235,1
2025-03-26,SonySports,-10,223,4898,11.068806105481807,1
2025-03-26,Eurosport,1,211,4871,10.679124404266402,1
2025-03-26,CNBC,5,235,4730,10.4999802641029,1
2025-03-26,BloombergTV,37,244,5210,11.172629968457228,1
2025-03-26,BBCWorld,43,207,4768,10.262046367270566,1
2025-03-26,AlJazeera,35,218,5111,11.267709144640135,1
2025-03-26,France24,-11,221,4595,10.3664792773313,1
2025-03-26,VH1,38,242,5044,10.850225031808927,1
2025-03-26,MTV,9,231,4427,10.427548688272118,1
2025-03-27,News24,522,1,835,4.930050151483307,0
2025-03-27,StarTV,555,1,1066,4.432656293224129,0
2025-03-27,ZeeTV,544,1,914,5.8499587846612515,0
2025-03-27,SunTV,559,1,1059,4.878548945922875,0
2025-03-27,ABPNews,579,1,878,5.0435573350678435,0
2025-03-27,NDTV,548,1,827,4.024515090117712,0
2025-03-27,IndiaTV,522,1,829,5.175134584130294,0
2025-03-27,CNNNews18,544,12,959,4.905777136999391,0
2025-03-27,TimesNow,537,1,779,5.383067178695728,0
2025-03-27,RepublicTV,524,1,959,4.834732149615652,0
2025-03-27,TV9,548,1,1171,5.165756877768782,0
2025-03-27,Asianet,511,1,835,4.486733223801424,0
2025-03-27,Colors,552,1,912,5.295677676015171,0
2025-03-27,SonyTV,541,1,788,5.405621166223579,0
2025-03-27,StarPlus,581,1,729,5.239540210901656,0
2025-03-27,ZeeCinema,564,1,702,4.723296304703389,0
2025-03-27,StarMovies,534,1,777,4.714317032719592,0
2025-03-27,HBO,548,8,917,4.843969539169189,0
2025-03-27,Discovery,553,1,960,4.726507388356859,0
2025-03-27,NationalGeographic,558,2,830,4.850001826217066,0
2025-03-27,AnimalPlanet,572,1,892,5.0075418758061145,0
2025-03-27,HistoryTV18,548,1,1016,5.2396951786792405,0
2025-03-27,CartoonNetwork,542,1,1218,4.274681993326302,0
2025-03-27,Pogo,543,1,775,4.80812746835608,0
2025-03-27,Nickelodeon,531,10,1046,4.952971719491866,0
2025-03-27,SonyMax,524,1,890,5.515626515246068,0
2025-03-27,ZeeTelugu,528,1,1050,4.999373670273075,0
2025-03-27,ETV,528,1,1101,4.901745013163002,0
2025-03-27,GeminiTV,531,1,1189,4.195756889839875,0
2025-03-27,MaaTV,545,1,718,4.445491515808558,0
2025-03-27,UdayaTV,541,1,962,5.230484711581173,0
2025-03-27,SuryaTV,548,7,1191,4.621382521083006,0
2025-03-27,KTV,528,1,768,4.964806253682735,0
2025-03-27,JayaTV,530,1,776,5.318879196873208,0
2025-03-27,RajTV,539,1,1009,5.0544684851385515,0
2025-03-27,KalaignarTV,562,1,1040,5.222614160397894,0
2025-03-27,DDNews,519,1,866,4.99442222835216,0
2025-03-27,DDNational,570,8,849,4.5696409461801055,0
2025-03-27,DDSports,570,1,837,4.586188899118206,0
2025-03-27,TenSports,516,10,701,5.408103465757996,0
2025-03-27,StarSports,523,3,960,4.770827894323497,0
2025-03-27,SonySports,530,1,935,4.837203368269287,0
2025-03-27,Eurosport,541,1,919,4.958670338501812,0
2025-03-27,CNBC,562,1,1012,4.591935509373175,0
2025-03-27,BloombergTV,578,1,1090,5.257853821292315,0
2025-03-27,BBCWorld,531,1,740,4.891586951330152,0
2025-03-27,AlJazeera,539,1,784,4.591466737104171,0
2025-03-27,France24,572,1,1008,4.494906811383467,0
2025-03-27,VH1,518,1,1002,4.817016588085726,0
2025-03-27,MTV,550,1,874,5.106644848607387,0
2025-03-28,News24,33,233,4771,10.07150533333645,1
2025-03-28,StarTV,12,227,5268,10.736635461157224,1
2025-03-28,ZeeTV,27,255,4744,10.221235575639255,1
2025-03-28,SunTV,48,226,4991,10.372180741464918,1
2025-03-28,ABPNews,-2,246,4809,10.900557766383024,1
2025-03-28,NDTV,16,222,4688,10.975723047324024,1
2025-03-28,IndiaTV,8,252,4557,10.899925822597792,1
2025-03-28,CNNNews18,25,236,4842,10.946333161108875,1
2025-03-28,TimesNow,7,240,4690,10.748209360134023,1
2025-03-28,RepublicTV,40,247,4980,9.932448252515497,1
2025-03-28,TV9,53,218,4639,10.527454332247512,1
2025-03-28,Asianet,32,215,5089,10.233285527850278,1
2025-03-28,Colors,15,223,5020,10.858959829354637,1
2025-03-28,SonyTV,38,233,4811,10.029410830788391,1
2025-03-28,StarPlus,-22,212,4811,9.793237830791313,1
2025-03-28,ZeeCinema,27,218,5197,10.35798608622023,1
2025-03-28,StarMovies,14,222,5137,11.315079441793802,1
2025-03-28,HBO,4,221,5074,11.37790170087183,1
2025-03-28,Discovery,15,230,5066,9.824523762367432,1
2025-03-28,NationalGeographic,30,247,5006,10.901720017394293,1
2025-03-28,AnimalPlanet,26,222,5142,10.147062825504525,1
2025-03-28,HistoryTV18,6,237,4936,10.607577315671525,1
2025-03-28,CartoonNetwork,36,211,4735,10.797717203945936,1
2025-03-28,Pogo,11,257,4783,10.245918038272233,1
2025-03-28,Nickelodeon,2,232,5232,11.114180261569416,1
2025-03-28,SonyMax,-4,218,4702,9.736012905925907,1
2025-03-28,ZeeTelugu,16,228,5045,9.818417369487829,1
2025-03-28,ETV,22,234,4560,10.929539516156087,1
2025-03-28,GeminiTV,18,214,4896,10.633017873050772,1
2025-03-28,MaaTV,22,240,4927,10.57670441576345,1
2025-03-28,UdayaTV,9,212,4863,10.11101533186183,1
2025-03-28,SuryaTV,-5,237,4895,10.703895264756644,1
2025-03-28,KTV,-8,256,5042,11.44529184968345,1
2025-03-28,JayaTV,13,243,5004,9.705376622260356,1
2025-03-28,RajTV,14,249,4727,10.419291154247132,1
2025-03-28,KalaignarTV,-19,232,5029,10.081572449631446,1
2025-03-28,DDNews,-17,211,4849,10.234115429427778,1
2025-03-28,DDNational,15,232,4806,10.377437629391821,1
2025-03-28,DDSports,3,209,4920,10.00615327458338,1
2025-03-28,TenSports,8,242,4848,10.33167554330803,1
2025-03-28,StarSports,44,211,5060,11.091477752829224,1
2025-03-28,SonySports,14,233,5289,10.472596671662375,1
2025-03-28,Eurosport,6,226,5285,10.22327013249889,1
2025-03-28,CNBC,42,254,5150,10.915545946101744,1
2025-03-28,BloombergTV,20,218,4924,10.62773081581222,1
2025-03-28,BBCWorld,16,232,5031,11.162783961363951,1
2025-03-28,AlJazeera,38,244,4719,10.55118780741561,1
2025-03-28,France24,29,218,4531,10.683467744591736,1
2025-03-28,VH1,41,243,5063,10.262521908746253,1
2025-03-28,MTV,-16,235,4644,10.67023825271617,1
2025-03-29,News24,570,1,979,5.195255039143738,0
2025-03-29,StarTV,598,2,1212,5.192854645566242,0
2025-03-29,ZeeTV,564,1,1073,4.959742824615624,0
2025-03-29,SunTV,607,1,859,4.7494099648158015,0
2025-03-29,ABPNews,576,1,1034,4.755367142225733,0
2025-03-29,NDTV,612,1,1072,4.753195159241019,0
2025-03-29,IndiaTV,559,1,1087,5.773168649701651,0
2025-03-29,CNNNews18,612,1,1048,4.699044414608554,0
2025-03-29,TimesNow,569,1,1022,4.5094520952808805,0
2025-03-29,RepublicTV,575,4,937,5.313643897582974,0
2025-03-29,TV9,563,1,805,5.067388203408725,0
2025-03-29,Asianet,573,1,1244,5.181003896755056,0
2025-03-29,Colors,573,1,1096,5.765072956674287,0
2025-03-29,SonyTV,587,1,1052,5.1325435866852205,0
2025-03-29,StarPlus,595,1,993,5.0850586293028215,0
2025-03-29,ZeeCinema,587,1,1169,5.366436693744185,0
2025-03-29,StarMovies,608,1,970,4.536363517785903,0
2025-03-29,HBO,567,4,1312,5.6428434846521816,0
2025-03-29,Discovery,608,1,1202,4.680306322015349,0
2025-03-29,NationalGeographic,579,1,1144,5.1331083693090465,0
2025-03-29,AnimalPlanet,607,1,1207,5.680697074360999,0
2025-03-29,HistoryTV18,570,1,1223,4.648750369368685,0
2025-03-29,CartoonNetwork,567,1,860,5.040427187269545,0
2025-03-29,Pogo,589,1,1184,5.0857069975136975,0
2025-03-29,Nickelodeon,614,1,1076,5.750713884747969,0
2025-03-29,SonyMax,587,1,966,5.7295539245452005,0
2025-03-29,ZeeTelugu,564,1,1119,4.900426338395586,0
2025-03-29,ETV,566,2,1007,4.776393909308426,0
2025-03-29,GeminiTV,603,6,984,4.597850715741619,0
2025-03-29,MaaTV,582,1,1154,4.779064598999727,0
2025-03-29,UdayaTV,576,1,1217,5.567030853658414,0
2025-03-29,SuryaTV,610,1,1164,5.047580126250166,0
2025-03-29,KTV,596,1,800,5.222470629935647,0
2025-03-29,JayaTV,567,4,802,4.74685197194343,0
2025-03-29,RajTV,588,1,1089,5.685294624634441,0
2025-03-29,KalaignarTV,579,1,776,5.110360083474016,0
2025-03-29,DDNews,559,1,1234,5.49179968141857,0
2025-03-29,DDNational,572,7,1022,4.9648221318635235,0
2025-03-29,DDSports,576,1,1146,4.773414189293431,0
2025-03-29,TenSports,573,1,1105,4.48697932375903,0
2025-03-29,StarSports,556,1,1085,5.5434845880735075,0
2025-03-29,SonySports,558,1,927,4.900231411971649,0
2025-03-29,Eurosport,588,1,975,5.731691705576218,0
2025-03-29,CNBC,609,5,1159,5.140724651134183,0
2025-03-29,BloombergTV,548,1,1128,5.86005294916255,0
2025-03-29,BBCWorld,574,1,942,5.692883057176292,0
2025-03-29,AlJazeera,588,1,1112,4.320093548082626,0
2025-03-29,France24,548,1,1218,4.66597525758816,0
2025-03-29,VH1,567,1,1140,5.371383408622063,0
2025-03-29,MTV,597,1,921,4.709295152050772,0
2025-03-30,News24,9,219,4796,9.720564119004136,1
2025-03-30,StarTV,43,222,5216,9.819461736048213,1
2025-03-30,ZeeTV,32,247,4720,10.60725359510256,1
2025-03-30,SunTV,-5,236,4810,9.375192880208068,1
2025-03-30,ABPNews,7,241,5101,9.992098648855402,1
2025-03-30,NDTV,16,217,4772,10.094014952010118,1
2025-03-30,IndiaTV,36,243,5046,9.580659711325364,1
2025-03-30,CNNNews18,-10,222,4993,10.795959629918173,1
2025-03-30,TimesNow,18,224,4702,9.539137627985399,1
2025-03-30,RepublicTV,26,222,4982,10.826225450909478,1
2025-03-30,TV9,-1,237,4860,10.181404253178123,1
2025-03-30,Asianet,22,208,4946,10.228424977778195,1
2025-03-30,Colors,3,233,5276,10.145348369283877,1
2025-03-30,SonyTV,2,232,4806,10.934366881848494,1
2025-03-30,StarPlus,16,203,4830,10.55053994835954,1
2025-03-30,ZeeCinema,36,236,5112,10.823142824371883,1
2025-03-30,StarMovies,16,222,4963,9.70551268510753,1
2025-03-30,HBO,38,230,4920,10.785186308504326,1
2025-03-30,Discovery,-7,212,4820,10.625444653108792,1
2025-03-30,NationalGeographic,15,229,4735,10.097614488425148,1
2025-03-30,AnimalPlanet,-1,233,4985,9.917110168337802,1
2025-03-30,HistoryTV18,-10,226,4975,10.342343233645197,1
2025-03-30,CartoonNetwork,-14,232,4861,10.034676782125809,1
2025-03-30,Pogo,55,203,5192,10.299190584131395,1
2025-03-30,Nickelodeon,-9,216,5176,10.002679081058838,1
2025-03-30,SonyMax,3,244,4998,10.179085137661513,1
2025-03-30,ZeeTelugu,4,220,4737,10.778387353062849,1
2025-03-30,ETV,13,215,5273,10.317371680443886,1
2025-03-30,GeminiTV,16,227,5103,10.15955369339832,1
2025-03-30,MaaTV,0,223,5056,10.730970792775112,1
2025-03-30,UdayaTV,1,214,4965,10.84424184867999,1
2025-03-30,SuryaTV,6,245,5123,10.725089508161119,1
2025-03-30,KTV,39,233,4735,9.41583439781575,1
2025-03-30,JayaTV,21,220,5078,10.791344130894874,1
2025-03-30,RajTV,-5,242,4882,10.51261809866173,1
2025-03-30,KalaignarTV,55,221,4733,10.205502956617975,1
2025-03-30,DDNews,8,228,5056,10.331368742679645,1
2025-03-30,DDNational,33,216,4969,11.044179486993164,1
2025-03-30,DDSports,-10,251,4747,10.233451313691704,1
2025-03-30,TenSports,-1,210,5153,10.124487311461309,1
2025-03-30,StarSports,-15,209,5079,11.048461842479007,1
2025-03-30,SonySports,22,247,4852,10.78590909463124,1
2025-03-30,Eurosport,-17,246,4945,11.2447673977718,1
2025-03-30,CNBC,35,228,4986,11.31149785563278,1
2025-03-30,BloombergTV,41,236,5063,11.003562793430934,1
2025-03-30,BBCWorld,49,247,5201,10.52428613527782,1
2025-03-30,AlJazeera,-4,244,4982,10.682987287263463,1
2025-03-30,France24,8,247,4975,10.531665002827902,1
2025-03-30,VH1,48,238,4927,10.975746395743759,1
2025-03-30,MTV,53,255,5062,11.216968448846524,1
2025-03-31,News24,535,1,1108,4.505260556854507,0
2025-03-31,StarTV,564,1,1055,4.392784587836351,0
2025-03-31,ZeeTV,566,6,1150,5.243326257400063,0
2025-03-31,SunTV,587,1,864,5.398848429766243,0
2025-03-31,ABPNews,563,1,1122,4.60335381916385,0
2025-03-31,NDTV,540,1,873,4.795922787118736,0
2025-03-31,IndiaTV,588,1,938,4.405700898540287,0
2025-03-31,CNNNews18,555,1,947,4.557485191142063,0
2025-03-31,TimesNow,580,1,848,5.158578358811855,0
2025-03-31,RepublicTV,529,1,797,4.878911010967838,0
2025-03-31,TV9,576,1,750,4.484917436274483,0
2025-03-31,Asianet,544,1,820,5.392817080077461,0
2025-03-31,Colors,536,10,862,4.637504340573026,0
2025-03-31,SonyTV,552,8,1100,4.8360456978745345,0
2025-03-31,StarPlus,522,3,860,5.140765011618974,0
2025-03-31,ZeeCinema,560,15,694,5.0287385116563605,0
2025-03-31,StarMovies,543,2,1068,5.1084290855947385,0
2025-03-31,HBO,535,1,1050,4.25849987577298,0
2025-03-31,Discovery,528,1,985,4.730715868142009,0
2025-03-31,NationalGeographic,572,1,1086,5.243236877466273,0
2025-03-31,AnimalPlanet,566,1,1233,4.63419684673771,0
2025-03-31,HistoryTV18,580,1,901,5.3187719504129936,0
2025-03-31,CartoonNetwork,560,1,1119,4.444443689098483,0
2025-03-31,Pogo,543,1,771,5.341462614149973,0
2025-03-31,Nickelodeon,578,1,849,4.528479514791485,0
2025-03-31,SonyMax,548,1,1070,4.803309068017726,0
2025-03-31,ZeeTelugu,552,1,1214,5.395375958421969,0
2025-03-31,ETV,559,1,987,4.354862522003649,0
2025-03-31,GeminiTV,537,1,843,4.320418821235759,0
2025-03-31,MaaTV,555,6,812,4.189888580545553,0
2025-03-31,UdayaTV,522,1,1123,5.066771390861339,0
2025-03-31,SuryaTV,567,1,854,4.723662567758635,0
2025-03-31,KTV,554,1,805,5.266038807359811,0
2025-03-31,JayaTV,574,14,858,4.479085698314192,0
2025-03-31,RajTV,541,1,957,4.956382371817596,0
2025-03-31,KalaignarTV,577,1,928,5.008599738906541,0
2025-03-31,DDNews,572,2,876,4.668730296409043,0
2025-03-31,DDNational,547,3,1045,5.08339257963213,0
2025-03-31,DDSports,540,6,799,4.749120413315724,0
2025-03-31,TenSports,536,1,1006,4.891092813299122,0
2025-03-31,StarSports,529,3,1163,5.558292000939494,0
2025-03-31,SonySports,554,1,1083,5.503663569289361,0
2025-03-31,Eurosport,563,11,1119,4.5696433740527,0
2025-03-31,CNBC,558,1,1103,4.276288853154645,0
2025-03-31,BloombergTV,550,4,1083,5.25001657779381,0
2025-03-31,BBCWorld,567,4,789,5.169805697350287,0
2025-03-31,AlJazeera,531,2,800,4.278132926502421,0
2025-03-31,France24,530,1,1012,5.416074323093116,0
2025-03-31,VH1,537,3,1179,4.104507220446744,0
2025-03-31,MTV,526,3,1183,4.597458270005427,0
2025-04-01,News24,44,231,4794,10.592798406447384,1
2025-04-01,StarTV,4,244,4734,10.476686854633737,1
2025-04-01,ZeeTV,4,202,5036,10.489780419959642,1
2025-04-01,SunTV,37,239,4774,10.39252142167195,1
2025-04-01,ABPNews,21,230,4611,9.72644396717345,1
2025-04-01,NDTV,3,223,4742,9.730154655052065,1
2025-04-01,IndiaTV,48,223,4845,10.109254454953415,1
2025-04-01,CNNNews18,-1,206,4754,10.439903386477628,1
2025-04-01,TimesNow,62,233,5019,9.70095437650347,1
2025-04-01,RepublicTV,33,232,4860,10.13928857822129,1
2025-04-01,TV9,26,209,5068,10.60195560025922,1
2025-04-01,Asianet,0,204,5068,9.885360706134197,1
2025-04-01,Colors,60,221,4893,9.246709948101076,1
2025-04-01,SonyTV,22,217,4911,9.988692303842296,1
2025-04-01,StarPlus,7,250,4708,10.053509706421268,1
2025-04-01,ZeeCinema,42,217,5226,9.411965993215096,1
2025-04-01,StarMovies,-13,222,4622,9.284241103095024,1
2025-04-01,HBO,0,219,5102,10.575281629122763,1
2025-04-01,Discovery,34,235,4894,9.432543406540901,1
2025-04-01,NationalGeographic,27,241,4866,10.122869955828708,1
2025-04-01,AnimalPlanet,-1,213,5058,10.103412401291012,1
2025-04-01,HistoryTV18,-9,196,5141,10.787036697857392,1
2025-04-01,CartoonNetwork,8,224,5000,10.640983945036146,1
2025-04-01,Pogo,39,216,5181,10.118556637376924,1
2025-04-01,Nickelodeon,19,223,4839,10.40918563038783,1
2025-04-01,SonyMax,23,223,4796,10.325272248963492,1
2025-04-01,ZeeTelugu,19,228,4514,9.831222569137601,1
2025-04-01,ETV,44,238,4881,10.612634868087692,1
2025-04-01,GeminiTV,-1,229,5057,10.026381599746072,1
2025-04-01,MaaTV,9,246,4712,10.310858499267473,1
2025-04-01,UdayaTV,1,216,4828,10.383290675223446,1
2025-04-01,SuryaTV,38,233,5176,10.481389586140471,1
2025-04-01,KTV,49,219,5231,9.791856814370083,1
2025-04-01,JayaTV,20,223,4915,10.897487018609253,1
2025-04-01,RajTV,2,233,4904,10.270487639456716,1
2025-04-01,KalaignarTV,43,199,5334,10.917127458949702,1
2025-04-01,DDNews,11,236,5180,10.881759085149616,1
2025-04-01,DDNational,6,214,4885,11.068216395794149,1
2025-04-01,DDSports,11,253,4674,10.518038061304322,1
2025-04-01,TenSports,31,231,5199,10.250768496213816,1
2025-04-01,StarSports,33,239,5300,10.295831257498355,1
2025-04-01,SonySports,-1,231,4772,9.976119773399873,1
2025-04-01,Eurosport,24,243,4714,11.010986311758886,1
2025-04-01,CNBC,10,226,5176,9.693513091702508,1
2025-04-01,BloombergTV,-16,218,4731,10.8757720925644,1
2025-04-01,BBCWorld,38,211,5129,9.694483327892163,1
2025-04-01,AlJazeera,-6,204,5037,10.883606657255287,1
2025-04-01,France24,25,199,5049,9.773145787147671,1
2025-04-01,VH1,24,199,4815,9.805491629201509,1
2025-04-01,MTV,28,235,4758,9.77173039792539,1
2025-04-02,News24,570,1,811,5.826553316656187,0
2025-04-02,StarTV,564,1,1108,4.826193940803292,0
2025-04-02,ZeeTV,566,2,868,5.01002307944918,0
2025-04-02,SunTV,607,1,1119,4.4086460479205805,0
2025-04-02,ABPNews,544,1,752,5.083465423640467,0
2025-04-02,NDTV,555,1,1215,4.751496405620809,0
2025-04-02,IndiaTV,595,1,1088,4.3034662494788165,0
2025-04-02,CNNNews18,560,1,1007,4.5901621042451035,0
2025-04-02,TimesNow,557,8,1031,4.925163933260511,0
2025-04-02,RepublicTV,583,8,1045,4.520478884894199,0
2025-04-02,TV9,609,1,894,4.615740068793719,0
2025-04-02,Asianet,552,1,903,4.406041994577989,0
2025-04-02,Colors,576,1,973,4.741071647878858,0
2025-04-02,SonyTV,570,1,1131,4.68215142448097,0
2025-04-02,StarPlus,563,1,1205,5.005203032283284,0
2025-04-02,ZeeCinema,601,1,890,5.189679428791774,0
2025-04-02,StarMovies,570,1,840,5.695246538782253,0
2025-04-02,HBO,569,1,1101,5.681235847545474,0
2025-04-02,Discovery,550,1,1234,4.573853707329139,0
2025-04-02,NationalGeographic,594,1,1129,4.76351906233197,0
2025-04-02,AnimalPlanet,553,8,1019,4.640535473592024,0
2025-04-02,HistoryTV18,585,5,1048,4.844417695121582,0
2025-04-02,CartoonNetwork,602,1,987,5.218642654456707,0
2025-04-02,Pogo,579,1,907,4.823646873267293,0
2025-04-02,Nickelodeon,572,1,1259,5.438309045765438,0
2025-04-02,SonyMax,558,1,791,4.706765295952296,0
2025-04-02,ZeeTelugu,582,1,941,4.81174888764267,0
2025-04-02,ETV,581,1,1150,4.64834234557425,0
2025-04-02,GeminiTV,588,1,845,5.374980003036031,0
2025-04-02,MaaTV,565,1,890,5.95719137550228,0
2025-04-02,UdayaTV,556,1,1004,5.7904007615809965,0
2025-04-02,SuryaTV,578,1,1167,5.09251219131686,0
2025-04-02,KTV,599,1,851,4.671966638638464,0
2025-04-02,JayaTV,580,1,1261,4.214147500615059,0
2025-04-02,RajTV,599,4,1154,4.656293467441873,0
2025-04-02,KalaignarTV,591,1,1084,4.535854372420643,0
2025-04-02,DDNews,548,1,1010,5.762358798610284,0
2025-04-02,DDNational,566,1,1179,5.0545587473767215,0
2025-04-02,DDSports,574,1,1230,5.609517948698928,0
2025-04-02,TenSports,600,1,1121,4.998294059876696,0
2025-04-02,StarSports,573,7,868,5.907614150784911,0
2025-04-02,SonySports,589,1,934,4.5205265233480665,0
2025-04-02,Eurosport,589,1,882,5.706177259818453,0
2025-04-02,CNBC,590,9,952,5.268944320693058,0
2025-04-02,BloombergTV,565,1,959,5.620037646478419,0
2025-04-02,BBCWorld,568,1,1147,4.934285550478454,0
2025-04-02,AlJazeera,565,1,989,5.164843158842932,0
2025-04-02,France24,540,1,1110,5.834886271203458,0
2025-04-02,VH1,551,1,886,5.398353235550038,0
2025-04-02,MTV,570,1,1062,5.5584317984448885,0
2025-04-03,News24,31,230,4770,10.179859829736756,1
2025-04-03,StarTV,52,220,5015,10.303666883255511,1
2025-04-03,ZeeTV,35,253,4584,11.150175127646264,1
2025-04-03,SunTV,22,224,5036,10.280953122559447,1
2025-04-03,ABPNews,36,230,5174,10.255062418460527,1
2025-04-03,NDTV,44,213,4750,9.719762806911874,1
2025-04-03,IndiaTV,5,232,5107,9.68329557971716,1
2025-04-03,CNNNews18,22,208,5143,10.640357320861982,1
2025-04-03,TimesNow,23,225,4829,10.741724537264869,1
2025-04-03,RepublicTV,38,206,5023,10.72136751804263,1
2025-04-03,TV9,2,225,4674,10.20205880696731,1
2025-04-03,Asianet,-2,232,4989,10.19785549488482,1
2025-04-03,Colors,20,237,5324,10.622180600943725,1
2025-04-03,SonyTV,-4,238,4672,9.65630541571539,1
2025-04-03,StarPlus,48,225,4767,9.69678194188,1
2025-04-03,ZeeCinema,31,202,5162,9.564412392485634,1
2025-04-03,StarMovies,28,237,4875,9.418187605608045,1
2025-04-03,HBO,33,209,4898,9.856964066522798,1
2025-04-03,Discovery,5,231,4919,10.968797534877474,1
2025-04-03,NationalGeographic,31,239,5278,10.611532783073576,1
2025-04-03,AnimalPlanet,-4,216,4539,9.63278745539509,1
2025-04-03,HistoryTV18,13,214,4946,9.936497719986713,1
2025-04-03,CartoonNetwork,30,222,4766,10.344509045014457,1
2025-04-03,Pogo,24,229,4679,10.264189489813145,1
2025-04-03,Nickelodeon,52,208,4760,11.167888852288458,1
2025-04-03,SonyMax,47,233,4853,9.86350939255889,1
2025-04-03,ZeeTelugu,-14,247,4928,10.657402346922053,1
2025-04-03,ETV,16,228,5035,9.589086251640628,1
2025-04-03,GeminiTV,31,221,4972,10.89085411760266,1
2025-04-03,MaaTV,39,209,5099,10.492084204254382,1
2025-04-03,UdayaTV,17,232,5208,10.10644912804825,1
2025-04-03,SuryaTV,43,230,5015,10.243046641301373,1
2025-04-03,KTV,45,253,4892,9.974358267826549,1
2025-04-03,JayaTV,35,231,4846,11.11577521323943,1
2025-04-03,RajTV,-9,245,4917,10.204208775331752,1
2025-04-03,KalaignarTV,8,226,4685,11.259279887740666,1
2025-04-03,DDNews,37,225,5101,10.509342550950908,1
2025-04-03,DDNational,19,222,4909,11.296165143578802,1
2025-04-03,DDSports,23,216,4862,10.2800285352369,1
2025-04-03,TenSports,3,230,4780,10.73158379260349,1
2025-04-03,StarSports,41,212,5038,11.17881766652768,1
2025-04-03,SonySports,-1,219,4938,10.336203884109402,1
2025-04-03,Eurosport,36,237,4784,10.05490205710589,1
2025-04-03,CNBC,19,238,4595,10.307186334222749,1
2025-04-03,BloombergTV,41,216,4822,9.879093201689846,1
2025-04-03,BBCWorld,7,217,4849,9.767451918344875,1
2025-04-03,AlJazeera,46,242,5336,9.751902042721811,1
2025-04-03,France24,-10,229,4915,10.74589370388644,1
2025-04-03,VH1,16,230,5082,10.353178153225238,1
2025-04-03,MTV,39,230,4820,10.20195085704452,1
2025-04-04,News24,546,6,884,5.290878194016404,0
2025-04-04,StarTV,548,1,921,4.587711732015426,0
2025-04-04,ZeeTV,543,1,892,3.967384197078846,0
2025-04-04,SunTV,533,1,756,5.498247735777551,0
2025-04-04,ABPNews,533,1,981,5.138640199476266,0
2025-04-04,NDTV,520,1,1138,4.419054883380605,0
2025-04-04,IndiaTV,546,6,850,4.706240040311734,0
2025-04-04,CNNNews18,546,1,688,5.2223652401639535,0
2025-04-04,TimesNow,550,1,983,4.620003545359296,0
2025-04-04,RepublicTV,517,1,921,4.855613090514447,0
2025-04-04,TV9,549,1,967,4.757328201225644,0
2025-04-04,Asianet,512,1,1024,4.501030269953475,0
2025-04-04,Colors,566,1,682,5.314946859777085,0
2025-04-04,SonyTV,520,1,807,4.539421749511647,0
2025-04-04,StarPlus,522,7,927,4.336441060780593,0
2025-04-04,ZeeCinema,540,1,1027,4.688640603670652,0
2025-04-04,StarMovies,560,1,732,5.107550443612675,0
2025-04-04,HBO,517,13,786,4.94078130827361,0
2025-04-04,Discovery,555,1,1013,4.535348231754275,0
2025-04-04,NationalGeographic,500,1,1121,4.354068637361781,0
2025-04-04,AnimalPlanet,540,2,924,4.523186958228685,0
2025-04-04,HistoryTV18,529,1,687,4.903774039816733,0
2025-04-04,CartoonNetwork,517,1,756,4.59151907689438,0
2025-04-04,Pogo,537,1,934,4.688864107018626,0
2025-04-04,Nickelodeon,537,7,723,4.482930997946144,0
2025-04-04,SonyMax,501,1,1005,5.201768396047957,0
2025-04-04,ZeeTelugu,558,1,851,4.9697934899048795,0
2025-04-04,ETV,563,1,1060,4.486609496657985,0
2025-04-04,GeminiTV,554,6,998,4.802477096786418,0
2025-04-04,MaaTV,510,2,760,4.110859737002225,0
2025-04-04,UdayaTV,539,1,1019,5.348537693286565,0
2025-04-04,SuryaTV,553,1,706,5.0866365385332415,0
2025-04-04,KTV,534,1,918,4.9411314266125315,0
2025-04-04,JayaTV,519,1,864,4.406963174380855,0
2025-04-04,RajTV,534,8,921,4.627855126726358,0
2025-04-04,KalaignarTV,556,1,789,5.031543312955099,0
2025-04-04,DDNews,562,3,840,4.914833723704311,0
2025-04-04,DDNational,524,1,823,4.592511366700077,0
2025-04-04,DDSports,557,1,1088,4.405151234276815,0
2025-04-04,TenSports,512,1,884,4.506367417441313,0
2025-04-04,StarSports,549,5,925,5.049251181422661,0
2025-04-04,SonySports,541,1,911,4.109830341624205,0
2025-04-04,Eurosport,533,1,862,4.40927929115983,0
2025-04-04,CNBC,558,1,1005,4.929692439897646,0
2025-04-04,BloombergTV,507,2,999,4.4565241568490315,0
2025-04-04,BBCWorld,564,11,1023,3.86266306216305,0
2025-04-04,AlJazeera,499,11,948,4.980046296965671,0
2025-04-04,France24,523,1,913,4.606784431124891,0
2025-04-04,VH1,523,1,995,4.529728243845108,0
2025-04-04,MTV,560,1,907,4.257854821664995,0
2025-04-05,News24,34,242,4686,10.52226348984116,1
2025-04-05,StarTV,39,212,4698,10.092680626594637,1
2025-04-05,ZeeTV,42,234,5005,10.575067991049181,1
2025-04-05,SunTV,15,223,4943,9.40451684689629,1
2025-04-05,ABPNews,28,207,4950,10.658185330638169,1
2025-04-05,NDTV,32,207,4926,9.684087053160686,1
2025-04-05,IndiaTV,33,228,4904,10.001025026291943,1
2025-04-05,CNNNews18,-2,207,5198,10.55043655948897,1
2025-04-05,TimesNow,4,239,4692,10.960509556674324,1
2025-04-05,RepublicTV,30,217,5186,10.61033157997373,1
2025-04-05,TV9,39,221,4952,9.830838375353403,1
2025-04-05,Asianet,29,229,5099,10.668454550258211,1
2025-04-05,Colors,3,221,4636,10.313435693998024,1
2025-04-05,SonyTV,23,229,4886,9.707120427164677,1
2025-04-05,StarPlus,4,242,4893,9.823915936088095,1
2025-04-05,ZeeCinema,-13,212,4812,10.548854439623025,1
2025-04-05,StarMovies,35,235,4877,11.099620397437116,1
2025-04-05,HBO,36,253,4729,9.483893798784862,1
2025-04-05,Discovery,-4,209,5015,10.234094187928171,1
2025-04-05,NationalGeographic,-6,218,4940,10.188231201979827,1
2025-04-05,AnimalPlanet,46,234,4686,9.94622532813871,1
2025-04-05,HistoryTV18,39,234,4839,10.623420345989487,1
2025-04-05,CartoonNetwork,12,214,5128,9.593891403759748,1
2025-04-05,Pogo,14,238,5326,10.94222644760427,1
2025-04-05,Nickelodeon,58,237,4753,10.152206539097888,1
2025-04-05,SonyMax,19,229,4688,9.756522926123619,1
2025-04-05,ZeeTelugu,7,219,4954,10.969565206013254,1
2025-04-05,ETV,34,213,5030,9.784581077388278,1
2025-04-05,GeminiTV,54,213,4806,10.123287645499571,1
2025-04-05,MaaTV,27,224,4921,9.412435088609673,1
2025-04-05,UdayaTV,10,245,4877,10.66808925470322,1
2025-04-05,SuryaTV,48,218,4778,9.427694402418929,1
2025-04-05,KTV,8,208,4676,9.513939049561072,1
2025-04-05,JayaTV,-2,235,4961,10.524546617634693,1
2025-04-05,RajTV,63,239,4949,10.17188836656635,1
2025-04-05,KalaignarTV,-5,227,5205,9.177350945859384,1
2025-04-05,DDNews,39,236,4689,10.390612647833166,1
2025-04-05,DDNational,42,223,5038,10.851910860355321,1
2025-04-05,DDSports,33,240,4549,10.140836674378955,1
2025-04-05,TenSports,52,221,4961,10.169424769854283,1
2025-04-05,StarSports,10,225,4568,10.157749185793138,1
2025-04-05,SonySports,54,238,4529,9.846427134311348,1
2025-04-05,Eurosport,5,232,4814,9.646069629117816,1
2025-04-05,CNBC,40,229,5038,9.764323472880625,1
2025-04-05,BloombergTV,37,228,4857,10.150173179080992,1
2025-04-05,BBCWorld,6,231,4984,9.282074239691857,1
2025-04-05,AlJazeera,6,245,4631,9.943747811228995,1
2025-04-05,France24,3,218,4669,10.129859353430202,1
2025-04-05,VH1,41,227,5049,10.792207203662688,1
2025-04-05,MTV,24,223,5239,10.479373777161308,1
2025-04-06,News24,542,7,957,5.233991748474759,0
2025-04-06,StarTV,534,1,1059,5.427589683532269,0
2025-04-06,ZeeTV,571,1,1097,4.934224510503771,0
2025-04-06,SunTV,552,1,1228,5.176349881933793,0
2025-04-06,ABPNews,551,1,1136,4.581877060603258,0
2025-04-06,NDTV,560,3,1068,5.8068415304266745,0
2025-04-06,IndiaTV,559,1,945,5.00925148984919,0
2025-04-06,CNNNews18,582,1,1026,5.553098458386927,0
2025-04-06,TimesNow,552,1,941,5.292276385175144,0
2025-04-06,RepublicTV,574,1,1107,5.848619732279132,0
2025-04-06,TV9,560,1,1127,5.366982332132164,0
2025-04-06,Asianet,532,1,1090,4.67672719130027,0
2025-04-06,Colors,562,1,1116,4.420391326697783,0
2025-04-06,SonyTV,575,1,804,5.53613483131184,0
2025-04-06,StarPlus,543,1,1027,4.606597176753062,0
2025-04-06,ZeeCinema,538,1,709,4.849262586480015,0
2025-04-06,StarMovies,549,1,925,5.353745922115188,0
2025-04-06,HBO,554,1,945,5.38637139983355,0
2025-04-06,Discovery,588,1,1057,5.259443365849333,0
2025-04-06,NationalGeographic,546,1,869,4.327907636966304,0
2025-04-06,AnimalPlanet,563,1,840,4.421971056716892,0
2025-04-06,HistoryTV18,534,1,1102,4.284443641228315,0
2025-04-06,CartoonNetwork,560,1,809,5.025978784352812,0
2025-04-06,Pogo,571,1,1024,4.921344953091063,0
2025-04-06,Nickelodeon,545,5,987,5.116418722777381,0
2025-04-06,SonyMax,585,4,1182,4.424415552354547,0
2025-04-06,ZeeTelugu,561,4,877,4.35454041194959,0
2025-04-06,ETV,535,1,1110,4.890966658466911,0
2025-04-06,GeminiTV,579,1,752,4.959211299551243,0
2025-04-06,MaaTV,567,1,732,5.267069652969985,0
2025-04-06,UdayaTV,525,1,944,5.172889427498634,0
2025-04-06,SuryaTV,548,1,1116,4.893247707886526,0
2025-04-06,KTV,575,1,796,4.333181061717645,0
2025-04-06,JayaTV,538,8,814,5.3882769849138175,0
2025-04-06,RajTV,537,1,1024,5.2850016571859,0
2025-04-06,KalaignarTV,567,1,962,5.337929437716965,0
2025-04-06,DDNews,562,1,1080,4.5252013633939345,0
2025-04-06,DDNational,588,1,958,4.878599636568472,0
2025-04-06,DDSports,575,1,1141,4.931930930291619,0
2025-04-06,TenSports,537,1,852,5.266453332758879,0
2025-04-06,StarSports,533,10,681,5.4625367763857815,0
2025-04-06,SonySports,586,1,863,5.1801031885772915,0
2025-04-06,Eurosport,565,1,938,4.919370995194946,0
2025-04-06,CNBC,519,1,850,4.570902166896147,0
2025-04-06,BloombergTV,525,7,792,4.642858456807708,0
2025-04-06,BBCWorld,573,1,1210,4.776587940831612,0
2025-04-06,AlJazeera,539,1,1085,4.5908688139680915,0
2025-04-06,France24,553,1,859,5.246549605096059,0
2025-04-06,VH1,574,1,892,5.203412033354372,0
2025-04-06,MTV,528,1,809,4.304347994655276,0
2025-04-07,News24,-22,232,4895,10.8816254523812,1
2025-04-07,StarTV,-5,231,4826,10.610464856627853,1
2025-04-07,ZeeTV,17,223,4798,11.003386848279751,1
2025-04-07,SunTV,26,243,4880,10.119773386950706,1
2025-04-07,ABPNews,-6,226,5122,10.47982526425828,1
2025-04-07,NDTV,13,241,4806,10.46599128461787,1
2025-04-07,IndiaTV,48,237,5025,10.090160959398533,1
2025-04-07,CNNNews18,23,223,5092,10.220381470322268,1
2025-04-07,TimesNow,16,234,4978,10.153480171962661,1
2025-04-07,RepublicTV,43,239,4949,9.987021893346713,1
2025-04-07,TV9,-11,235,5112,11.003376915773503,1
2025-04-07,Asianet,-6,233,5340,10.726190666399722,1
2025-04-07,Colors,41,239,5208,9.620696359172745,1
2025-04-07,SonyTV,9,242,5088,9.792386579368882,1
2025-04-07,StarPlus,51,224,4927,10.570774851194606,1
2025-04-07,ZeeCinema,20,226,4762,11.15747826397971,1
2025-04-07,StarMovies,34,221,5039,10.314597578885651,1
2025-04-07,HBO,17,243,5146,10.633632285242149,1
2025-04-07,Discovery,28,237,4920,10.116150424458814,1
2025-04-07,NationalGeographic,45,233,4709,10.928471462109378,1
2025-04-07,AnimalPlanet,41,230,5223,11.11792718056279,1
2025-04-07,HistoryTV18,42,250,4848,10.42544368768694,1
2025-04-07,CartoonNetwork,34,226,5067,10.47200182320222,1
2025-04-07,Pogo,26,234,4892,10.292270473398501,1
2025-04-07,Nickelodeon,-15,233,5173,10.728520354373808,1
2025-04-07,SonyMax,-8,217,5034,10.869643926833364,1
2025-04-07,ZeeTelugu,56,229,5148,10.247573620132101,1
2025-04-07,ETV,15,255,4887,10.771011300036987,1
2025-04-07,GeminiTV,-18,250,5259,10.796647394841887,1
2025-04-07,MaaTV,8,216,5171,9.998664112230625,1
2025-04-07,UdayaTV,40,227,5386,11.249621748805698,1
2025-04-07,SuryaTV,49,229,4841,10.502742632093613,1
2025-04-07,KTV,29,246,5292,10.476407710184677,1
2025-04-07,JayaTV,25,233,4928,10.114782000239614,1
2025-04-07,RajTV,9,241,5351,10.602509991571658,1
2025-04-07,KalaignarTV,-10,241,5318,9.560790470913885,1
2025-04-07,DDNews,5,252,4654,10.555065061238667,1
2025-04-07,DDNational,4,217,5010,10.29480324693647,1
2025-04-07,DDSports,13,231,4872,11.098823278978314,1
2025-04-07,TenSports,43,220,5147,9.548707248480504,1
2025-04-07,StarSports,-1,215,5109,10.877455060726415,1
2025-04-07,SonySports,-10,222,5127,11.060894829045402,1
2025-04-07,Eurosport,31,219,4920,10.777492466490768,1
2025-04-07,CNBC,3,208,5008,10.17928361895947,1
2025-04-07,BloombergTV,57,214,4922,10.139303241315998,1
2025-04-07,BBCWorld,15,242,5067,10.176723949079468,1
2025-04-07,AlJazeera,33,242,5411,10.87192005001605,1
2025-04-07,France24,22,248,4724,9.441295620075298,1
2025-04-07,VH1,-14,237,5105,11.001065280172458,1
2025-04-07,MTV,54,240,5363,10.911478408453098,1
2025-04-08,News24,509,3,938,4.81585791654122,0
2025-04-08,StarTV,528,10,1121,4.09922499695809,0
2025-04-08,ZeeTV,502,2,960,4.63050488862679,0
2025-04-08,SunTV,502,1,714,4.920177995676761,0
2025-04-08,ABPNews,518,1,1150,4.18745855821207,0
2025-04-08,NDTV,515,1,782,5.211366549004583,0
2025-04-08,IndiaTV,499,7,898,4.527261402643987,0
2025-04-08,CNNNews18,539,1,956,3.9524349799566028,0
2025-04-08,TimesNow,543,1,946,5.231037729883105,0
2025-04-08,RepublicTV,525,1,1111,4.775447562615982,0
2025-04-08,TV9,495,1,883,4.958588685242741,0
2025-04-08,Asianet,509,1,808,5.010177299099253,0
2025-04-08,Colors,513,1,723,5.488889078335177,0
2025-04-08,SonyTV,517,1,776,4.082748366569584,0
2025-04-08,StarPlus,530,1,817,4.171834212126404,0
2025-04-08,ZeeCinema,547,1,895,4.795562657395886,0
2025-04-08,StarMovies,546,6,754,5.354432370291899,0
2025-04-08,HBO,526,4,688,4.32321391425457,0
2025-04-08,Discovery,543,4,1099,4.624402298988757,0
2025-04-08,NationalGeographic,531,3,1032,5.483336290326676,0
2025-04-08,AnimalPlanet,544,4,898,4.8098453001518715,0
2025-04-08,HistoryTV18,514,1,978,4.670378351391329,0
2025-04-08,CartoonNetwork,537,2,964,4.03812979565004,0
2025-04-08,Pogo,529,1,981,4.784732403216306,0
2025-04-08,Nickelodeon,533,1,846,4.605925537487158,0
2025-04-08,SonyMax,508,1,718,4.872289844504609,0
2025-04-08,ZeeTelugu,509,1,839,5.117239708985936,0
2025-04-08,ETV,537,1,781,4.645515953854626,0
2025-04-08,GeminiTV,541,1,876,4.956341640010228,0
2025-04-08,MaaTV,509,1,897,4.582233613715228,0
2025-04-08,UdayaTV,526,13,987,4.117873465758764,0
2025-04-08,SuryaTV,542,11,647,3.8071514375125948,0
2025-04-08,KTV,548,9,877,4.312376842109822,0
2025-04-08,JayaTV,545,1,1069,5.175276510777986,0
2025-04-08,RajTV,545,5,892,4.853525594911732,0
2025-04-08,KalaignarTV,534,1,787,4.3971910108654315,0
2025-04-08,DDNews,499,4,756,4.523133254687979,0
2025-04-08,DDNational,541,1,1009,5.128162712058523,0
2025-04-08,DDSports,499,1,1190,4.123369662448422,0
2025-04-08,TenSports,495,1,1076,4.57745416550373,0
2025-04-08,StarSports,554,1,956,5.115597981889849,0
2025-04-08,SonySports,547,1,895,3.8594127883197573,0
2025-04-08,Eurosport,538,1,610,4.685573555664913,0
2025-04-08,CNBC,530,3,811,4.524065513942513,0
2025-04-08,BloombergTV,530,1,857,4.092237661067534,0
2025-04-08,BBCWorld,515,1,1127,5.5156760034688705,0
2025-04-08,AlJazeera,542,1,795,3.9655646085101544,0
2025-04-08,France24,547,1,642,4.546395074734726,0
2025-04-08,VH1,487,1,780,4.3239510065063005,0
2025-04-08,MTV,527,1,662,4.143553448026437,0
2025-04-09,News24,41,210,5111,10.512587487186718,1
2025-04-09,StarTV,23,227,5072,9.923407648344039,1
2025-04-09,ZeeTV,35,254,5088,10.67356888178358,1
2025-04-09,SunTV,-4,237,4912,10.960454898926066,1
2025-04-09,ABPNews,45,245,4870,9.754105445205326,1
2025-04-09,NDTV,9,201,4875,9.830509002483605,1
2025-04-09,IndiaTV,28,231,5149,9.465955665123255,1
2025-04-09,CNNNews18,28,227,5207,10.700631103107774,1
2025-04-09,TimesNow,15,243,4986,9.95263104942111,1
2025-04-09,RepublicTV,42,240,5255,10.373016787772006,1
2025-04-09,TV9,44,241,4878,10.743328672100999,1
2025-04-09,Asianet,7,215,4753,10.853366593680459,1
2025-04-09,Colors,7,233,5231,10.831241567009116,1
2025-04-09,SonyTV,-2,231,5003,10.75870043628559,1
2025-04-09,StarPlus,5,225,4898,9.8973081277847,1
2025-04-09,ZeeCinema,29,235,5263,10.91912712866622,1
2025-04-09,StarMovies,18,232,4947,10.534043868705613,1
2025-04-09,HBO,20,220,5032,10.50280232673338,1
2025-04-09,Discovery,19,234,5112,9.662531582136964,1
2025-04-09,NationalGeographic,11,232,5389,10.079340330331577,1
2025-04-09,AnimalPlanet,26,210,4869,9.499127078077183,1
2025-04-09,HistoryTV18,18,236,5102,9.698714293177416,1
2025-04-09,CartoonNetwork,40,255,5013,10.497542064275287,1
2025-04-09,Pogo,22,209,4992,11.115080077972515,1
2025-04-09,Nickelodeon,14,211,4898,9.776796768901317,1
2025-04-09,SonyMax,12,224,5346,10.435512438234278,1
2025-04-09,ZeeTelugu,16,224,4966,9.957758482864843,1
2025-04-09,ETV,30,228,5070,10.531828070291835,1
2025-04-09,GeminiTV,3,248,5229,10.596688476683438,1
2025-04-09,MaaTV,19,232,5131,10.928359575911264,1
2025-04-09,UdayaTV,10,250,4727,10.179283610945458,1
2025-04-09,SuryaTV,31,256,5115,10.469902008321892,1
2025-04-09,KTV,17,229,4986,10.450610237021163,1
2025-04-09,JayaTV,39,257,4776,10.185274426809954,1
2025-04-09,RajTV,3,238,4941,10.398205192322274,1
2025-04-09,KalaignarTV,15,235,5139,10.34666423028084,1
2025-04-09,DDNews,23,226,5232,10.406088411286376,1
2025-04-09,DDNational,52,242,5079,10.181120307835908,1
2025-04-09,DDSports,5,205,4989,9.674012429690936,1
2025-04-09,TenSports,49,237,5185,9.881358607754594,1
2025-04-09,StarSports,1,220,4923,9.632156583272982,1
2025-04-09,SonySports,-9,219,5157,9.323370040326548,1
2025-04-09,Eurosport,13,220,4976,9.546310240146534,1
2025-04-09,CNBC,9,240,5093,10.03955552935632,1
2025-04-09,BloombergTV,31,213,5154,10.004925236407155,1
2025-04-09,BBCWorld,12,215,4805,9.731962847751578,1
2025-04-09,AlJazeera,-7,241,5329,9.69104853039605,1
2025-04-09,France24,16,238,4990,10.260479003539709,1
2025-04-09,VH1,7,220,4834,10.33905472030242,1
2025-04-09,MTV,21,205,5197,10.362729459640176,1
2025-04-10,News24,536,1,1108,4.846026530204672,0
2025-04-10,StarTV,517,1,700,5.368094386269887,0
2025-04-10,ZeeTV,532,12,818,4.232666831334422,0
2025-04-10,SunTV,544,2,862,4.876628643139191,0
2025-04-10,ABPNews,520,6,785,4.9137742312497865,0
2025-04-10,NDTV,508,12,996,5.291458696083166,0
2025-04-10,IndiaTV,547,1,956,4.729176721911717,0
2025-04-10,CNNNews18,530,1,831,5.013588404266649,0
2025-04-10,TimesNow,572,1,812,5.410397786124085,0
2025-04-10,RepublicTV,533,4,1105,5.128975009796023,0
2025-04-10,TV9,532,1,1164,4.934053937808934,0
2025-04-10,Asianet,568,1,892,4.848670989951348,0
2025-04-10,Colors,537,6,905,5.343921259294167,0
2025-04-10,SonyTV,539,1,928,4.622768257106044,0
2025-04-10,StarPlus,571,4,1031,4.342526917501283,0
2025-04-10,ZeeCinema,522,1,921,4.753523546430912,0
2025-04-10,StarMovies,541,2,875,4.612988309455138,0
2025-04-10,HBO,532,1,954,4.956344421506669,0
2025-04-10,Discovery,521,1,1208,5.45208680834821,0
2025-04-10,NationalGeographic,539,1,1025,4.778689889402891,0
2025-04-10,AnimalPlanet,552,1,1063,5.18854265162213,0
2025-04-10,HistoryTV18,530,6,994,4.582394139719698,0
2025-04-10,CartoonNetwork,520,1,1013,4.578346715699911,0
2025-04-10,Pogo,555,1,744,4.4389128142928085,0
2025-04-10,Nickelodeon,560,1,878,5.051058039935811,0
2025-04-10,SonyMax,575,1,775,5.125299751653822,0
2025-04-10,ZeeTelugu,554,1,1094,5.356617625131616,0
2025-04-10,ETV,528,1,712,4.378944278560107,0
2025-04-10,GeminiTV,519,1,961,5.021904468073791,0
2025-04-10,MaaTV,548,1,919,4.960443447094062,0
2025-04-10,UdayaTV,572,1,1069,5.30583666564705,0
2025-04-10,SuryaTV,535,1,791,4.052038632538938,0
2025-04-10,KTV,562,1,1150,3.934302710075314,0
2025-04-10,JayaTV,529,1,958,5.354804587278801,0
2025-04-10,RajTV,561,1,1051,4.850773958109704,0
2025-04-10,KalaignarTV,575,1,962,4.983574698256133,0
2025-04-10,DDNews,527,1,1127,5.16234564450494,0
2025-04-10,DDNational,561,7,896,4.446079311093392,0
2025-04-10,DDSports,527,1,933,4.928622274207207,0
2025-04-10,TenSports,525,1,713,5.35403548557038,0
2025-04-10,StarSports,543,4,890,5.134142248232371,0
2025-04-10,SonySports,547,1,1083,5.427413617766511,0
2025-04-10,Eurosport,543,1,874,4.191233858025611,0
2025-04-10,CNBC,565,1,842,5.1140261096637625,0
2025-04-10,BloombergTV,554,1,1141,4.2176698841578535,0
2025-04-10,BBCWorld,539,12,850,4.243818143451673,0
2025-04-10,AlJazeera,535,1,970,4.627007183082707,0
2025-04-10,France24,575,7,822,4.786410863507912,0
2025-04-10,VH1,526,11,1025,4.806517401392436,0
2025-04-10,MTV,541,1,1112,4.22630322724642,0
2025-04-11,News24,12,244,5165,10.275270990968279,1
2025-04-11,StarTV,17,257,5106,10.507604048841555,1
2025-04-11,ZeeTV,25,251,5130,10.732418459973124,1
2025-04-11,SunTV,32,224,4992,9.456142328543343,1
2025-04-11,ABPNews,45,234,5387,9.791207375476889,1
2025-04-11,NDTV,17,243,4968,10.658366422688285,1
2025-04-11,IndiaTV,32,236,5235,10.661089622400425,1
2025-04-11,CNNNews18,15,240,4995,11.163427836268356,1
2025-04-11,TimesNow,37,231,5172,9.6334412227612,1
2025-04-11,RepublicTV,30,232,5029,10.98629987332893,1
2025-04-11,TV9,27,232,4983,10.000024430703915,1
2025-04-11,Asianet,7,253,5085,11.03312533652713,1
2025-04-11,Colors,14,258,4873,11.217356913420915,1
2025-04-11,SonyTV,12,250,5078,10.580321825342967,1
2025-04-11,StarPlus,34,246,4962,9.756843791292459,1
2025-04-11,ZeeCinema,1,223,5050,10.532818479137859,1
2025-04-11,StarMovies,11,240,5178,10.134346758620703,1
2025-04-11,HBO,24,247,5008,10.621902193600867,1
2025-04-11,Discovery,29,245,5354,10.08590218750826,1
2025-04-11,NationalGeographic,18,228,5204,10.953356864087784,1
2025-04-11,AnimalPlanet,11,245,5221,10.121071719280746,1
2025-04-11,HistoryTV18,10,228,5126,9.908305418703387,1
2025-04-11,CartoonNetwork,16,244,4876,9.828171339433476,1
2025-04-11,Pogo,1,240,5173,10.027265490016132,1
2025-04-11,Nickelodeon,-15,210,5189,10.57774869203008,1
2025-04-11,SonyMax,37,208,5426,10.416884485317699,1
2025-04-11,ZeeTelugu,10,224,4993,9.488077951098871,1
2025-04-11,ETV,42,248,5002,10.098939377074663,1
2025-04-11,GeminiTV,29,221,4798,10.355988145870295,1
2025-04-11,MaaTV,19,227,4878,10.549005136852713,1
2025-04-11,UdayaTV,23,234,5362,11.0619890975191,1
2025-04-11,SuryaTV,28,221,5159,10.761194400953455,1
2025-04-11,KTV,30,254,5039,9.628495007900272,1
2025-04-11,JayaTV,39,228,5024,10.724859547423401,1
2025-04-11,RajTV,48,247,4964,10.026166872250334,1
2025-04-11,KalaignarTV,45,237,5059,10.147378144315443,1
2025-04-11,DDNews,7,228,5395,10.572130862160645,1
2025-04-11,DDNational,-9,228,5425,10.899826078049289,1
2025-04-11,DDSports,6,224,4953,10.531394791443413,1
2025-04-11,TenSports,42,233,5000,11.15050067427136,1
2025-04-11,StarSports,4,241,5122,11.140780764056014,1
2025-04-11,SonySports,26,214,5170,10.286599870297254,1
2025-04-11,Eurosport,21,231,5227,10.604217137429625,1
2025-04-11,CNBC,45,239,4869,10.032546818040583,1
2025-04-11,BloombergTV,29,243,4816,10.878795795280656,1
2025-04-11,BBCWorld,0,231,4919,10.143110414293263,1
2025-04-11,AlJazeera,37,219,4938,9.710103658215079,1
2025-04-11,France24,46,251,5273,10.495646310890514,1
2025-04-11,VH1,28,245,4877,9.54028418984184,1
2025-04-11,MTV,32,239,5037,10.480702806481185,1
2025-04-12,News24,496,1,703,5.344317088317554,0
2025-04-12,StarTV,495,1,645,3.834838904259682,0
2025-04-12,ZeeTV,484,1,862,4.013402160772104,0
2025-04-12,SunTV,492,1,870,4.618107851990394,0
2025-04-12,ABPNews,525,3,1148,4.927313764781082,0
2025-04-12,NDTV,496,1,1101,4.8371963496813795,0
2025-04-12,IndiaTV,497,11,680,4.2948749992664705,0
2025-04-12,CNNNews18,498,1,846,4.772286459671255,0
2025-04-12,TimesNow,507,1,733,4.855431939664078,0
2025-04-12,RepublicTV,518,1,691,4.8282756237956495,0
2025-04-12,TV9,508,3,650,4.107759753067772,0
2025-04-12,Asianet,546,1,918,4.987736024827996,0
2025-04-12,Colors,487,1,902,4.421232432111029,0
2025-04-12,SonyTV,533,1,839,4.674449696995213,0
2025-04-12,StarPlus,505,1,744,5.163238143712757,0
2025-04-12,ZeeCinema,492,1,983,4.942013812424133,0
2025-04-12,StarMovies,513,1,795,4.29421879119457,0
2025-04-12,HBO,520,10,871,4.596872624891128,0
2025-04-12,Discovery,526,1,1073,4.797651193213408,0
2025-04-12,NationalGeographic,511,3,900,4.675546482337984,0
2025-04-12,AnimalPlanet,538,1,933,5.204313227378972,0
2025-04-12,HistoryTV18,522,1,1118,4.25688932906789,0
2025-04-12,CartoonNetwork,524,1,661,3.8351220250833764,0
2025-04-12,Pogo,552,1,1105,5.2315873899879906,0
2025-04-12,Nickelodeon,494,11,841,4.711860911712778,0
2025-04-12,SonyMax,522,1,1035,4.808983367146612,0
2025-04-12,ZeeTelugu,528,1,953,3.790596861842666,0
2025-04-12,ETV,497,1,1109,4.31053448618076,0
2025-04-12,GeminiTV,507,1,998,4.646886055908884,0
2025-04-12,MaaTV,539,17,917,4.363775770878329,0
2025-04-12,UdayaTV,500,9,1063,3.8348976662810808,0
2025-04-12,SuryaTV,542,1,763,4.626171181172955,0
2025-04-12,KTV,511,1,1091,4.634535183593921,0
2025-04-12,JayaTV,535,1,806,4.28588864775495,0
2025-04-12,RajTV,510,1,879,5.166336961348317,0
2025-04-12,KalaignarTV,540,1,1013,4.627555264306259,0
2025-04-12,DDNews,488,1,814,3.700942518228453,0
2025-04-12,DDNational,520,2,849,5.383913507345846,0
2025-04-12,DDSports,540,1,833,4.490304882027965,0
2025-04-12,TenSports,496,1,860,4.33042568228552,0
2025-04-12,StarSports,517,1,908,4.636244229684426,0
2025-04-12,SonySports,501,1,850,5.474348590319846,0
2025-04-12,Eurosport,517,1,888,4.26806134161484,0
2025-04-12,CNBC,524,1,822,4.06594567299614,0
2025-04-12,BloombergTV,493,1,788,3.8013971014859527,0
2025-04-12,BBCWorld,496,15,943,4.114636741201186,0
2025-04-12,AlJazeera,513,3,1004,4.9999916318710325,0
2025-04-12,France24,526,1,1089,4.386632707523833,0
2025-04-12,VH1,491,1,1113,4.586530574603554,0
2025-04-12,MTV,547,1,863,4.407851387911055,0
2025-04-13,News24,34,225,5174,9.265054105404957,1
2025-04-13,StarTV,15,222,4975,10.502720532822368,1
2025-04-13,ZeeTV,-2,217,5251,10.240939785218467,1
2025-04-13,SunTV,31,246,5016,10.832312166242616,1
2025-04-13,ABPNews,1,218,5259,9.818551957257922,1
2025-04-13,NDTV,43,233,5008,10.35827902363287,1
2025-04-13,IndiaTV,57,218,5080,10.865244611985588,1
2025-04-13,CNNNews18,36,247,5092,9.785581142003705,1
2025-04-13,TimesNow,25,243,5295,10.662538080942824,1
2025-04-13,RepublicTV,52,246,5042,9.707325060808902,1
2025-04-13,TV9,33,209,5284,9.734621435228618,1
2025-04-13,Asianet,52,228,5130,10.392537175540058,1
2025-04-13,Colors,4,235,5078,9.748795422528273,1
2025-04-13,SonyTV,5,224,5116,10.721896030340965,1
2025-04-13,StarPlus,36,240,4806,10.324468500410742,1
2025-04-13,ZeeCinema,0,224,5137,10.631660970762175,1
2025-04-13,StarMovies,50,241,4934,9.867622717977858,1
2025-04-13,HBO,36,225,5282,10.188849820980014,1
2025-04-13,Discovery,30,244,4900,9.622072600736615,1
2025-04-13,NationalGeographic,-10,229,4825,9.785596067069626,1
2025-04-13,AnimalPlanet,8,238,5159,10.586158841632527,1
2025-04-13,HistoryTV18,18,239,4698,10.98911190582487,1
2025-04-13,CartoonNetwork,-9,243,5062,10.579545216661282,1
2025-04-13,Pogo,18,229,5168,10.03313718532787,1
2025-04-13,Nickelodeon,10,229,4903,10.450862908674885,1
2025-04-13,SonyMax,23,222,5189,10.093385338262136,1
2025-04-13,ZeeTelugu,40,241,5388,9.84878079011731,1
2025-04-13,ETV,8,240,5043,10.154853509258837,1
2025-04-13,GeminiTV,51,227,5476,10.15887706951678,1
2025-04-13,MaaTV,13,226,5202,10.626928099273018,1
2025-04-13,UdayaTV,31,222,4887,10.093057770496221,1
2025-04-13,SuryaTV,-8,231,5135,10.437495606876771,1
2025-04-13,KTV,37,236,5095,10.492108388867727,1
2025-04-13,JayaTV,53,237,5246,9.799656331581655,1
2025-04-13,RajTV,39,226,4906,9.473112456945964,1
2025-04-13,KalaignarTV,27,217,5272,10.377090563289284,1
2025-04-13,DDNews,40,210,4904,10.198587693968404,1
2025-04-13,DDNational,45,236,4813,9.766604375948345,1
2025-04-13,DDSports,33,221,4925,9.887652755585707,1
2025-04-13,TenSports,10,221,4785,9.996622248194129,1
2025-04-13,StarSports,38,236,4720,9.873181736124922,1
2025-04-13,SonySports,8,213,4913,10.68348795416403,1
2025-04-13,Eurosport,9,246,4970,10.508568839834352,1
2025-04-13,CNBC,25,227,4987,9.85418913632452,1
2025-04-13,BloombergTV,46,218,5120,10.944559094799724,1
2025-04-13,BBCWorld,22,217,5137,10.425881746594012,1
2025-04-13,AlJazeera,14,214,5250,9.443837426503798,1
2025-04-13,France24,17,229,4978,10.405493292890682,1
2025-04-13,VH1,8,242,5251,10.059835455709058,1
2025-04-13,MTV,17,229,5183,10.737659394210844,1
2025-04-14,News24,516,3,696,4.6228650175831145,0
2025-04-14,StarTV,531,7,1040,4.563648781444369,0
2025-04-14,ZeeTV,528,1,629,5.194899340013715,0
2025-04-14,SunTV,516,1,1084,4.738976963409182,0
2025-04-14,ABPNews,523,1,1046,5.227292117752319,0
2025-04-14,NDTV,524,1,770,5.47389679399036,0
2025-04-14,IndiaTV,514,11,819,4.935002585158113,0
2025-04-14,CNNNews18,510,1,779,4.312388285947713,0
2025-04-14,TimesNow,522,1,752,4.849574616218886,0
2025-04-14,RepublicTV,513,1,1174,4.724260307300605,0
2025-04-14,TV9,499,4,914,5.20132603534537,0
2025-04-14,Asianet,533,1,1099,4.181063620005432,0
2025-04-14,Colors,522,1,921,4.142080806312189,0
2025-04-14,SonyTV,552,1,649,5.119004641532727,0
2025-04-14,StarPlus,551,1,815,4.032711624461481,0
2025-04-14,ZeeCinema,566,1,816,4.51011998604258,0
2025-04-14,StarMovies,532,1,940,4.888990612535917,0
2025-04-14,HBO,568,1,685,4.292295292173053,0
2025-04-14,Discovery,536,9,685,4.0428618382378465,0
2025-04-14,NationalGeographic,526,1,810,4.918753838540474,0
2025-04-14,AnimalPlanet,501,1,703,4.029628019973009,0
2025-04-14,HistoryTV18,565,1,903,4.022259533898446,0
2025-04-14,CartoonNetwork,542,14,995,4.525939436286674,0
2025-04-14,Pogo,552,1,714,5.179644513157932,0
2025-04-14,Nickelodeon,542,1,865,5.540582301475946,0
2025-04-14,SonyMax,514,1,892,4.664163972524389,0
2025-04-14,ZeeTelugu,505,8,1010,4.7889471547204785,0
2025-04-14,ETV,514,1,837,5.102132797910005,0
2025-04-14,GeminiTV,515,1,850,5.528072212866974,0
2025-04-14,MaaTV,570,1,908,5.155365995984657,0
2025-04-14,UdayaTV,543,1,843,5.095341878375473,0
2025-04-14,SuryaTV,520,1,936,5.18167048577769,0
2025-04-14,KTV,537,1,940,4.372017348089557,0
2025-04-14,JayaTV,569,9,723,4.851579902106347,0
2025-04-14,RajTV,517,1,688,4.2104433716645,0
2025-04-14,KalaignarTV,554,1,737,4.181470413214303,0
2025-04-14,DDNews,568,1,1074,5.421877723977738,0
2025-04-14,DDNational,531,1,953,5.482422693335598,0
2025-04-14,DDSports,526,1,784,5.112440962189274,0
2025-04-14,TenSports,540,1,913,4.2114717989817745,0
2025-04-14,StarSports,534,1,987,4.617935889699761,0
2025-04-14,SonySports,500,4,837,4.507234478615521,0
2025-04-14,Eurosport,561,4,895,5.105709513908599,0
2025-04-14,CNBC,556,1,1128,5.4138771098578875,0
2025-04-14,BloombergTV,525,14,972,5.093607718342838,0
2025-04-14,BBCWorld,524,1,910,4.571040984324703,0
2025-04-14,AlJazeera,539,1,648,4.749223237696632,0
2025-04-14,France24,544,1,906,4.163549719730485,0
2025-04-14,VH1,512,1,1092,4.157547168587069,0
2025-04-14,MTV,529,1,987,5.275239189761026,0
2025-04-15,News24,36,238,5301,11.570832566504679,1
2025-04-15,StarTV,48,231,5385,11.45085267742202,1
2025-04-15,ZeeTV,42,230,4803,9.897590224236637,1
2025-04-15,SunTV,48,228,4898,9.820110088638774,1
2025-04-15,ABPNews,6,247,5459,9.867796423995989,1
2025-04-15,NDTV,-4,251,4846,9.826684844026516,1
2025-04-15,IndiaTV,49,222,5397,10.846658559621405,1
2025-04-15,CNNNews18,13,245,5415,10.722598595606724,1
2025-04-15,TimesNow,4,233,5153,10.719880330030744,1
2025-04-15,RepublicTV,41,233,5179,10.518358429683877,1
2025-04-15,TV9,15,215,5456,9.984668041219182,1
2025-04-15,Asianet,13,214,5354,10.99310527972724,1
2025-04-15,Colors,13,232,4963,10.61493127570132,1
2025-04-15,SonyTV,4,239,5252,11.411317042159297,1
2025-04-15,StarPlus,20,251,5236,9.89072686347797,1
2025-04-15,ZeeCinema,-5,236,5184,10.990338642812608,1
2025-04-15,StarMovies,5,238,4795,10.487205061415697,1
2025-04-15,HBO,-2,243,5108,9.818021355627588,1
2025-04-15,Discovery,12,240,5044,10.210215295444305,1
2025-04-15,NationalGeographic,18,235,5243,10.231555438465481,1
2025-04-15,AnimalPlanet,7,252,5453,10.780767477259129,1
2025-04-15,HistoryTV18,10,223,5321,9.591436647556112,1
2025-04-15,CartoonNetwork,17,217,5284,10.955242112312238,1
2025-04-15,Pogo,12,241,5153,10.626466864610716,1
2025-04-15,Nickelodeon,34,256,5557,9.880433433441084,1
2025-04-15,SonyMax,22,229,5239,10.144716275538817,1
2025-04-15,ZeeTelugu,19,244,5220,10.050367444901743,1
2025-04-15,ETV,-5,255,4794,11.199558229705254,1
2025-04-15,GeminiTV,7,235,5229,10.750186231318482,1
2025-04-15,MaaTV,23,252,5478,10.686333539031063,1
2025-04-15,UdayaTV,27,243,5260,10.226018856023924,1
2025-04-15,SuryaTV,14,236,4995,10.7396896354971,1
2025-04-15,KTV,41,244,5203,11.0582803276731,1
2025-04-15,JayaTV,28,217,4928,9.790183132816832,1
2025-04-15,RajTV,8,221,5106,11.123500492389706,1
2025-04-15,KalaignarTV,-1,252,5209,10.820239399136579,1
2025-04-15,DDNews,-14,225,5269,10.486440892808048,1
2025-04-15,DDNational,10,222,5281,10.083076658586966,1
2025-04-15,DDSports,20,238,5312,10.77171777894117,1
2025-04-15,TenSports,45,223,4971,10.65960911095922,1
2025-04-15,StarSports,9,221,5410,10.062951276460145,1
2025-04-15,SonySports,54,233,5170,10.933981460039165,1
2025-04-15,Eurosport,22,209,5083,10.56247936703054,1
2025-04-15,CNBC,25,220,5356,11.268720105906311,1
2025-04-15,BloombergTV,40,249,5070,10.203452764626057,1
2025-04-15,BBCWorld,-11,223,4799,10.965744049293434,1
2025-04-15,AlJazeera,0,257,5175,10.392417377209501,1
2025-04-15,France24,-3,232,5004,10.934570742612234,1
2025-04-15,VH1,-15,236,5416,10.232351403092068,1
2025-04-15,MTV,27,239,5260,10.296224606887652,1
2025-04-16,News24,503,1,726,4.169264759240477,0
2025-04-16,StarTV,506,1,1147,4.65364907509823,0
2025-04-16,ZeeTV,490,1,1034,5.160588052273325,0
2025-04-16,SunTV,487,13,665,4.812175237869961,0
2025-04-16,ABPNews,479,1,941,4.634658517565776,0
2025-04-16,NDTV,495,4,705,4.94023631685089,0
2025-04-16,IndiaTV,492,3,953,4.613175374616682,0
2025-04-16,CNNNews18,532,1,867,4.014614886780356,0
2025-04-16,TimesNow,483,1,678,5.009660652108194,0
2025-04-16,RepublicTV,500,1,885,4.1272069656866215,0
2025-04-16,TV9,509,1,1001,3.971082508090853,0
2025-04-16,Asianet,541,5,707,4.535794086358972,0
2025-04-16,Colors,539,1,884,4.621799500087271,0
2025-04-16,SonyTV,476,1,710,4.034080786173656,0
2025-04-16,StarPlus,476,1,887,4.686152168907769,0
2025-04-16,ZeeCinema,538,1,916,4.380014256901481,0
2025-04-16,StarMovies,526,4,1137,4.159008636063862,0
2025-04-16,HBO,534,1,946,4.880491677868129,0
2025-04-16,Discovery,487,1,940,4.088836986380926,0
2025-04-16,NationalGeographic,524,1,740,4.914690542288751,0
2025-04-16,AnimalPlanet,526,1,899,4.143769171610579,0
2025-04-16,HistoryTV18,528,10,1047,4.071188398217075,0
2025-04-16,CartoonNetwork,482,8,787,3.986802209895718,0
2025-04-16,Pogo,510,1,758,4.13134620373577,0
2025-04-16,Nickelodeon,521,8,857,4.889528015388157,0
2025-04-16,SonyMax,520,1,966,4.714585084751123,0
2025-04-16,ZeeTelugu,508,1,1056,4.133777672253735,0
2025-04-16,ETV,503,17,753,4.067657601773473,0
2025-04-16,GeminiTV,473,1,726,4.811705344733091,0
2025-04-16,MaaTV,482,1,974,3.8803955811263497,0
2025-04-16,UdayaTV,507,13,660,3.7682030681881313,0
2025-04-16,SuryaTV,529,5,741,5.084262576363662,0
2025-04-16,KTV,510,4,992,3.806348778988923,0
2025-04-16,JayaTV,500,7,932,5.015510089912147,0
2025-04-16,RajTV,475,2,1035,4.25835424113713,0
2025-04-16,KalaignarTV,485,1,755,3.652018983283373,0
2025-04-16,DDNews,519,1,929,4.358432780311636,0
2025-04-16,DDNational,533,1,762,4.155880277935816,0
2025-04-16,DDSports,529,9,916,5.026577390749669,0
2025-04-16,TenSports,529,1,866,3.830047939987255,0
2025-04-16,StarSports,520,1,809,4.395138707635058,0
2025-04-16,SonySports,517,5,804,5.063707585766861,0
2025-04-16,Eurosport,496,7,652,4.819663526798125,0
2025-04-16,CNBC,492,14,682,3.973559086611199,0
2025-04-16,BloombergTV,492,6,865,5.177143355527654,0
2025-04-16,BBCWorld,492,1,1051,5.167084532494498,0
2025-04-16,AlJazeera,512,1,747,4.007100010751015,0
2025-04-16,France24,504,2,750,4.082187443326912,0
2025-04-16,VH1,501,5,1064,5.227374623596522,0
2025-04-16,MTV,509,6,950,4.775557327147737,0
2025-04-17,News24,32,245,5149,9.846966390569893,1
2025-04-17,StarTV,36,259,4790,10.287527237436354,1
2025-04-17,ZeeTV,31,214,5097,10.970719475965943,1
2025-04-17,SunTV,17,246,4955,9.931106370674136,1
2025-04-17,ABPNews,39,251,4929,9.863205962961073,1
2025-04-17,NDTV,30,223,5121,9.854940856773096,1
2025-04-17,IndiaTV,2,236,4901,10.784958590586681,1
2025-04-17,CNNNews18,33,229,5202,9.870284244163848,1
2025-04-17,TimesNow,-11,248,5036,10.108700079803699,1
2025-04-17,RepublicTV,17,219,4863,10.164394575493276,1
2025-04-17,TV9,0,241,5175,11.070666215850528,1
2025-04-17,Asianet,0,227,4944,9.975564136113306,1
2025-04-17,Colors,6,254,5114,10.380155577691372,1
2025-04-17,SonyTV,1,226,5372,10.46155788437675,1
2025-04-17,StarPlus,-2,238,4908,10.116210771314314,1
2025-04-17,ZeeCinema,28,238,5295,10.33284919934618,1
2025-04-17,StarMovies,-9,245,4968,10.335988339082718,1
2025-04-17,HBO,44,230,4887,10.423525291081766,1
2025-04-17,Discovery,40,248,5386,9.63120288824555,1
2025-04-17,NationalGeographic,58,253,4754,11.031528498628536,1
2025-04-17,AnimalPlanet,44,233,5066,9.732852462788061,1
2025-04-17,HistoryTV18,-13,232,5203,10.608682551248446,1
2025-04-17,CartoonNetwork,13,222,4979,10.61869899171544,1
2025-04-17,Pogo,42,241,5366,9.98213050788987,1
2025-04-17,Nickelodeon,32,224,5187,10.87137455724014,1
2025-04-17,SonyMax,13,221,4870,9.846436678857115,1
2025-04-17,ZeeTelugu,9,249,5199,9.326707524154765,1
2025-04-17,ETV,53,242,5214,10.840872388698967,1
2025-04-17,GeminiTV,42,220,4671,9.564152622040078,1
2025-04-17,MaaTV,29,245,4811,9.81240076590504,1
2025-04-17,UdayaTV,22,227,5414,10.140694165553837,1
2025-04-17,SuryaTV,9,240,5005,10.600327147861842,1
2025-04-17,KTV,17,240,5520,10.488350480537344,1
2025-04-17,JayaTV,36,220,4978,10.098867970817635,1
2025-04-17,RajTV,55,221,5525,10.374278272360883,1
2025-04-17,KalaignarTV,22,230,4830,9.846459671892342,1
2025-04-17,DDNews,-15,227,5043,10.098206470074937,1
2025-04-17,DDNational,14,215,5385,10.58988061783493,1
2025-04-17,DDSports,26,239,5222,10.647354321829273,1
2025-04-17,TenSports,57,251,4903,9.547332166361173,1
2025-04-17,StarSports,29,252,5461,10.689136418108635,1
2025-04-17,SonySports,25,247,4984,9.849795621345649,1
2025-04-17,Eurosport,28,237,4880,9.933874886616788,1
2025-04-17,CNBC,26,220,4949,10.27461193128976,1
2025-04-17,BloombergTV,8,221,5097,10.328469491320625,1
2025-04-17,BBCWorld,11,238,4776,10.408101816101949,1
2025-04-17,AlJazeera,50,263,4984,10.365763475696953,1
2025-04-17,France24,45,226,5266,10.966837643245011,1
2025-04-17,VH1,-2,236,5171,10.440369298346438,1
2025-04-17,MTV,-6,217,4918,9.569623118216532,1
2025-04-18,News24,537,1,896,4.1455816701416826,0
2025-04-18,StarTV,546,1,938,4.889928457336044,0
2025-04-18,ZeeTV,540,1,791,4.511844259995699,0
2025-04-18,SunTV,500,1,1052,4.605866314910441,0
2025-04-18,ABPNews,510,1,1112,4.833501656224241,0
2025-04-18,NDTV,518,1,879,5.158233470731313,0
2025-04-18,IndiaTV,525,1,968,5.017630121892742,0
2025-04-18,CNNNews18,521,1,920,4.209345904422431,0
2025-04-18,TimesNow,527,1,699,5.37333647573386,0
2025-04-18,RepublicTV,495,1,909,4.655444999390682,0
2025-04-18,TV9,519,1,822,5.130714587194517,0
2025-04-18,Asianet,517,1,965,4.200770499729564,0
2025-04-18,Colors,535,1,952,4.997044761107152,0
2025-04-18,SonyTV,515,1,818,4.451355906897052,0
2025-04-18,StarPlus,502,1,819,4.5019224779489715,0
2025-04-18,ZeeCinema,505,1,815,3.962078068482277,0
2025-04-18,StarMovies,521,1,996,4.491519394846771,0
2025-04-18,HBO,546,1,761,5.07549474054238,0
2025-04-18,Discovery,499,14,716,4.08495734523919,0
2025-04-18,NationalGeographic,537,1,1170,5.505042073514169,0
2025-04-18,AnimalPlanet,551,5,886,4.20268873019904,0
2025-04-18,HistoryTV18,527,3,1052,4.147332494775476,0
2025-04-18,CartoonNetwork,495,1,1010,5.034363160781163,0
2025-04-18,Pogo,510,1,787,4.328471054096343,0
2025-04-18,Nickelodeon,513,1,846,4.218665191867575,0
2025-04-18,SonyMax,533,1,1132,3.996989786416872,0
2025-04-18,ZeeTelugu,510,5,797,4.165440694274371,0
2025-04-18,ETV,542,1,1008,4.440969809293225,0
2025-04-18,GeminiTV,524,1,767,4.239932538229082,0
2025-04-18,MaaTV,511,1,915,5.298772726137095,0
2025-04-18,UdayaTV,531,1,826,4.387543815782669,0
2025-04-18,SuryaTV,518,1,978,4.497296855402259,0
2025-04-18,KTV,547,1,718,5.164984566279308,0
2025-04-18,JayaTV,551,2,736,4.708312043641504,0
2025-04-18,RajTV,501,1,814,5.073618224425504,0
2025-04-18,KalaignarTV,543,1,870,4.988423363266377,0
2025-04-18,DDNews,506,1,879,4.160921449507512,0
2025-04-18,DDNational,548,1,1056,4.693615174756862,0
2025-04-18,DDSports,520,11,767,5.145200455417549,0
2025-04-18,TenSports,551,1,793,4.980966684182955,0
2025-04-18,StarSports,533,1,999,4.3942317398586965,0
2025-04-18,SonySports,519,4,993,4.071776769289745,0
2025-04-18,Eurosport,491,1,908,4.083106337003433,0
2025-04-18,CNBC,539,8,784,5.219589116669249,0
2025-04-18,BloombergTV,547,1,947,5.283545859850323,0
2025-04-18,BBCWorld,513,9,659,4.581537250301223,0
2025-04-18,AlJazeera,527,1,1057,4.204548531539382,0
2025-04-18,France24,517,1,705,5.2271508740820485,0
2025-04-18,VH1,519,1,894,4.021055754260833,0
2025-04-18,MTV,557,1,673,5.140900793107339,0
2025-04-19,News24,42,224,4939,10.106403158964675,1
2025-04-19,StarTV,22,218,4962,11.088565402524221,1
2025-04-19,ZeeTV,12,234,5137,10.034837710569294,1
2025-04-19,SunTV,13,234,5467,10.338097571715787,1
2025-04-19,ABPNews,-12,212,5488,11.162615984448072,1
2025-04-19,NDTV,24,213,5371,9.591794735077887,1
2025-04-19,IndiaTV,5,245,5029,10.907099500424714,1
2025-04-19,CNNNews18,1,266,5359,11.248107611973307,1
2025-04-19,TimesNow,39,254,5172,9.494756462299975,1
2025-04-19,RepublicTV,45,251,4968,11.381054705231842,1
2025-04-19,TV9,49,239,5369,10.723600720390884,1
2025-04-19,Asianet,-8,213,5106,10.337483755794418,1
2025-04-19,Colors,18,225,5151,11.243651158533435,1
2025-04-19,SonyTV,15,265,5155,9.949472622345445,1
2025-04-19,StarPlus,17,254,4795,10.37866273920344,1
2025-04-19,ZeeCinema,47,255,5357,10.368222183008735,1
2025-04-19,StarMovies,35,215,5021,10.855791465643287,1
2025-04-19,HBO,42,239,5019,9.757103722200306,1
2025-04-19,Discovery,38,221,5444,9.85189743105675,1
2025-04-19,NationalGeographic,-7,241,5200,10.241797275104767,1
2025-04-19,AnimalPlanet,24,257,5194,10.714088526753146,1
2025-04-19,HistoryTV18,-6,237,5245,10.060104687734093,1
2025-04-19,CartoonNetwork,5,227,5209,10.365838228891501,1
2025-04-19,Pogo,-19,230,5338,9.96763666984422,1
2025-04-19,Nickelodeon,22,226,5128,10.160977736545604,1
2025-04-19,SonyMax,16,211,5458,11.10954868734397,1
2025-04-19,ZeeTelugu,28,233,5329,10.050708468201494,1
2025-04-19,ETV,18,246,5469,10.078626696221908,1
2025-04-19,GeminiTV,16,227,5190,10.411250520942673,1
2025-04-19,MaaTV,40,251,4832,10.939907359199983,1
2025-04-19,UdayaTV,-1,218,5196,9.67065640876002,1
2025-04-19,SuryaTV,23,250,5208,10.13010117596134,1
2025-04-19,KTV,24,260,5023,10.566521162252409,1
2025-04-19,JayaTV,16,249,5136,10.130026179883387,1
2025-04-19,RajTV,40,252,5369,10.438213353529186,1
2025-04-19,KalaignarTV,17,215,5247,11.00902132809106,1
2025-04-19,DDNews,19,247,5127,10.768309074452098,1
2025-04-19,DDNational,-3,212,5199,10.101392747633755,1
2025-04-19,DDSports,12,245,4853,9.920346745823519,1
2025-04-19,TenSports,37,213,5222,10.458081604801961,1
2025-04-19,StarSports,32,252,4865,10.879806169058762,1
2025-04-19,SonySports,14,235,5355,9.758315486880525,1
2025-04-19,Eurosport,1,254,5088,10.578380079702695,1
2025-04-19,CNBC,27,249,4866,10.534168646824568,1
2025-04-19,BloombergTV,14,220,5235,9.849569928981492,1
2025-04-19,BBCWorld,25,248,4984,10.280409821694395,1
2025-04-19,AlJazeera,44,254,5308,11.092367369901368,1
2025-04-19,France24,-11,255,5352,10.14535259853832,1
2025-04-19,VH1,-16,231,5175,9.590674992805582,1
2025-04-19,MTV,29,252,5089,11.29357613981174,1
2025-04-20,News24,496,1,923,4.386809935869879,0
2025-04-20,StarTV,486,1,729,4.221861462855368,0
2025-04-20,ZeeTV,503,1,624,3.710250251561212,0
2025-04-20,SunTV,492,6,677,4.882670628677739,0
2025-04-20,ABPNews,479,1,722,4.338800834346745,0
2025-04-20,NDTV,504,1,680,3.7576382886405,0
2025-04-20,IndiaTV,519,12,638,5.014477537772177,0
2025-04-20,CNNNews18,496,11,1039,4.353174944094221,0
2025-04-20,TimesNow,484,3,925,4.858405521057196,0
2025-04-20,RepublicTV,492,8,645,5.055594781416522,0
2025-04-20,TV9,523,1,845,3.7529061168382665,0
2025-04-20,Asianet,505,1,1075,3.72430442152217,0
2025-04-20,Colors,479,1,1003,4.184149197081432,0
2025-04-20,SonyTV,520,1,922,4.947905861964418,0
2025-04-20,StarPlus,486,1,666,4.856969575681779,0
2025-04-20,ZeeCinema,508,1,821,4.961393563231282,0
2025-04-20,StarMovies,510,11,740,4.773634481932338,0
2025-04-20,HBO,516,1,790,4.304325311066833,0
2025-04-20,Discovery,462,12,703,4.07195499053663,0
2025-04-20,NationalGeographic,485,1,750,4.683420895983166,0
2025-04-20,AnimalPlanet,460,14,871,5.040102795741267,0
2025-04-20,HistoryTV18,480,1,833,3.7971084128850685,0
2025-04-20,CartoonNetwork,519,1,903,3.791773543306161,0
2025-04-20,Pogo,506,7,824,4.179158533812399,0
2025-04-20,Nickelodeon,474,1,907,5.016219087379088,0
2025-04-20,SonyMax,479,1,941,4.595141204397199,0
2025-04-20,ZeeTelugu,482,4,713,4.6542587431719635,0
2025-04-20,ETV,506,1,927,5.128638637744361,0
2025-04-20,GeminiTV,503,17,981,4.06325095720889,0
2025-04-20,MaaTV,526,10,932,4.926916264123336,0
2025-04-20,UdayaTV,508,1,909,4.134095630362598,0
2025-04-20,SuryaTV,473,1,904,3.5066917449950212,0
2025-04-20,KTV,504,10,976,3.752349739529778,0
2025-04-20,JayaTV,501,1,826,5.083116125039318,0
2025-04-20,RajTV,476,1,925,3.9162778295053196,0
2025-04-20,KalaignarTV,484,1,1119,4.087610627202117,0
2025-04-20,DDNews,511,2,715,4.198327417346731,0
2025-04-20,DDNational,499,1,623,4.35736821316394,0
2025-04-20,DDSports,473,4,928,4.5350085517386916,0
2025-04-20,TenSports,505,5,686,4.419193113695057,0
2025-04-20,StarSports,478,2,995,4.833743675380922,0
2025-04-20,SonySports,464,1,930,3.6751256506144507,0
2025-04-20,Eurosport,514,1,598,4.590796020744031,0
2025-04-20,CNBC,501,1,1019,4.946082548680382,0
2025-04-20,BloombergTV,473,1,880,4.583891203953012,0
2025-04-20,BBCWorld,511,15,680,4.101534206096474,0
2025-04-20,AlJazeera,492,1,801,5.062255714996855,0
2025-04-20,France24,497,1,1039,4.14686484444364,0
2025-04-20,VH1,516,1,992,4.478190277862684,0
2025-04-20,MTV,496,1,860,4.718396002248359,0
2025-04-21,News24,15,223,5027,10.743360988379075,1
2025-04-21,StarTV,23,231,5074,10.286850712554692,1
2025-04-21,ZeeTV,7,224,5421,10.960371183035486,1
2025-04-21,SunTV,24,223,4985,10.411365437042582,1
2025-04-21,ABPNews,1,217,5201,9.86351473728616,1
2025-04-21,NDTV,33,240,5121,10.76899553967194,1
2025-04-21,IndiaTV,33,234,5458,9.366361591014059,1
2025-04-21,CNNNews18,35,257,5320,11.003258496863497,1
2025-04-21,TimesNow,6,229,5038,10.309523076815468,1
2025-04-21,RepublicTV,28,221,5174,10.928328808326956,1
2025-04-21,TV9,44,230,5442,9.531368811656407,1
2025-04-21,Asianet,43,240,5167,10.413658048050534,1
2025-04-21,Colors,4,240,5579,10.427952532485927,1
2025-04-21,SonyTV,31,248,5198,9.984652082426138,1
2025-04-21,StarPlus,22,238,5326,10.706817295756997,1
2025-04-21,ZeeCinema,7,243,5081,9.789816097250538,1
2025-04-21,StarMovies,21,240,5236,10.529033597624473,1
2025-04-21,HBO,14,243,5193,11.072386242932543,1
2025-04-21,Discovery,16,238,5243,10.303326853149441,1
2025-04-21,NationalGeographic,13,240,4971,10.310329593060247,1
2025-04-21,AnimalPlanet,10,256,5453,10.590971643798737,1
2025-04-21,HistoryTV18,-2,234,5276,10.533491785481678,1
2025-04-21,CartoonNetwork,-8,225,5295,11.176255999382754,1
2025-04-21,Pogo,34,229,4958,10.661706340662647,1
2025-04-21,Nickelodeon,-12,240,5158,10.142201689080593,1
2025-04-21,SonyMax,25,225,5105,10.99584378574868,1
2025-04-21,ZeeTelugu,39,223,5154,9.873991289969474,1
2025-04-21,ETV,29,220,5254,10.641554200578263,1
2025-04-21,GeminiTV,-12,242,4862,9.834837037612003,1
2025-04-21,MaaTV,38,236,5356,9.956878078858868,1
2025-04-21,UdayaTV,19,240,5225,10.672984800358714,1
2025-04-21,SuryaTV,-8,243,4944,10.32788668151705,1
2025-04-21,KTV,27,238,5058,10.94969798036783,1
2025-04-21,JayaTV,45,225,5016,10.343113186494216,1
2025-04-21,RajTV,14,226,5027,10.69271529475645,1
2025-04-21,KalaignarTV,36,251,4861,11.041425930155427,1
2025-04-21,DDNews,32,212,5179,11.343908740655104,1
2025-04-21,DDNational,44,250,5426,9.920016637788763,1
2025-04-21,DDSports,25,256,4871,10.382404616654133,1
2025-04-21,TenSports,1,241,5207,9.671805957293875,1
2025-04-21,StarSports,20,251,5190,9.625919318208455,1
2025-04-21,SonySports,-9,218,5119,10.199074817408453,1
2025-04-21,Eurosport,45,219,5444,10.876438123343663,1
2025-04-21,CNBC,25,242,4926,10.699957708991043,1
2025-04-21,BloombergTV,51,219,5156,10.299381438619166,1
2025-04-21,BBCWorld,0,217,5392,10.383609518027184,1
2025-04-21,AlJazeera,40,237,4994,10.079938763001598,1
2025-04-21,France24,20,214,4863,10.439337381396037,1
2025-04-21,VH1,46,219,5010,11.18389218168179,1
2025-04-21,MTV,15,243,5372,10.816067337158113,1
2025-04-22,News24,480,1,657,4.451487443143988,0
2025-04-22,StarTV,512,8,744,4.652798317523856,0
2025-04-22,ZeeTV,534,1,849,4.520593252493414,0
2025-04-22,SunTV,495,1,909,4.571218106685125,0
2025-04-22,ABPNews,515,1,854,4.064724848385992,0
2025-04-22,NDTV,521,2,999,4.680411547070266,0
2025-04-22,IndiaTV,551,3,1069,5.00069372407967,0
2025-04-22,CNNNews18,525,1,842,3.7961417817565537,0
2025-04-22,TimesNow,512,3,1011,3.9875974261586595,0
2025-04-22,RepublicTV,496,1,934,5.201587241358549,0
2025-04-22,TV9,509,1,693,4.310050150979155,0
2025-04-22,Asianet,487,1,1020,4.662489712867299,0
2025-04-22,Colors,509,1,789,5.192503466356582,0
2025-04-22,SonyTV,496,1,1146,4.583423052408057,0
2025-04-22,StarPlus,515,1,1027,4.4496247991351,0
2025-04-22,ZeeCinema,505,1,777,4.912142028625557,0
2025-04-22,StarMovies,533,1,766,5.363340226347961,0
2025-04-22,HBO,483,1,1024,4.213431950358637,0
2025-04-22,Discovery,516,3,1005,4.140130774680644,0
2025-04-22,NationalGeographic,536,1,936,4.269969479640384,0
2025-04-22,AnimalPlanet,533,1,1080,4.94120639914116,0
2025-04-22,HistoryTV18,481,1,757,3.928302343319394,0
2025-04-22,CartoonNetwork,533,1,661,4.947713447811599,0
2025-04-22,Pogo,537,2,726,4.669801945203156,0
2025-04-22,Nickelodeon,542,1,1054,4.893399697726623,0
2025-04-22,SonyMax,530,1,810,5.2012407686849755,0
2025-04-22,ZeeTelugu,498,1,839,5.125274003785506,0
2025-04-22,ETV,533,14,942,4.360492355158826,0
2025-04-22,GeminiTV,492,2,1148,3.967000746823425,0
2025-04-22,MaaTV,489,1,863,3.766008811763408,0
2025-04-22,UdayaTV,533,1,825,4.263513155178439,0
2025-04-22,SuryaTV,546,2,708,4.3424637533385395,0
2025-04-22,KTV,513,13,656,4.409155020146644,0
2025-04-22,JayaTV,526,1,862,3.8424385002633494,0
2025-04-22,RajTV,496,1,693,4.072114775064216,0
2025-04-22,KalaignarTV,478,1,836,5.020883530959565,0
2025-04-22,DDNews,507,3,658,4.501124918499339,0
2025-04-22,DDNational,495,1,841,5.016924957691486,0
2025-04-22,DDSports,517,11,752,3.9920918906970666,0
2025-04-22,TenSports,522,1,1052,5.381342075181557,0
2025-04-22,StarSports,505,4,1016,4.529135566360486,0
2025-04-22,SonySports,545,1,889,4.076134720387284,0
2025-04-22,Eurosport,548,4,892,4.819082264008726,0
2025-04-22,CNBC,517,1,983,4.0735179682116165,0
2025-04-22,BloombergTV,527,1,801,4.82757866061836,0
2025-04-22,BBCWorld,521,1,930,4.785089674315175,0
2025-04-22,AlJazeera,477,1,1034,4.1234077583656745,0
2025-04-22,France24,497,1,1117,3.9595474731418348,0
2025-04-22,VH1,509,1,1014,4.884319446376537,0
2025-04-22,MTV,533,1,913,4.426862975700042,0
2025-04-23,News24,5,257,5006,10.40722092597748,1
2025-04-23,StarTV,16,222,5117,10.26341784760715,1
2025-04-23,ZeeTV,17,236,5236,10.899901086596051,1
2025-04-23,SunTV,39,258,5311,10.852564778372027,1
2025-04-23,ABPNews,43,223,5530,11.478451447122502,1
2025-04-23,NDTV,16,244,5204,10.066497338585712,1
2025-04-23,IndiaTV,-5,234,5169,10.476586032571282,1
2025-04-23,CNNNews18,31,224,5016,10.987713149932953,1
2025-04-23,TimesNow,12,250,5310,10.28198549053406,1
2025-04-23,RepublicTV,7,218,5298,10.071570347853523,1
2025-04-23,TV9,48,253,5128,11.341843194862282,1
2025-04-23,Asianet,-13,237,5493,10.095813370731758,1
2025-04-23,Colors,-16,231,5410,10.098072116230341,1
2025-04-23,SonyTV,28,225,5307,10.027625345674128,1
2025-04-23,StarPlus,-1,255,5260,10.117182879257198,1
2025-04-23,ZeeCinema,2,215,5127,10.038969765780056,1
2025-04-23,StarMovies,23,248,5258,9.810343971830637,1
2025-04-23,HBO,11,242,5060,10.988735714962525,1
2025-04-23,Discovery,42,245,5181,9.678494035683936,1
2025-04-23,NationalGeographic,1,243,5373,9.799422047232143,1
2025-04-23,AnimalPlanet,45,249,5184,9.941642295083588,1
2025-04-23,HistoryTV18,2,223,5218,10.017546504198078,1
2025-04-23,CartoonNetwork,5,255,5621,10.717414052603909,1
2025-04-23,Pogo,10,226,5184,10.919748100848276,1
2025-04-23,Nickelodeon,-9,245,4990,10.806667217625115,1
2025-04-23,SonyMax,1,237,5198,10.877917818394351,1
2025-04-23,ZeeTelugu,35,240,5141,10.265424661625474,1
2025-04-23,ETV,26,227,5053,10.748498359008519,1
2025-04-23,GeminiTV,6,245,5145,10.552565279001755,1
2025-04-23,MaaTV,44,241,5070,11.305546267841478,1
2025-04-23,UdayaTV,-16,247,5126,10.319904362555702,1
2025-04-23,SuryaTV,2,244,5523,10.574964369310614,1
2025-04-23,KTV,-4,229,5105,11.048998451874489,1
2025-04-23,JayaTV,39,251,5114,10.593328789927055,1
2025-04-23,RajTV,-3,255,5313,11.131643119761355,1
2025-04-23,KalaignarTV,31,244,5162,10.589122263348724,1
2025-04-23,DDNews,10,236,5402,10.235033957913812,1
2025-04-23,DDNational,22,234,4885,10.943379704885587,1
2025-04-23,DDSports,13,211,4939,10.797801997371007,1
2025-04-23,TenSports,18,237,5379,11.009369794898436,1
2025-04-23,StarSports,46,216,5035,10.345850719294878,1
2025-04-23,SonySports,13,237,5037,9.984362824137774,1
2025-04-23,Eurosport,1,232,5105,11.229523691504172,1
2025-04-23,CNBC,1,215,5149,10.522499823451984,1
2025-04-23,BloombergTV,41,229,5205,11.12991954325751,1
2025-04-23,BBCWorld,-5,226,5444,10.048058122029449,1
2025-04-23,AlJazeera,38,230,5257,10.918692008822509,1
2025-04-23,France24,16,227,5236,10.298987826992951,1
2025-04-23,VH1,39,256,5179,10.372645788561996,1
2025-04-23,MTV,26,244,4928,11.31664882227124,1
2025-04-24,News24,447,9,620,3.479218706773062,0
2025-04-24,StarTV,507,10,658,4.773838837482369,0
2025-04-24,ZeeTV,513,16,1083,4.45180350053698,0
2025-04-24,SunTV,467,1,808,4.7345319102796894,0
2025-04-24,ABPNews,492,1,907,4.597158584229491,0
2025-04-24,NDTV,485,14,722,4.927682852595458,0
2025-04-24,IndiaTV,495,1,1077,3.9268633433843956,0
2025-04-24,CNNNews18,488,13,718,4.32020065762182,0
2025-04-24,TimesNow,466,1,779,4.740919686338538,0
2025-04-24,RepublicTV,453,13,829,4.287079448454496,0
2025-04-24,TV9,463,1,865,4.309659655930458,0
2025-04-24,Asianet,469,1,610,3.884017207283253,0
2025-04-24,Colors,523,13,698,4.30468984801794,0
2025-04-24,SonyTV,500,11,778,4.46609882514066,0
2025-04-24,StarPlus,511,1,823,4.493661319552644,0
2025-04-24,ZeeCinema,500,4,898,4.87416759890891,0
2025-04-24,StarMovies,464,10,846,4.526598230631488,0
2025-04-24,HBO,485,11,711,4.369900505363625,0
2025-04-24,Discovery,479,1,1059,4.255940825316464,0
2025-04-24,NationalGeographic,464,1,828,4.265804692910208,0
2025-04-24,AnimalPlanet,474,1,836,4.466992822038765,0
2025-04-24,HistoryTV18,463,1,682,3.880277751328934,0
2025-04-24,CartoonNetwork,501,1,622,4.456498015222901,0
2025-04-24,Pogo,498,1,931,4.692629987184052,0
2025-04-24,Nickelodeon,467,5,894,4.285083163928052,0
2025-04-24,SonyMax,487,7,614,4.082907157438087,0
2025-04-24,ZeeTelugu,504,1,813,4.325483965496993,0
2025-04-24,ETV,474,1,739,3.7345064140025355,0
2025-04-24,GeminiTV,461,10,775,4.273406084829452,0
2025-04-24,MaaTV,452,3,993,3.8804745356985295,0
2025-04-24,UdayaTV,489,8,958,3.602894072729338,0
2025-04-24,SuryaTV,450,1,622,3.9202744413917965,0
2025-04-24,KTV,481,1,676,4.338054210764921,0
2025-04-24,JayaTV,499,1,1026,4.552773454788981,0
2025-04-24,RajTV,466,2,885,4.74730800619404,0
2025-04-24,KalaignarTV,470,10,809,4.161785598321937,0
2025-04-24,DDNews,504,1,966,4.8622773335403755,0
2025-04-24,DDNational,483,11,858,4.4748956866104574,0
2025-04-24,DDSports,455,3,769,4.150478360175417,0
2025-04-24,TenSports,482,11,707,4.5849545066361035,0
2025-04-24,StarSports,464,15,607,3.9021827332533587,0
2025-04-24,SonySports,477,9,583,4.637190226870538,0
2025-04-24,Eurosport,479,8,944,4.320427397221087,0
2025-04-24,CNBC,495,1,709,4.482453115082991,0
2025-04-24,BloombergTV,494,1,741,4.775486218576699,0
2025-04-24,BBCWorld,472,15,933,4.474105584595007,0
2025-04-24,AlJazeera,502,1,731,4.639987553810714,0
2025-04-24,France24,458,1,776,5.134358623731608,0
2025-04-24,VH1,478,2,847,4.046800100200175,0
2025-04-24,MTV,464,1,723,5.006051316503712,0
2025-04-25,News24,7,253,5530,9.639466504031597,1
2025-04-25,StarTV,19,226,5313,10.284701821955629,1
2025-04-25,ZeeTV,16,249,5256,10.539878336471828,1
2025-04-25,SunTV,-8,230,5547,10.925283133946394,1
2025-04-25,ABPNews,14,261,5194,10.818486796702523,1
2025-04-25,NDTV,2,241,5459,9.963772274596295,1
2025-04-25,IndiaTV,-9,225,5148,10.537360995574904,1
2025-04-25,CNNNews18,21,223,4971,9.729729637341888,1
2025-04-25,TimesNow,17,260,5307,11.05377378976481,1
2025-04-25,RepublicTV,-9,235,5150,10.51325858945609,1
2025-04-25,TV9,56,245,5142,10.325535385723642,1
2025-04-25,Asianet,33,223,5188,10.828459375142469,1
2025-04-25,Colors,9,222,5220,11.11778413307772,1
2025-04-25,SonyTV,22,243,5303,10.916538943510632,1
2025-04-25,StarPlus,32,226,5154,10.323690679477695,1
2025-04-25,ZeeCinema,-3,230,5346,10.33278950790578,1
2025-04-25,StarMovies,21,245,5210,10.783704788795788,1
2025-04-25,HBO,17,239,5441,10.106327581643379,1
2025-04-25,Discovery,19,243,5275,10.973397046426141,1
2025-04-25,NationalGeographic,5,240,4868,10.488992478504212,1
2025-04-25,AnimalPlanet,53,239,5208,11.119318950179785,1
2025-04-25,HistoryTV18,52,254,5042,11.174520972886793,1
2025-04-25,CartoonNetwork,4,223,5168,10.195181859297508,1
2025-04-25,Pogo,42,236,5671,10.262444568058665,1
2025-04-25,Nickelodeon,55,232,5005,10.397577459295139,1
2025-04-25,SonyMax,40,220,5507,11.223642232356159,1
2025-04-25,ZeeTelugu,4,246,5263,9.979148376521682,1
2025-04-25,ETV,8,248,5261,9.717484843152336,1
2025-04-25,GeminiTV,1,230,5574,9.842311287313727,1
2025-04-25,MaaTV,5,245,5457,10.810216961539137,1
2025-04-25,UdayaTV,-11,237,5364,10.437556286132608,1
2025-04-25,SuryaTV,4,219,5258,10.827047050724914,1
2025-04-25,KTV,-12,228,5143,11.0952248515718,1
2025-04-25,JayaTV,25,248,5475,11.091746044717388,1
2025-04-25,RajTV,22,236,5557,10.889776558765853,1
2025-04-25,KalaignarTV,45,259,5517,10.626093002449553,1
2025-04-25,DDNews,31,252,5335,10.143583484487056,1
2025-04-25,DDNational,-2,256,5122,10.518915846049792,1
2025-04-25,DDSports,6,213,5101,10.60403306578375,1
2025-04-25,TenSports,37,217,5557,10.738463288946086,1
2025-04-25,StarSports,10,232,5202,10.855155195190349,1
2025-04-25,SonySports,30,259,5302,10.26966028894782,1
2025-04-25,Eurosport,10,226,5074,9.806410313575336,1
2025-04-25,CNBC,25,227,5030,9.856803357352735,1
2025-04-25,BloombergTV,35,242,5229,11.084349798774383,1
2025-04-25,BBCWorld,-5,242,5309,10.814924227290536,1
2025-04-25,AlJazeera,28,250,5555,10.362449809396933,1
2025-04-25,France24,-6,249,5150,10.892479523833996,1
2025-04-25,VH1,28,245,5321,10.598531118173751,1
2025-04-25,MTV,26,252,4968,10.612115052570637,1
2025-04-26,News24,524,14,900,4.8060683407978315,0
2025-04-26,StarTV,499,1,1078,5.215035267467388,0
2025-04-26,ZeeTV,495,12,1123,3.9281916957436183,0
2025-04-26,SunTV,487,1,984,4.866402529478416,0
2025-04-26,ABPNews,509,1,904,4.702674662234199,0
2025-04-26,NDTV,516,1,1011,4.196143920790589,0
2025-04-26,IndiaTV,531,1,892,4.8443893315716045,0
2025-04-26,CNNNews18,481,1,828,3.8503712358111106,0
2025-04-26,TimesNow,501,3,688,4.457321856470843,0
2025-04-26,RepublicTV,501,1,1013,3.8100796427677044,0
2025-04-26,TV9,526,1,982,4.232804735974244,0
2025-04-26,Asianet,475,4,1029,4.957610879191168,0
2025-04-26,Colors,500,12,718,4.87453841710183,0
2025-04-26,SonyTV,519,1,970,4.829170683340272,0
2025-04-26,StarPlus,516,1,944,4.057352840528538,0
2025-04-26,ZeeCinema,506,2,828,4.2430532691834,0
2025-04-26,StarMovies,497,1,735,4.9552896701279066,0
2025-04-26,HBO,538,15,833,4.44060245238917,0
2025-04-26,Discovery,505,1,810,5.255057279122081,0
2025-04-26,NationalGeographic,490,4,622,4.660715702696718,0
2025-04-26,AnimalPlanet,509,16,837,4.262663918397722,0
2025-04-26,HistoryTV18,504,7,892,4.428261179095968,0
2025-04-26,CartoonNetwork,478,1,907,5.000828491253861,0
2025-04-26,Pogo,491,1,1037,4.618528452037836,0
2025-04-26,Nickelodeon,502,1,691,4.6393956978146385,0
2025-04-26,SonyMax,499,1,962,4.865940099236284,0
2025-04-26,ZeeTelugu,491,1,995,4.29376848412432,0
2025-04-26,ETV,483,7,998,4.0952898280836845,0
2025-04-26,GeminiTV,487,1,925,5.288691284599341,0
2025-04-26,MaaTV,497,1,1059,4.618015691021804,0
2025-04-26,UdayaTV,529,1,729,5.164594442558893,0
2025-04-26,SuryaTV,490,1,997,3.787524217190466,0
2025-04-26,KTV,516,1,794,4.858322352662908,0
2025-04-26,JayaTV,525,1,842,4.868309339686501,0
2025-04-26,RajTV,509,8,668,3.842817317211706,0
2025-04-26,KalaignarTV,489,14,974,4.023823454071368,0
2025-04-26,DDNews,503,1,679,4.634139645567278,0
2025-04-26,DDNational,512,12,757,5.232288305078424,0
2025-04-26,DDSports,509,1,885,4.939553775187928,0
2025-04-26,TenSports,510,17,827,4.994495731580598,0
2025-04-26,StarSports,533,1,931,4.6172897721276,0
2025-04-26,SonySports,523,1,784,4.450952802477385,0
2025-04-26,Eurosport,524,1,1027,4.618372154955231,0
2025-04-26,CNBC,510,3,777,5.076408286451348,0
2025-04-26,BloombergTV,524,1,1073,3.7376066622407365,0
2025-04-26,BBCWorld,499,3,834,4.073083841206412,0
2025-04-26,AlJazeera,529,1,785,4.5829999282537885,0
2025-04-26,France24,507,11,892,5.161268294641988,0
2025-04-26,VH1,531,6,861,4.41953363608263,0
2025-04-26,MTV,536,1,1061,4.83872060304513,0
2025-04-27,News24,24,244,5217,10.885059224127428,1
2025-04-27,StarTV,12,265,5373,10.68128720894174,1
2025-04-27,ZeeTV,5,235,5200,10.172934600734976,1
2025-04-27,SunTV,41,244,5203,10.633668959525357,1
2025-04-27,ABPNews,-1,230,5202,11.159164097586874,1
2025-04-27,NDTV,26,230,5282,10.573888463078843,1
2025-04-27,IndiaTV,32,248,5364,10.785490848828037,1
2025-04-27,CNNNews18,15,248,5240,11.245442195735576,1
2025-04-27,TimesNow,48,227,5594,11.013523784594062,1
2025-04-27,RepublicTV,61,254,5404,10.665813962077197,1
2025-04-27,TV9,2,228,5498,11.021843044899946,1
2025-04-27,Asianet,58,235,4969,10.46917453551565,1
2025-04-27,Colors,38,237,5071,10.291242454235164,1
2025-04-27,SonyTV,32,233,5164,10.606290552613684,1
2025-04-27,StarPlus,26,245,5509,11.269469914671832,1
2025-04-27,ZeeCinema,-4,254,5407,10.507106386171904,1
2025-04-27,StarMovies,-2,257,4871,11.022564393373688,1
2025-04-27,HBO,2,231,5238,11.117887380179823,1
2025-04-27,Discovery,4,232,5374,11.260556417724317,1
2025-04-27,NationalGeographic,5,251,5192,10.332501407843578,1
2025-04-27,AnimalPlanet,-11,258,5021,10.620893058369377,1
2025-04-27,HistoryTV18,6,227,5486,9.903984362345446,1
2025-04-27,CartoonNetwork,-14,255,5120,11.306874669825824,1
2025-04-27,Pogo,42,243,5344,11.140437060061359,1
2025-04-27,Nickelodeon,28,236,5065,10.925654459668703,1
2025-04-27,SonyMax,10,236,5349,11.172395373353199,1
2025-04-27,ZeeTelugu,31,227,5015,10.492906771492075,1
2025-04-27,ETV,44,229,5251,10.339687090074817,1
2025-04-27,GeminiTV,5,252,5308,10.369778164643613,1
2025-04-27,MaaTV,8,255,5319,10.138249325225965,1
2025-04-27,UdayaTV,58,224,5336,10.493055654214315,1
2025-04-27,SuryaTV,5,249,5375,10.405278963449382,1
2025-04-27,KTV,13,223,5129,10.56465075862534,1
2025-04-27,JayaTV,8,253,5416,10.489181103121927,1
2025-04-27,RajTV,44,253,5562,10.642008733443745,1
2025-04-27,KalaignarTV,-6,265,5318,10.218974836543904,1
2025-04-27,DDNews,41,236,5662,10.149172646490042,1
2025-04-27,DDNational,22,263,5311,10.352303419192486,1
2025-04-27,DDSports,16,245,5358,10.181150657612019,1
2025-04-27,TenSports,31,229,5072,10.374942156993061,1
2025-04-27,StarSports,33,268,5137,9.98597223165203,1
2025-04-27,SonySports,-11,227,4970,10.456933183663894,1
2025-04-27,Eurosport,53,239,5423,9.9421224725383,1
2025-04-27,CNBC,56,250,5503,10.29712649079272,1
2025-04-27,BloombergTV,24,258,5509,10.454105316108434,1
2025-04-27,BBCWorld,34,253,5248,10.833137177074931,1
2025-04-27,AlJazeera,39,241,5574,11.208981414831905,1
2025-04-27,France24,54,242,5453,10.202957371372209,1
2025-04-27,VH1,21,255,5436,9.825994201291966,1
2025-04-27,MTV,9,269,5483,11.374213025099756,1
2025-04-28,News24,498,1,709,4.52821656945967,0
2025-04-28,StarTV,498,10,759,3.905441005518295,0
2025-04-28,ZeeTV,485,7,874,3.8747645996795126,0
2025-04-28,SunTV,491,3,830,4.581691891491337,0
2025-04-28,ABPNews,505,6,838,4.8807838326337,0
2025-04-28,NDTV,474,1,905,3.7916644503684487,0
2025-04-28,IndiaTV,437,1,946,4.4887479635970475,0
2025-04-28,CNNNews18,505,2,722,4.255045765482467,0
2025-04-28,TimesNow,486,1,708,3.7773456021701297,0
2025-04-28,RepublicTV,480,1,907,4.019815202012304,0
2025-04-28,TV9,455,9,796,4.377208760857794,0
2025-04-28,Asianet,484,1,512,4.001183903292858,0
2025-04-28,Colors,439,3,914,4.704662602894582,0
2025-04-28,SonyTV,473,14,574,3.662511727995285,0
2025-04-28,StarPlus,490,10,997,4.3411794612269885,0
2025-04-28,ZeeCinema,491,2,782,4.671326860918416,0
2025-04-28,StarMovies,468,8,889,4.902946897866131,0
2025-04-28,HBO,477,6,570,4.154181128085635,0
2025-04-28,Discovery,496,5,835,4.2647640697051585,0
2025-04-28,NationalGeographic,476,6,598,3.5843756727384477,0
2025-04-28,AnimalPlanet,491,1,902,3.830851415188004,0
2025-04-28,HistoryTV18,488,10,879,3.8001765699021854,0
2025-04-28,CartoonNetwork,479,1,1017,4.219130998099781,0
2025-04-28,Pogo,501,9,742,3.3501233862050714,0
2025-04-28,Nickelodeon,473,1,882,3.8810489611829846,0
2025-04-28,SonyMax,501,4,673,3.966059959808951,0
2025-04-28,ZeeTelugu,442,12,578,4.122217979218037,0
2025-04-28,ETV,482,7,1087,4.48793234386177,0
2025-04-28,GeminiTV,480,1,643,3.4471297878977345,0
2025-04-28,MaaTV,482,3,843,4.655958986342496,0
2025-04-28,UdayaTV,485,1,827,4.131342875658966,0
2025-04-28,SuryaTV,494,8,990,4.316018490971784,0
2025-04-28,KTV,495,3,965,4.7190385751608845,0
2025-04-28,JayaTV,497,1,744,4.332138695244044,0
2025-04-28,RajTV,501,20,586,4.7244626088906365,0
2025-04-28,KalaignarTV,491,1,811,3.668403297556061,0
2025-04-28,DDNews,451,1,895,3.9925513005509523,0
2025-04-28,DDNational,455,13,770,4.323316975514565,0
2025-04-28,DDSports,477,1,1006,4.783562700557998,0
2025-04-28,TenSports,457,2,702,4.587542981931441,0
2025-04-28,StarSports,455,1,1005,4.054912887002362,0
2025-04-28,SonySports,496,11,632,4.673017340715206,0
2025-04-28,Eurosport,450,4,841,3.748460608683132,0
2025-04-28,CNBC,481,10,758,4.636135467085854,0
2025-04-28,BloombergTV,492,3,634,4.570020585903342,0
2025-04-28,BBCWorld,454,11,632,3.6567563894743023,0
2025-04-28,AlJazeera,470,1,1002,3.3547033337372083,0
2025-04-28,France24,484,13,835,3.967149676907311,0
2025-04-28,VH1,474,1,611,4.683031647393482,0
2025-04-28,MTV,453,14,952,4.627072282811682,0
2025-04-29,News24,42,239,5459,10.179528185697338,1
2025-04-29,StarTV,17,241,4755,9.965695587963241,1
2025-04-29,ZeeTV,15,232,5435,9.729902221921535,1
2025-04-29,SunTV,12,260,4900,10.025530232979342,1
2025-04-29,ABPNews,17,248,4802,9.583588251335803,1
2025-04-29,NDTV,21,234,5351,10.860764361792327,1
2025-04-29,IndiaTV,60,233,4903,10.077295278827586,1
2025-04-29,CNNNews18,54,238,4875,10.355575246348431,1
2025-04-29,TimesNow,57,225,5051,10.991699526721348,1
2025-04-29,RepublicTV,32,226,4751,9.337163036104863,1
2025-04-29,TV9,34,211,5177,10.712565743423347,1
2025-04-29,Asianet,-3,252,5005,9.517671784863627,1
2025-04-29,Colors,27,242,4780,10.55181247006386,1
2025-04-29,SonyTV,44,227,5197,10.552890000737753,1
2025-04-29,StarPlus,11,215,5226,9.947961950233495,1
2025-04-29,ZeeCinema,3,223,5051,10.780003765452713,1
2025-04-29,StarMovies,35,219,5011,10.720580154139254,1
2025-04-29,HBO,28,256,5140,10.483554585833089,1
2025-04-29,Discovery,25,247,4774,10.075025839141745,1
2025-04-29,NationalGeographic,63,252,4858,10.180245841479376,1
2025-04-29,AnimalPlanet,11,236,5018,10.084920455048659,1
2025-04-29,HistoryTV18,15,228,5532,10.361752772245987,1
2025-04-29,CartoonNetwork,42,216,4744,10.642239622017925,1
2025-04-29,Pogo,16,245,4793,10.81807690774502,1
2025-04-29,Nickelodeon,-16,241,4933,9.362554048786293,1
2025-04-29,SonyMax,38,232,4932,10.77079856754133,1
2025-04-29,ZeeTelugu,6,251,5342,10.77615357295439,1
2025-04-29,ETV,52,227,4863,9.618406414158985,1
2025-04-29,GeminiTV,64,241,5001,10.818643869301109,1
2025-04-29,MaaTV,62,225,5529,10.151566618284306,1
2025-04-29,UdayaTV,11,229,5109,11.169946152776568,1
2025-04-29,SuryaTV,9,214,4925,10.694203734336856,1
2025-04-29,KTV,21,218,4994,9.980590993751443,1
2025-04-29,JayaTV,-4,242,5265,10.310156960929872,1
2025-04-29,RajTV,58,249,4896,9.468233013193037,1
2025-04-29,KalaignarTV,26,248,5181,9.509220393274239,1
2025-04-29,DDNews,20,228,5529,9.946060377546885,1
2025-04-29,DDNational,36,254,5351,9.816814029868475,1
2025-04-29,DDSports,28,242,5261,10.595344728626143,1
2025-04-29,TenSports,24,245,5453,10.095105550269604,1
2025-04-29,StarSports,13,262,5125,9.843521681067799,1
2025-04-29,SonySports,14,229,5022,9.55400787507663,1
2025-04-29,Eurosport,-7,243,5316,10.682840976017552,1
2025-04-29,CNBC,58,219,5016,9.936164870484955,1
2025-04-29,BloombergTV,4,219,5082,10.212997556441598,1
2025-04-29,BBCWorld,-5,243,5194,9.810410998305807,1
2025-04-29,AlJazeera,28,210,5144,9.969444940296386,1
2025-04-29,France24,31,241,5187,10.196980345114135,1
2025-04-29,VH1,-3,218,5101,10.258197474781307,1
2025-04-29,MTV,36,206,5294,10.135778600773305,1
2025-04-30,News24,482,7,1045,5.11520996585063,0
2025-04-30,StarTV,514,1,686,4.647819532541196,0
2025-04-30,ZeeTV,499,1,683,5.044344436796124,0
2025-04-30,SunTV,471,1,1031,4.308568697322157,0
2025-04-30,ABPNews,480,6,880,4.226556962404143,0
2025-04-30,NDTV,507,1,845,4.5514522208017505,0
2025-04-30,IndiaTV,481,1,821,4.982073561272218,0
2025-04-30,CNNNews18,466,3,1020,4.416081665087379,0
2025-04-30,TimesNow,502,10,610,5.030578754165703,0
2025-04-30,RepublicTV,488,10,816,3.736117674181416,0
2025-04-30,TV9,493,1,843,5.051071855368546,0
2025-04-30,Asianet,513,4,874,4.099216423024432,0
2025-04-30,Colors,490,20,1033,4.17546408667787,0
2025-04-30,SonyTV,487,1,703,4.060499660696415,0
2025-04-30,StarPlus,489,2,832,4.73187893597321,0
2025-04-30,ZeeCinema,470,8,807,5.143506914421079,0
2025-04-30,StarMovies,514,1,756,4.2774685896264515,0
2025-04-30,HBO,518,1,640,4.660794703862145,0
2025-04-30,Discovery,476,1,861,4.701902912001519,0
2025-04-30,NationalGeographic,516,15,708,4.102968838021346,0
2025-04-30,AnimalPlanet,480,5,1048,4.035846448486773,0
2025-04-30,HistoryTV18,515,1,770,4.752017728784804,0
2025-04-30,CartoonNetwork,497,3,896,3.6650559308579806,0
2025-04-30,Pogo,486,10,771,3.921791819481662,0
2025-04-30,Nickelodeon,512,1,811,3.814010298615629,0
2025-04-30,SonyMax,521,1,704,4.8213609530900134,0
2025-04-30,ZeeTelugu,476,7,799,4.765720448899836,0
2025-04-30,ETV,525,16,772,4.944447560312368,0
2025-04-30,GeminiTV,528,9,958,4.221692465730168,0
2025-04-30,MaaTV,526,12,1085,3.7658032533871415,0
2025-04-30,UdayaTV,506,1,784,4.035631349165947,0
2025-04-30,SuryaTV,520,1,1063,5.0052716475804,0
2025-04-30,KTV,470,16,944,4.585406795027962,0
2025-04-30,JayaTV,455,15,904,4.432544926600247,0
2025-04-30,RajTV,503,1,835,4.278253457213508,0
2025-04-30,KalaignarTV,468,13,833,4.207253792751166,0
2025-04-30,DDNews,492,1,928,3.6447945506743658,0
2025-04-30,DDNational,523,3,818,4.824816745430918,0
2025-04-30,DDSports,493,1,836,4.778488676465675,0
2025-04-30,TenSports,485,4,763,4.152075106472395,0
2025-04-30,StarSports,519,2,830,3.6568614503688894,0
2025-04-30,SonySports,490,18,610,4.003234949622904,0
2025-04-30,Eurosport,498,1,963,4.78418180618689,0
2025-04-30,CNBC,511,4,768,4.646525076689104,0
2025-04-30,BloombergTV,496,1,895,4.507515402303661,0
2025-04-30,BBCWorld,467,4,782,3.6440941682075585,0
2025-04-30,AlJazeera,522,12,768,4.104417801669026,0
2025-04-30,France24,478,1,640,5.0968423025281435,0
2025-04-30,VH1,505,3,767,4.6919497011687445,0
2025-04-30,MTV,474,1,843,4.6658936577404155,0
2025-05-01,News24,526,1,842,4.441850591168595,0
2025-05-01,StarTV,541,2,1062,4.23286515073414,0
2025-05-01,ZeeTV,528,1,682,4.995168505918651,0
2025-05-01,SunTV,564,1,1002,4.488941009868151,0
2025-05-01,ABPNews,514,9,675,5.259046181577416,0
2025-05-01,NDTV,549,1,682,5.035224816871631,0
2025-05-01,IndiaTV,553,5,873,4.8640044688711725,0
2025-05-01,CNNNews18,556,1,780,4.227294004704091,0
2025-05-01,TimesNow,558,9,794,4.037060129527971,0
2025-05-01,RepublicTV,556,1,886,4.961740189167894,0
2025-05-01,TV9,522,2,976,5.265568790403703,0
2025-05-01,Asianet,510,1,1082,4.163448119265131,0
2025-05-01,Colors,522,1,979,4.826028564492529,0
2025-05-01,SonyTV,551,1,1022,4.408120967056553,0
2025-05-01,StarPlus,509,5,875,3.9510286740650047,0
2025-05-01,ZeeCinema,532,8,778,4.730653536742535,0
2025-05-01,StarMovies,556,3,868,4.632719390582802,0
2025-05-01,HBO,523,8,862,4.848559482830264,0
2025-05-01,Discovery,527,1,971,4.6405833539136605,0
2025-05-01,NationalGeographic,520,9,773,4.350027957013453,0
2025-05-01,AnimalPlanet,537,1,675,4.526693360408258,0
2025-05-01,HistoryTV18,511,1,966,4.995403289775252,0
2025-05-01,CartoonNetwork,506,5,968,4.347496514832048,0
2025-05-01,Pogo,553,13,893,5.180819906885888,0
2025-05-01,Nickelodeon,546,8,992,4.56250949778179,0
2025-05-01,SonyMax,552,9,937,4.574865651554971,0
2025-05-01,ZeeTelugu,539,1,768,4.876686446080564,0
2025-05-01,ETV,531,8,822,5.083002818839438,0
2025-05-01,GeminiTV,523,6,935,4.435636205599732,0
2025-05-01,MaaTV,564,7,993,5.037917980064417,0
2025-05-01,UdayaTV,538,1,719,5.030094651586192,0
2025-05-01,SuryaTV,527,1,812,4.414177825902767,0
2025-05-01,KTV,507,1,777,3.924389377075885,0
2025-05-01,JayaTV,523,1,972,3.63397387775504,0
2025-05-01,RajTV,532,1,807,4.587740916709584,0
2025-05-01,KalaignarTV,554,3,955,4.9338411606926496,0
2025-05-01,DDNews,543,1,678,4.557370092680186,0
2025-05-01,DDNational,506,1,712,5.003177011993643,0
2025-05-01,DDSports,530,1,912,4.068005989032102,0
2025-05-01,TenSports,544,10,1085,4.1103506203512366,0
2025-05-01,StarSports,534,1,863,5.068048064562305,0
2025-05-01,SonySports,522,1,722,4.871710250256629,0
2025-05-01,Eurosport,520,1,832,4.951789707646391,0
2025-05-01,CNBC,556,1,787,4.932184192424549,0
2025-05-01,BloombergTV,564,10,849,4.617438932899326,0
2025-05-01,BBCWorld,521,1,861,4.82446249783914,0
2025-05-01,AlJazeera,511,1,983,4.243022853869424,0
2025-05-01,France24,520,1,845,4.814967560141659,0
2025-05-01,VH1,563,1,831,4.943297681144347,0
2025-05-01,MTV,512,1,1103,4.4302975285015185,0
2025-05-02,News24,16,198,4682,10.920861710101688,1
2025-05-02,StarTV,12,203,4592,10.556757445402443,1
2025-05-02,ZeeTV,66,195,4399,10.645882918886803,1
2025-05-02,SunTV,32,201,4469,9.434242435810102,1
2025-05-02,ABPNews,26,198,4411,10.351508056181778,1
2025-05-02,NDTV,-2,207,4549,9.872699448085172,1
2025-05-02,IndiaTV,49,234,4250,10.948531087746163,1
2025-05-02,CNNNews18,11,216,4474,9.977765218875732,1
2025-05-02,TimesNow,47,197,4389,9.40239046753422,1
2025-05-02,RepublicTV,36,203,4425,9.39371568907592,1
2025-05-02,TV9,29,200,4559,9.619004133626891,1
2025-05-02,Asianet,60,213,4161,9.832926133425264,1
2025-05-02,Colors,23,189,4263,10.223382525192664,1
2025-05-02,SonyTV,31,218,4733,10.811656267581164,1
2025-05-02,StarPlus,21,219,4391,10.898209556877571,1
2025-05-02,ZeeCinema,23,197,4405,10.080089645397232,1
2025-05-02,StarMovies,60,212,4490,9.803735431851376,1
2025-05-02,HBO,7,211,4539,9.32557255207853,1
2025-05-02,Discovery,43,221,4227,10.354133952913232,1
2025-05-02,NationalGeographic,27,194,4791,9.839201749812151,1
2025-05-02,AnimalPlanet,33,200,4453,9.769378829141436,1
2025-05-02,HistoryTV18,40,195,4502,10.223608943852211,1
2025-05-02,CartoonNetwork,59,218,4407,9.230109858597828,1
2025-05-02,Pogo,58,183,4424,10.405660935688422,1
2025-05-02,Nickelodeon,16,200,4282,9.3039078990331,1
2025-05-02,SonyMax,44,211,4565,10.763981304134727,1
2025-05-02,ZeeTelugu,28,228,4730,9.370895774564834,1
2025-05-02,ETV,51,204,4531,9.058986682475965,1
2025-05-02,GeminiTV,43,212,4288,10.248762043199156,1
2025-05-02,MaaTV,14,214,4295,9.506045725576422,1
2025-05-02,UdayaTV,54,220,4645,9.317874516483272,1
2025-05-02,SuryaTV,0,219,4186,10.280324502427678,1
2025-05-02,KTV,18,224,4490,9.33165808051002,1
2025-05-02,JayaTV,35,213,4642,9.38678681860149,1
2025-05-02,RajTV,58,211,4261,10.54662246978545,1
2025-05-02,KalaignarTV,12,198,4468,9.167517571094706,1
2025-05-02,DDNews,46,215,4467,10.119450927781532,1
2025-05-02,DDNational,29,228,4543,10.388936129859859,1
2025-05-02,DDSports,-8,201,4327,9.212172120047804,1
2025-05-02,TenSports,-9,234,4369,10.503627472660673,1
2025-05-02,StarSports,22,213,4554,9.78835921514408,1
2025-05-02,SonySports,34,228,4136,9.217208081597777,1
2025-05-02,Eurosport,35,214,4862,10.201110176940169,1
2025-05-02,CNBC,20,200,4343,9.817078975131018,1
2025-05-02,BloombergTV,17,184,4091,9.459526701265402,1
2025-05-02,BBCWorld,10,221,4371,9.445678632387503,1
2025-05-02,AlJazeera,10,196,4296,9.731595813602913,1
2025-05-02,France24,47,212,4559,9.587925738848657,1
2025-05-02,VH1,18,231,4764,9.40045448427601,1
2025-05-02,MTV,41,202,4819,9.4999450221341,1
2025-05-03,News24,470,1,1090,3.6090966518724548,0
2025-05-03,StarTV,454,10,910,4.235096640866571,0
2025-05-03,ZeeTV,478,12,674,3.829661659824631,0
2025-05-03,SunTV,510,1,640,4.065520120042179,0
2025-05-03,ABPNews,519,1,917,4.217717091870063,0
2025-05-03,NDTV,462,16,705,3.7342112351798162,0
2025-05-03,IndiaTV,485,1,867,3.9537331054697655,0
2025-05-03,CNNNews18,482,1,727,4.606895694005819,0
2025-05-03,TimesNow,468,1,586,4.056932154994105,0
2025-05-03,RepublicTV,490,4,746,4.641518323464015,0
2025-05-03,TV9,458,7,1025,4.8073596829676735,0
2025-05-03,Asianet,459,11,991,3.8213723532544654,0
2025-05-03,Colors,456,1,852,4.284870249628459,0
2025-05-03,SonyTV,489,1,745,3.7276746638579374,0
2025-05-03,StarPlus,480,1,1006,4.0327044844447,0
2025-05-03,ZeeCinema,510,1,693,3.920795661537645,0
2025-05-03,StarMovies,518,1,640,4.3595383916260735,0
2025-05-03,HBO,467,2,721,4.648348728277904,0
2025-05-03,Discovery,488,1,832,4.004114396149032,0
2025-05-03,NationalGeographic,471,1,640,4.626693427015661,0
2025-05-03,AnimalPlanet,513,1,1032,4.321790161914656,0
2025-05-03,HistoryTV18,501,1,997,4.7124785001675535,0
2025-05-03,CartoonNetwork,480,5,904,3.8348450292075174,0
2025-05-03,Pogo,499,11,911,3.8331487476615553,0
2025-05-03,Nickelodeon,514,10,842,4.358285606401271,0
2025-05-03,SonyMax,472,2,823,3.737661758244827,0
2025-05-03,ZeeTelugu,477,13,700,3.625189080471221,0
2025-05-03,ETV,496,3,1036,4.725513054601439,0
2025-05-03,GeminiTV,453,14,1019,4.763060158795268,0
2025-05-03,MaaTV,470,5,612,4.023300576617076,0
2025-05-03,UdayaTV,479,8,996,3.664034768841633,0
2025-05-03,SuryaTV,474,1,922,3.914613119519283,0
2025-05-03,KTV,483,1,1027,3.9492921663611265,0
2025-05-03,JayaTV,466,7,898,4.869980777155569,0
2025-05-03,RajTV,462,13,880,4.055356938497847,0
2025-05-03,KalaignarTV,489,12,868,4.194301239484449,0
2025-05-03,DDNews,489,1,906,4.232636346952424,0
2025-05-03,DDNational,478,3,964,4.119540549095951,0
2025-05-03,DDSports,500,5,905,3.971321661015133,0
2025-05-03,TenSports,517,1,698,4.21341082665519,0
2025-05-03,StarSports,469,5,684,4.41738478821595,0
2025-05-03,SonySports,471,4,733,3.8504317984531484,0
2025-05-03,Eurosport,483,1,757,3.844031257620363,0
2025-05-03,CNBC,510,6,871,4.826955191785398,0
2025-05-03,BloombergTV,511,1,704,4.031808587627584,0
2025-05-03,BBCWorld,504,19,829,4.56210564503562,0
2025-05-03,AlJazeera,465,1,958,3.459788983790048,0
2025-05-03,France24,465,8,821,4.625471224229747,0
2025-05-03,VH1,472,2,714,3.975527772601377,0
2025-05-03,MTV,475,1,815,3.9174220939462,0
2025-05-04,News24,34,222,4893,10.375064458732485,1
2025-05-04,StarTV,37,232,4453,9.536991648681058,1
2025-05-04,ZeeTV,20,235,4384,9.785604301551908,1
2025-05-04,SunTV,23,224,4641,9.741825348550062,1
2025-05-04,ABPNews,35,225,4513,9.355790113773482,1
2025-05-04,NDTV,30,224,4688,10.97123862826695,1
2025-05-04,IndiaTV,26,231,4664,10.037084273683114,1
2025-05-04,CNNNews18,5,239,4562,10.919358337953307,1
2025-05-04,TimesNow,7,195,4598,9.955694266328946,1
2025-05-04,RepublicTV,-13,201,4832,10.466030488708668,1
2025-05-04,TV9,-6,229,4534,10.71122391946527,1
2025-05-04,Asianet,48,197,4699,9.85239489257387,1
2025-05-04,Colors,49,187,4571,9.737875144055918,1
2025-05-04,SonyTV,28,218,4779,9.676700401057017,1
2025-05-04,StarPlus,23,217,4354,9.901129160790928,1
2025-05-04,ZeeCinema,52,214,4784,10.108256942750844,1
2025-05-04,StarMovies,63,200,4345,10.448921776251163,1
2025-05-04,HBO,51,217,4615,10.064333647341385,1
2025-05-04,Discovery,31,212,4435,10.79069717661814,1
2025-05-04,NationalGeographic,28,236,4740,9.801686572816884,1
2025-05-04,AnimalPlanet,38,216,4334,9.417481541921212,1
2025-05-04,HistoryTV18,40,225,4563,10.58585719136697,1
2025-05-04,CartoonNetwork,24,197,4647,9.912955965563665,1
2025-05-04,Pogo,4,222,4417,9.54067874814002,1
2025-05-04,Nickelodeon,7,205,4407,9.654479896998149,1
2025-05-04,SonyMax,-7,202,4362,10.551392056628226,1
2025-05-04,ZeeTelugu,15,226,4853,10.585820724907862,1
2025-05-04,ETV,6,197,4194,10.276496885060004,1
2025-05-04,GeminiTV,14,231,4277,10.038243864369134,1
2025-05-04,MaaTV,15,185,4678,9.218424062853568,1
2025-05-04,UdayaTV,36,225,4194,10.359823759204573,1
2025-05-04,SuryaTV,43,196,4445,9.54039333333467,1
2025-05-04,KTV,5,191,4825,9.653208238130825,1
2025-05-04,JayaTV,47,214,4582,10.179638481078491,1
2025-05-04,RajTV,15,212,4495,9.910391509981629,1
2025-05-04,KalaignarTV,11,203,4780,10.839509714790056,1
2025-05-04,DDNews,25,198,4820,10.298354649011912,1
2025-05-04,DDNational,32,200,4312,9.610048880048662,1
2025-05-04,DDSports,30,229,4345,10.190868334197747,1
2025-05-04,TenSports,60,222,4723,9.207423756400164,1
2025-05-04,StarSports,41,215,4492,9.463065379641606,1
2025-05-04,SonySports,52,199,4693,10.500300190255468,1
2025-05-04,Eurosport,22,208,4434,10.54270508919291,1
2025-05-04,CNBC,45,218,4127,9.753915653580737,1
2025-05-04,BloombergTV,41,239,4267,10.391850546697874,1
2025-05-04,BBCWorld,15,238,4346,10.185466665840352,1
2025-05-04,AlJazeera,22,224,4393,10.424673484990233,1
2025-05-04,France24,53,226,4632,10.09092390828903,1
2025-05-04,VH1,46,222,4506,10.295560595363352,1
2025-05-04,MTV,33,191,4461,9.365039833162829,1
2025-05-05,News24,516,6,939,5.303080923324564,0
2025-05-05,StarTV,513,1,1035,4.14956940680117,0
2025-05-05,ZeeTV,556,1,1000,4.180904043535606,0
2025-05-05,SunTV,535,1,984,4.103067457737391,0
2025-05-05,ABPNews,508,3,1076,4.025815337366459,0
2025-05-05,NDTV,531,1,736,4.859530639926328,0
2025-05-05,IndiaTV,518,1,864,5.502489142669651,0
2025-05-05,CNNNews18,517,1,758,4.049318626321424,0
2025-05-05,TimesNow,542,1,944,5.353382307241363,0
2025-05-05,RepublicTV,499,8,942,4.816964567945762,0
2025-05-05,TV9,527,11,798,4.953246580481627,0
2025-05-05,Asianet,496,1,1046,5.459289951931457,0
2025-05-05,Colors,533,1,760,5.419832716918072,0
2025-05-05,SonyTV,495,3,755,3.937396318632405,0
2025-05-05,StarPlus,499,1,814,4.909278400051502,0
2025-05-05,ZeeCinema,553,1,899,5.147508068059127,0
2025-05-05,StarMovies,532,2,1105,4.536690845928189,0
2025-05-05,HBO,506,1,971,4.976509395631346,0
2025-05-05,Discovery,511,1,967,4.22108028344118,0
2025-05-05,NationalGeographic,548,1,668,5.107328456372259,0
2025-05-05,AnimalPlanet,500,1,1056,5.0722088348356715,0
2025-05-05,HistoryTV18,503,1,1083,4.257690405700804,0
2025-05-05,CartoonNetwork,521,1,940,4.384628569175046,0
2025-05-05,Pogo,524,1,952,4.367533402948675,0
2025-05-05,Nickelodeon,536,1,817,5.041556679689521,0
2025-05-05,SonyMax,515,1,1119,4.82582920214557,0
2025-05-05,ZeeTelugu,520,1,994,5.004967858681058,0
2025-05-05,ETV,507,1,756,4.38490517971122,0
2025-05-05,GeminiTV,538,1,658,5.068331950327259,0
2025-05-05,MaaTV,502,1,746,5.491687217975765,0
2025-05-05,UdayaTV,541,1,936,4.067015672021786,0
2025-05-05,SuryaTV,510,1,882,5.24531261105754,0
2025-05-05,KTV,513,2,972,4.730436779652418,0
2025-05-05,JayaTV,528,1,1104,4.600288442906726,0
2025-05-05,RajTV,507,1,1047,4.91067519882312,0
2025-05-05,KalaignarTV,526,1,831,4.544451797854719,0
2025-05-05,DDNews,525,1,727,5.071367698779932,0
2025-05-05,DDNational,548,1,818,5.295094975434774,0
2025-05-05,DDSports,550,2,714,5.201013516789365,0
2025-05-05,TenSports,497,1,1095,4.217359004679314,0
2025-05-05,StarSports,513,1,1009,4.024678725926325,0
2025-05-05,SonySports,521,1,949,5.4674613962226015,0
2025-05-05,Eurosport,542,1,1141,4.746361087960842,0
2025-05-05,CNBC,519,2,709,3.9761984275795035,0
2025-05-05,BloombergTV,499,11,1113,4.698087262776637,0
2025-05-05,BBCWorld,525,1,989,4.320983741609536,0
2025-05-05,AlJazeera,510,1,785,4.506853393810318,0
2025-05-05,France24,542,1,747,5.533313021582966,0
2025-05-05,VH1,561,6,717,5.242501705502781,0
2025-05-05,MTV,534,1,795,4.426347503684591,0
2025-05-06,News24,30,191,4394,9.735413707256544,1
2025-05-06,StarTV,6,206,4636,9.302296392750378,1
2025-05-06,ZeeTV,15,194,4334,9.56537867724456,1
2025-05-06,SunTV,46,213,4308,9.90470824676269,1
2025-05-06,ABPNews,13,213,4350,9.311129898338201,1
2025-05-06,NDTV,50,216,4552,9.632628463298433,1
2025-05-06,IndiaTV,-13,229,4651,9.446405801590958,1
2025-05-06,CNNNews18,51,213,4506,10.253364211237809,1
2025-05-06,TimesNow,25,200,4619,10.077281358601288,1
2025-05-06,RepublicTV,-2,205,4832,9.669390819573467,1
2025-05-06,TV9,20,218,4625,10.131119544929717,1
2025-05-06,Asianet,0,206,4562,9.584221658102594,1
2025-05-06,Colors,18,215,4505,9.852415336158094,1
2025-05-06,SonyTV,26,206,4655,10.652143937170413,1
2025-05-06,StarPlus,24,223,4480,9.662385840826348,1
2025-05-06,ZeeCinema,42,193,4537,10.167010180359103,1
2025-05-06,StarMovies,57,218,4080,10.126920593722831,1
2025-05-06,HBO,55,230,4354,10.031376960077319,1
2025-05-06,Discovery,22,206,4852,10.121262375656217,1
2025-05-06,NationalGeographic,22,202,4800,10.095583941760658,1
2025-05-06,AnimalPlanet,32,195,4740,9.568719561832493,1
2025-05-06,HistoryTV18,30,231,4530,9.87062914285253,1
2025-05-06,CartoonNetwork,38,204,4640,9.855150675184156,1
2025-05-06,Pogo,0,197,4663,9.512132284125983,1
2025-05-06,Nickelodeon,23,218,4339,9.62569805529406,1
2025-05-06,SonyMax,6,219,4795,9.439580211244806,1
2025-05-06,ZeeTelugu,30,235,4188,10.614877495468999,1
2025-05-06,ETV,7,211,4594,10.400911808849848,1
2025-05-06,GeminiTV,69,232,4490,10.064492735776874,1
2025-05-06,MaaTV,35,207,4270,9.20729754481371,1
2025-05-06,UdayaTV,59,222,4490,10.207827015157989,1
2025-05-06,SuryaTV,19,210,4624,9.763279691577221,1
2025-05-06,KTV,9,220,4790,9.56282660534013,1
2025-05-06,JayaTV,54,206,4433,10.538416920394734,1
2025-05-06,RajTV,9,240,4761,9.461553613123986,1
2025-05-06,KalaignarTV,29,214,4465,10.109649751402868,1
2025-05-06,DDNews,41,210,4326,10.389192587833122,1
2025-05-06,DDNational,26,219,4326,9.462832694520456,1
2025-05-06,DDSports,32,222,4410,9.026264267606864,1
2025-05-06,TenSports,15,233,4705,10.233147543689627,1
2025-05-06,StarSports,37,216,4374,9.5223774868469,1
2025-05-06,SonySports,17,200,4457,9.529986124832298,1
2025-05-06,Eurosport,31,225,4524,9.713053674539589,1
2025-05-06,CNBC,42,188,4689,9.35028310791605,1
2025-05-06,BloombergTV,39,213,4559,9.956867813276778,1
2025-05-06,BBCWorld,43,229,4344,10.433935283388927,1
2025-05-06,AlJazeera,44,225,4809,9.235963050786907,1
2025-05-06,France24,33,210,4667,10.420891672486322,1
2025-05-06,VH1,24,219,4462,9.409037319570968,1
2025-05-06,MTV,13,231,4466,10.116874145855242,1
2025-05-07,News24,518,1,669,4.123880333054845,0
2025-05-07,StarTV,471,1,840,3.6389833127405793,0
2025-05-07,ZeeTV,487,1,759,4.639418827655267,0
2025-05-07,SunTV,499,1,802,3.8356279407462495,0
2025-05-07,ABPNews,522,6,937,4.871155257487533,0
2025-05-07,NDTV,476,1,787,4.161289227826912,0
2025-05-07,IndiaTV,518,1,978,3.517029206808136,0
2025-05-07,CNNNews18,474,1,887,3.7552848194979296,0
2025-05-07,TimesNow,489,1,829,4.343884663343175,0
2025-05-07,RepublicTV,523,16,1009,4.862490135962993,0
2025-05-07,TV9,471,15,873,4.2585324692636295,0
2025-05-07,Asianet,509,3,757,4.496698698372971,0
2025-05-07,Colors,506,1,853,5.031775377520919,0
2025-05-07,SonyTV,487,1,754,5.085813076192078,0
2025-05-07,StarPlus,486,5,781,4.496759695085878,0
2025-05-07,ZeeCinema,502,13,845,4.004265955360996,0
2025-05-07,StarMovies,511,1,1011,4.661460112728152,0
2025-05-07,HBO,476,1,886,3.9342432367216476,0
2025-05-07,Discovery,506,1,842,3.5981549408554425,0
2025-05-07,NationalGeographic,483,1,922,4.630068275130192,0
2025-05-07,AnimalPlanet,517,1,957,4.092759452366463,0
2025-05-07,HistoryTV18,509,1,729,4.47399789542262,0
2025-05-07,CartoonNetwork,509,1,845,4.2067562058140044,0
2025-05-07,Pogo,466,3,750,4.333134801221408,0
2025-05-07,Nickelodeon,508,1,895,4.192138240028524,0
2025-05-07,SonyMax,472,10,830,4.522610046288185,0
2025-05-07,ZeeTelugu,473,1,848,4.902907833785665,0
2025-05-07,ETV,494,6,1018,4.304082387120379,0
2025-05-07,GeminiTV,494,14,820,4.965713053805755,0
2025-05-07,MaaTV,510,1,732,4.504989608304896,0
2025-05-07,UdayaTV,494,9,762,4.584603226961458,0
2025-05-07,SuryaTV,483,9,702,4.956697795845759,0
2025-05-07,KTV,462,1,861,4.099186848962484,0
2025-05-07,JayaTV,480,2,1068,4.379018037233953,0
2025-05-07,RajTV,511,1,1001,4.442553734509153,0
2025-05-07,KalaignarTV,528,16,666,5.033137207382051,0
2025-05-07,DDNews,488,1,1085,4.478189043505658,0
2025-05-07,DDNational,501,3,753,4.944804069298896,0
2025-05-07,DDSports,530,3,711,4.700033197184718,0
2025-05-07,TenSports,493,8,798,3.5297003793234802,0
2025-05-07,StarSports,458,1,910,4.232473293280327,0
2025-05-07,SonySports,465,1,913,4.550297929908885,0
2025-05-07,Eurosport,528,6,671,4.045183586117461,0
2025-05-07,CNBC,519,1,792,4.301419523546174,0
2025-05-07,BloombergTV,510,1,967,5.0603361500659085,0
2025-05-07,BBCWorld,517,4,996,3.7117805109368556,0
2025-05-07,AlJazeera,485,1,701,4.098943614035083,0
2025-05-07,France24,500,1,955,4.720119198566402,0
2025-05-07,VH1,520,5,884,4.04610376089983,0
2025-05-07,MTV,491,1,1046,4.878579529002958,0
2025-05-08,News24,19,213,4336,11.04195089071645,1
2025-05-08,StarTV,17,207,4264,10.734920058069182,1
2025-05-08,ZeeTV,6,223,4554,10.315880789527712,1
2025-05-08,SunTV,14,201,4633,10.531715595349695,1
2025-05-08,ABPNews,32,240,4238,9.700363296067513,1
2025-05-08,NDTV,20,225,4684,9.85393681494483,1
2025-05-08,IndiaTV,20,204,4989,10.193183029449882,1
2025-05-08,CNNNews18,6,215,4843,9.870186308302596,1
2025-05-08,TimesNow,29,224,4352,10.195454832699776,1
2025-05-08,RepublicTV,46,215,4304,10.24664405896513,1
2025-05-08,TV9,42,198,4883,9.683887147648553,1
2025-05-08,Asianet,-6,217,4187,9.952799604087078,1
2025-05-08,Colors,12,220,4696,10.02615290409383,1
2025-05-08,SonyTV,28,226,4227,9.332740882301206,1
2025-05-08,StarPlus,-11,236,4761,10.972647109050467,1
2025-05-08,ZeeCinema,45,202,4403,10.454374661867739,1
2025-05-08,StarMovies,1,233,4661,10.93910288270712,1
2025-05-08,HBO,14,226,4703,10.207524769692418,1
2025-05-08,Discovery,29,201,4565,10.075001631060466,1
2025-05-08,NationalGeographic,23,220,4470,11.053523683004233,1
2025-05-08,AnimalPlanet,13,229,4489,9.83283454009682,1
2025-05-08,HistoryTV18,56,211,4521,9.3880206894266,1
2025-05-08,CartoonNetwork,-3,211,4603,9.866168689707557,1
2025-05-08,Pogo,29,228,4616,9.942089768129247,1
2025-05-08,Nickelodeon,32,216,4655,9.385411187138244,1
2025-05-08,SonyMax,24,213,4638,10.07617940169705,1
2025-05-08,ZeeTelugu,9,201,4584,10.296052062127046,1
2025-05-08,ETV,13,214,4515,10.212360790696485,1
2025-05-08,GeminiTV,10,211,4190,10.453837447114735,1
2025-05-08,MaaTV,39,232,4242,9.593565627606527,1
2025-05-08,UdayaTV,27,203,4716,9.970838925842072,1
2025-05-08,SuryaTV,26,196,4449,10.236249115052454,1
2025-05-08,KTV,33,236,4288,10.276773550820511,1
2025-05-08,JayaTV,14,201,4477,10.374587671116993,1
2025-05-08,RajTV,18,201,4841,9.932858524215941,1
2025-05-08,KalaignarTV,28,219,4432,9.338521382959922,1
2025-05-08,DDNews,22,209,4570,9.350297407954661,1
2025-05-08,DDNational,25,230,4408,10.290728894499203,1
2025-05-08,DDSports,18,233,4845,10.697685804114496,1
2025-05-08,TenSports,34,200,4903,10.263502142936622,1
2025-05-08,StarSports,53,220,4657,9.884489498490753,1
2025-05-08,SonySports,27,238,4572,9.392826851102196,1
2025-05-08,Eurosport,45,193,4853,10.926541264421033,1
2025-05-08,CNBC,-9,207,4699,10.49465023611934,1
2025-05-08,BloombergTV,8,216,4467,10.605237810137952,1
2025-05-08,BBCWorld,48,230,4216,10.13908518934004,1
2025-05-08,AlJazeera,38,215,4517,10.117063437493279,1
2025-05-08,France24,2,223,4397,10.5451026930168,1
2025-05-08,VH1,37,220,4668,10.28472066123766,1
2025-05-08,MTV,48,220,4461,10.844574746000422,1
2025-05-09,News24,510,8,890,5.036450084133236,0
2025-05-09,StarTV,505,1,1014,5.112050542215576,0
2025-05-09,ZeeTV,525,1,1179,4.956973327134255,0
2025-05-09,SunTV,547,1,731,4.931076471045509,0
2025-05-09,ABPNews,496,1,962,5.432270242161157,0
2025-05-09,NDTV,556,1,990,5.374435000697184,0
2025-05-09,IndiaTV,550,1,1133,5.150026166412499,0
2025-05-09,CNNNews18,538,5,1026,4.610504731655649,0
2025-05-09,TimesNow,520,1,943,5.384876317705437,0
2025-05-09,RepublicTV,528,9,897,5.086045744409837,0
2025-05-09,TV9,523,4,982,5.5805052108767,0
2025-05-09,Asianet,563,1,796,4.609185504707169,0
2025-05-09,Colors,546,1,912,5.587627932547008,0
2025-05-09,SonyTV,513,1,938,5.3946926176468315,0
2025-05-09,StarPlus,506,1,1003,4.58902912266441,0
2025-05-09,ZeeCinema,543,1,891,4.60371497735849,0
2025-05-09,StarMovies,565,1,1051,4.668353622195049,0
2025-05-09,HBO,527,1,900,5.071149438973666,0
2025-05-09,Discovery,509,1,898,4.3018997350739685,0
2025-05-09,NationalGeographic,552,1,940,4.0248046797354595,0
2025-05-09,AnimalPlanet,528,2,924,5.160640204312318,0
2025-05-09,HistoryTV18,568,12,887,4.654889463730039,0
2025-05-09,CartoonNetwork,526,1,821,5.367822203089715,0
2025-05-09,Pogo,522,1,780,4.730770976710931,0
2025-05-09,Nickelodeon,519,1,849,4.756569614596836,0
2025-05-09,SonyMax,531,1,968,5.438183529951448,0
2025-05-09,ZeeTelugu,557,1,942,4.963654555771672,0
2025-05-09,ETV,553,1,1066,5.188404300218937,0
2025-05-09,GeminiTV,527,7,917,4.529917265003526,0
2025-05-09,MaaTV,524,3,995,5.162050823368338,0
2025-05-09,UdayaTV,551,1,1051,5.38541754200245,0
2025-05-09,SuryaTV,548,10,1062,5.281222962478501,0
2025-05-09,KTV,546,3,880,5.701285666063262,0
2025-05-09,JayaTV,559,1,760,5.433838610078977,0
2025-05-09,RajTV,567,1,730,5.147917508810689,0
2025-05-09,KalaignarTV,546,1,1037,4.268220863061649,0
2025-05-09,DDNews,560,1,944,5.1326183118776925,0
2025-05-09,DDNational,531,5,966,4.710184615502708,0
2025-05-09,DDSports,512,4,1147,4.680183108801302,0
2025-05-09,TenSports,513,1,996,5.5011541151752,0
2025-05-09,StarSports,516,1,1062,4.632284232617988,0
2025-05-09,SonySports,517,1,866,5.184616195079538,0
2025-05-09,Eurosport,557,1,1058,4.887384970645204,0
2025-05-09,CNBC,512,4,806,4.684572426759788,0
2025-05-09,BloombergTV,539,1,935,4.533064039501869,0
2025-05-09,BBCWorld,525,5,956,4.919447800543117,0
2025-05-09,AlJazeera,555,3,1081,4.969525083557777,0
2025-05-09,France24,550,1,922,5.090963448353774,0
2025-05-09,VH1,515,1,1048,4.626207594718418,0
2025-05-09,MTV,550,1,863,5.661030180339992,0
2025-05-10,News24,24,216,4455,10.188055855335946,1
2025-05-10,StarTV,50,192,4815,10.655974925851986,1
2025-05-10,ZeeTV,-5,205,4387,10.825059882070503,1
2025-05-10,SunTV,36,212,4317,9.920543417039735,1
2025-05-10,ABPNews,59,214,4492,10.479313867501164,1
2025-05-10,NDTV,13,204,4584,9.882893440238584,1
2025-05-10,IndiaTV,47,199,4432,10.098937275166604,1
2025-05-10,CNNNews18,17,227,4781,10.021772178979951,1
2025-05-10,TimesNow,-10,231,4554,10.522892860399349,1
2025-05-10,RepublicTV,43,233,4791,10.226429033045509,1
2025-05-10,TV9,60,227,4414,10.390155429962038,1
2025-05-10,Asianet,-5,243,4650,10.460452474943267,1
2025-05-10,Colors,34,216,4576,10.6913471794384,1
2025-05-10,SonyTV,46,202,4635,9.837216756353584,1
2025-05-10,StarPlus,61,228,4655,9.936807876000362,1
2025-05-10,ZeeCinema,24,234,4743,10.952581721013615,1
2025-05-10,StarMovies,19,202,4435,10.749761026618435,1
2025-05-10,HBO,37,222,4602,9.800758441884232,1
2025-05-10,Discovery,5,196,4863,10.327096363835048,1
2025-05-10,NationalGeographic,46,200,4484,10.53153560852544,1
2025-05-10,AnimalPlanet,7,199,4434,10.676286478032598,1
2025-05-10,HistoryTV18,38,235,4708,10.388788283342848,1
2025-05-10,CartoonNetwork,14,228,4528,10.314432293162415,1
2025-05-10,Pogo,54,234,4704,9.888800519558353,1
2025-05-10,Nickelodeon,32,208,4427,9.616465465673269,1
2025-05-10,SonyMax,8,223,4571,10.330442350007173,1
2025-05-10,ZeeTelugu,19,243,4448,10.399946095994862,1
2025-05-10,ETV,38,204,4584,9.894983916906082,1
2025-05-10,GeminiTV,46,244,4877,10.758738666411064,1
2025-05-10,MaaTV,46,213,4891,10.682713402773347,1
2025-05-10,UdayaTV,54,205,4552,9.78393981285905,1
2025-05-10,SuryaTV,36,215,4778,10.460947465246871,1
2025-05-10,KTV,31,192,4752,11.042329482383112,1
2025-05-10,JayaTV,19,236,4793,10.43505120551654,1
2025-05-10,RajTV,29,227,4571,9.645816319672491,1
2025-05-10,KalaignarTV,29,196,4362,10.331875226268721,1
2025-05-10,DDNews,59,241,4536,10.932243269052474,1
2025-05-10,DDNational,28,216,4669,10.188114355365162,1
2025-05-10,DDSports,15,200,4611,10.474281879791631,1
2025-05-10,TenSports,32,233,4548,10.352647349723672,1
2025-05-10,StarSports,29,209,4576,10.059399383745138,1
2025-05-10,SonySports,20,212,4796,10.44328161888945,1
2025-05-10,Eurosport,31,236,4372,9.812156233815774,1
2025-05-10,CNBC,17,220,4604,9.582559434846399,1
2025-05-10,BloombergTV,67,234,4518,10.127925887776287,1
2025-05-10,BBCWorld,25,204,4948,10.431991322750447,1
2025-05-10,AlJazeera,22,240,4631,11.299863600893662,1
2025-05-10,France24,11,200,4230,10.25509470037317,1
2025-05-10,VH1,38,201,4580,9.345946132467983,1
2025-05-10,MTV,61,205,4656,9.953992602695365,1
2025-05-11,News24,513,1,932,4.687015638181328,0
2025-05-11,StarTV,528,1,798,3.8439553302938037,0
2025-05-11,ZeeTV,503,1,624,3.9089494572654866,0
2025-05-11,SunTV,505,1,868,5.158478092677218,0
2025-05-11,ABPNews,517,1,978,4.936627435559124,0
2025-05-11,NDTV,488,1,760,4.968128193383372,0
2025-05-11,IndiaTV,506,1,668,4.156896347539992,0
2025-05-11,CNNNews18,481,1,898,4.470547229019269,0
2025-05-11,TimesNow,516,2,956,4.709261519668901,0
2025-05-11,RepublicTV,498,6,975,5.362574464941486,0
2025-05-11,TV9,481,1,736,4.462314442609988,0
2025-05-11,Asianet,518,1,1028,3.8427148958172643,0
2025-05-11,Colors,528,15,812,4.25375254936751,0
2025-05-11,SonyTV,512,1,954,4.684207357442662,0
2025-05-11,StarPlus,504,1,679,4.1948551491078065,0
2025-05-11,ZeeCinema,500,1,1061,4.6827703930873525,0
2025-05-11,StarMovies,470,1,869,4.2445889351000545,0
2025-05-11,HBO,532,5,1042,4.451053734267892,0
2025-05-11,Discovery,475,1,1152,4.494074560290567,0
2025-05-11,NationalGeographic,531,1,787,3.816910266573726,0
2025-05-11,AnimalPlanet,484,1,1096,4.219068210707273,0
2025-05-11,HistoryTV18,523,1,918,4.5797829011922895,0
2025-05-11,CartoonNetwork,523,1,787,5.075928806650195,0
2025-05-11,Pogo,491,1,580,4.807120524659698,0
2025-05-11,Nickelodeon,492,1,959,3.9946541787555763,0
2025-05-11,SonyMax,500,1,1026,4.055461361784763,0
2025-05-11,ZeeTelugu,519,1,632,4.605203368218449,0
2025-05-11,ETV,526,1,1065,4.914725824501039,0
2025-05-11,GeminiTV,500,10,920,4.53699972847554,0
2025-05-11,MaaTV,510,12,933,3.9417996671839437,0
2025-05-11,UdayaTV,517,1,1082,3.9558504729495985,0
2025-05-11,SuryaTV,505,10,864,3.729089671418813,0
2025-05-11,KTV,517,11,605,4.210039443639231,0
2025-05-11,JayaTV,531,1,1066,3.769511369412796,0
2025-05-11,RajTV,534,1,762,4.847190758271991,0
2025-05-11,KalaignarTV,491,1,1097,3.874003402129993,0
2025-05-11,DDNews,486,12,849,5.3342896237578525,0
2025-05-11,DDNational,483,2,1007,4.070393759158493,0
2025-05-11,DDSports,501,1,1017,4.078020285095029,0
2025-05-11,TenSports,486,1,930,5.055292205906709,0
2025-05-11,StarSports,503,1,723,4.654195166694066,0
2025-05-11,SonySports,512,1,781,4.959218730545744,0
2025-05-11,Eurosport,509,10,888,5.124418173747931,0
2025-05-11,CNBC,537,1,828,4.863841093598003,0
2025-05-11,BloombergTV,507,1,842,4.816788372145176,0
2025-05-11,BBCWorld,535,1,643,4.026712196143172,0
2025-05-11,AlJazeera,480,1,712,4.299043109966408,0
2025-05-11,France24,524,13,1004,4.324577977614196,0
2025-05-11,VH1,486,1,1014,4.335264770404599,0
2025-05-11,MTV,481,7,772,4.290013758742834,0
2025-05-12,News24,-19,225,4766,10.30964482323349,1
2025-05-12,StarTV,13,231,4792,9.961172064442824,1
2025-05-12,ZeeTV,45,235,5095,10.791200464042184,1
2025-05-12,SunTV,23,223,4598,10.573663748746217,1
2025-05-12,ABPNews,50,244,4649,11.066730584516796,1
2025-05-12,NDTV,38,217,4472,10.228774929140776,1
2025-05-12,IndiaTV,5,207,4937,10.111368743767478,1
2025-05-12,CNNNews18,19,240,4749,10.200869834820816,1
2025-05-12,TimesNow,34,215,4615,10.83333017064308,1
2025-05-12,RepublicTV,32,238,4691,9.781985127495515,1
2025-05-12,TV9,40,210,4369,11.222561170229271,1
2025-05-12,Asianet,29,240,4809,10.706907798640957,1
2025-05-12,Colors,-3,211,5028,10.775341379502683,1
2025-05-12,SonyTV,17,204,4753,10.488316267147853,1
2025-05-12,StarPlus,-6,222,4874,10.057429217638974,1
2025-05-12,ZeeCinema,17,223,4980,11.048344842406905,1
2025-05-12,StarMovies,10,239,4738,11.14745294641438,1
2025-05-12,HBO,44,236,4918,10.485988324316459,1
2025-05-12,Discovery,4,234,4646,9.876228235055923,1
2025-05-12,NationalGeographic,12,201,4707,10.669040273150852,1
2025-05-12,AnimalPlanet,-1,212,5037,10.070813999459306,1
2025-05-12,HistoryTV18,4,225,5003,9.905618439586709,1
2025-05-12,CartoonNetwork,17,221,4864,10.364458836995674,1
2025-05-12,Pogo,37,233,4777,10.225867678802498,1
2025-05-12,Nickelodeon,21,232,4909,9.798073115479445,1
2025-05-12,SonyMax,31,246,4498,10.445755316820541,1
2025-05-12,ZeeTelugu,22,235,4345,10.869769170610338,1
2025-05-12,ETV,0,205,4768,9.932722740758816,1
2025-05-12,GeminiTV,-15,218,4950,9.863866746459433,1
2025-05-12,MaaTV,-2,230,4841,10.418311808178258,1
2025-05-12,UdayaTV,49,225,4801,9.59990616574849,1
2025-05-12,SuryaTV,48,219,4760,10.373529728821643,1
2025-05-12,KTV,-2,219,4557,10.550504977551391,1
2025-05-12,JayaTV,35,224,4958,10.345782374365353,1
2025-05-12,RajTV,19,220,4940,10.122776045877776,1
2025-05-12,KalaignarTV,37,226,5053,10.402212026854947,1
2025-05-12,DDNews,5,244,4624,9.70728839041898,1
2025-05-12,DDNational,28,228,5028,9.810002543132303,1
2025-05-12,DDSports,13,226,4867,10.149066918833022,1
2025-05-12,TenSports,12,240,4792,10.31798286485403,1
2025-05-12,StarSports,43,213,4607,10.687141853291479,1
2025-05-12,SonySports,56,206,4485,10.76412672666819,1
2025-05-12,Eurosport,18,244,4633,10.77806369022401,1
2025-05-12,CNBC,13,221,4726,10.24468139592238,1
2025-05-12,BloombergTV,11,221,4778,9.994926407288899,1
2025-05-12,BBCWorld,30,233,4787,10.971877693448835,1
2025-05-12,AlJazeera,53,218,4761,9.770669205484301,1
2025-05-12,France24,51,230,4588,10.372443467727905,1
2025-05-12,VH1,30,227,4617,9.708606893176237,1
2025-05-12,MTV,46,227,4892,10.251197071019694,1
2025-05-13,News24,551,1,813,4.300457654226661,0
2025-05-13,StarTV,550,1,907,4.418293739557857,0
2025-05-13,ZeeTV,530,2,1073,5.396401995834021,0
2025-05-13,SunTV,557,1,1040,5.522533864479285,0
2025-05-13,ABPNews,523,1,1029,5.176329271102503,0
2025-05-13,NDTV,542,1,710,4.598667376507757,0
2025-05-13,IndiaTV,574,1,1164,5.495193016254409,0
2025-05-13,CNNNews18,541,1,954,4.525984933338476,0
2025-05-13,TimesNow,563,1,772,5.218042372160687,0
2025-05-13,RepublicTV,570,1,773,4.4291088924818744,0
2025-05-13,TV9,562,1,1017,4.537480191829747,0
2025-05-13,Asianet,556,1,831,4.642833517747607,0
2025-05-13,Colors,547,1,957,4.222326313500058,0
2025-05-13,SonyTV,520,6,884,5.055557790568448,0
2025-05-13,StarPlus,523,1,891,4.955031773448198,0
2025-05-13,ZeeCinema,550,2,831,5.366723078467259,0
2025-05-13,StarMovies,535,1,1179,5.28057175761616,0
2025-05-13,HBO,533,1,942,4.328002009686078,0
2025-05-13,Discovery,518,1,962,5.296551651776871,0
2025-05-13,NationalGeographic,554,1,1066,5.001003606228783,0
2025-05-13,AnimalPlanet,557,1,883,4.127524693419721,0
2025-05-13,HistoryTV18,535,1,740,4.72336041214577,0
2025-05-13,CartoonNetwork,537,1,934,4.0447891034936125,0
2025-05-13,Pogo,582,1,779,4.31165414171797,0
2025-05-13,Nickelodeon,550,1,932,4.799616638890124,0
2025-05-13,SonyMax,565,1,694,5.411738501370943,0
2025-05-13,ZeeTelugu,520,1,904,4.117289039095568,0
2025-05-13,ETV,540,1,834,4.77129551506079,0
2025-05-13,GeminiTV,528,1,894,4.7733059660067765,0
2025-05-13,MaaTV,527,1,1182,4.447541901173137,0
2025-05-13,UdayaTV,549,1,811,4.275204907788133,0
2025-05-13,SuryaTV,530,1,985,4.303403451702676,0
2025-05-13,KTV,527,1,840,4.996888401886926,0
2025-05-13,JayaTV,560,1,933,4.782685796915674,0
2025-05-13,RajTV,526,1,815,4.795535486996097,0
2025-05-13,KalaignarTV,555,1,805,5.0062925998402905,0
2025-05-13,DDNews,575,1,1014,5.138048600053267,0
2025-05-13,DDNational,531,1,942,4.6568039274083874,0
2025-05-13,DDSports,564,1,1170,4.8362656848887875,0
2025-05-13,TenSports,528,1,861,5.35626286314318,0
2025-05-13,StarSports,541,4,1181,4.970547461115833,0
2025-05-13,SonySports,583,5,1029,4.6281074317274005,0
2025-05-13,Eurosport,555,1,873,4.0312328227241725,0
2025-05-13,CNBC,539,2,670,4.364955564753647,0
2025-05-13,BloombergTV,545,1,913,4.976423819912819,0
2025-05-13,BBCWorld,567,9,809,4.079479811572873,0
2025-05-13,AlJazeera,520,1,898,4.097866636414591,0
2025-05-13,France24,565,1,1192,4.597072083032108,0
2025-05-13,VH1,524,6,999,5.493554029852067,0
2025-05-13,MTV,530,1,987,5.250098624640501,0
2025-05-14,News24,38,219,4454,9.159955834598033,1
2025-05-14,StarTV,16,240,4917,10.526832465826015,1
2025-05-14,ZeeTV,27,211,4524,9.662943162694503,1
2025-05-14,SunTV,43,219,4651,9.908075355381403,1
2025-05-14,ABPNews,14,225,4807,10.021251595034197,1
2025-05-14,NDTV,24,218,4816,10.376412201683637,1
2025-05-14,IndiaTV,0,221,4684,10.761809283228448,1
2025-05-14,CNNNews18,7,205,4415,10.603266086385867,1
2025-05-14,TimesNow,22,239,4608,10.068888823162235,1
2025-05-14,RepublicTV,62,209,4588,10.083196999118174,1
2025-05-14,TV9,46,231,4887,10.45635715851471,1
2025-05-14,Asianet,26,220,4297,10.145120010538335,1
2025-05-14,Colors,47,230,4510,9.378712467403995,1
2025-05-14,SonyTV,47,202,4671,9.36029008238633,1
2025-05-14,StarPlus,40,220,4335,10.638195526260816,1
2025-05-14,ZeeCinema,48,213,4593,9.610393578866876,1
2025-05-14,StarMovies,35,231,4433,10.114261696724359,1
2025-05-14,HBO,26,223,4771,9.084136446159032,1
2025-05-14,Discovery,-2,235,4618,9.31101860408663,1
2025-05-14,NationalGeographic,34,226,4949,10.70918055558236,1
2025-05-14,AnimalPlanet,52,241,5021,9.701883830744714,1
2025-05-14,HistoryTV18,0,220,4342,9.85782065574915,1
2025-05-14,CartoonNetwork,16,242,4855,10.000317025392928,1
2025-05-14,Pogo,50,211,4640,10.221783800004484,1
2025-05-14,Nickelodeon,10,233,4791,9.378566336454233,1
2025-05-14,SonyMax,16,230,4300,9.416962940824561,1
2025-05-14,ZeeTelugu,12,210,4784,9.719230324187865,1
2025-05-14,ETV,15,214,4757,10.603103007061057,1
2025-05-14,GeminiTV,22,207,4904,10.278792650972411,1
2025-05-14,MaaTV,30,227,4813,10.553216438442195,1
2025-05-14,UdayaTV,19,223,4690,9.830237005804875,1
2025-05-14,SuryaTV,9,215,4834,10.2007035014202,1
2025-05-14,KTV,61,200,4837,9.298027461885047,1
2025-05-14,JayaTV,44,225,4649,9.569503667994935,1
2025-05-14,RajTV,-9,210,4848,9.57542821232662,1
2025-05-14,KalaignarTV,47,219,4622,9.986866627998653,1
2025-05-14,DDNews,53,234,4416,9.661804009057473,1
2025-05-14,DDNational,19,213,4838,9.886127446551333,1
2025-05-14,DDSports,38,240,4361,9.784456345186534,1
2025-05-14,TenSports,39,224,4717,9.957820921056781,1
2025-05-14,StarSports,43,209,4405,10.110012663017026,1
2025-05-14,SonySports,16,210,4686,9.834337018633693,1
2025-05-14,Eurosport,36,225,4942,9.340327931546453,1
2025-05-14,CNBC,34,215,4946,10.252418350437498,1
2025-05-14,BloombergTV,51,211,4606,9.9384954815779,1
2025-05-14,BBCWorld,23,247,4357,9.771613020024528,1
2025-05-14,AlJazeera,21,211,5028,10.423165851176899,1
2025-05-14,France24,1,229,4717,9.547852171764674,1
2025-05-14,VH1,50,227,4881,9.88009490875612,1
2025-05-14,MTV,-3,230,5047,9.619603723630721,1
2025-05-15,News24,524,1,861,4.692391703365287,0
2025-05-15,StarTV,512,1,754,3.898782379876094,0
2025-05-15,ZeeTV,521,8,1101,3.8784039894798528,0
2025-05-15,SunTV,499,1,847,4.4130938461698435,0
2025-05-15,ABPNews,532,1,708,4.1601804962463325,0
2025-05-15,NDTV,514,5,906,5.054825164376651,0
2025-05-15,IndiaTV,491,1,727,4.96092051322298,0
2025-05-15,CNNNews18,514,1,802,4.022081821739941,0
2025-05-15,TimesNow,514,1,828,4.114690537852752,0
2025-05-15,RepublicTV,538,7,945,4.862422670406351,0
2025-05-15,TV9,519,5,858,4.624808429976481,0
2025-05-15,Asianet,505,1,965,4.802464570853513,0
2025-05-15,Colors,498,5,824,3.947061304646467,0
2025-05-15,SonyTV,550,1,715,4.380366469682681,0
2025-05-15,StarPlus,534,2,705,4.301505910349734,0
2025-05-15,ZeeCinema,521,6,897,4.7713824122903254,0
2025-05-15,StarMovies,509,8,938,5.024489740669592,0
2025-05-15,HBO,538,1,622,4.112195395631647,0
2025-05-15,Discovery,526,2,763,4.88694907838623,0
2025-05-15,NationalGeographic,512,12,863,4.545494073617989,0
2025-05-15,AnimalPlanet,527,2,993,3.835023680826473,0
2025-05-15,HistoryTV18,543,7,1027,4.916785613642553,0
2025-05-15,CartoonNetwork,546,6,777,4.121843995245275,0
2025-05-15,Pogo,518,1,657,4.057195324760856,0
2025-05-15,Nickelodeon,550,1,831,4.644966964224097,0
2025-05-15,SonyMax,503,1,1035,4.37730817252457,0
2025-05-15,ZeeTelugu,507,1,705,5.167302770117906,0
2025-05-15,ETV,505,5,947,4.404803465174396,0
2025-05-15,GeminiTV,528,1,728,4.886604687784686,0
2025-05-15,MaaTV,526,1,1003,4.8975828485401705,0
2025-05-15,UdayaTV,489,1,758,5.144863781643111,0
2025-05-15,SuryaTV,511,1,794,4.711558000574724,0
2025-05-15,KTV,492,1,898,5.565471275397967,0
2025-05-15,JayaTV,494,3,723,4.193302227261654,0
2025-05-15,RajTV,543,1,798,5.38362284497787,0
2025-05-15,KalaignarTV,523,1,836,4.307333508850417,0
2025-05-15,DDNews,516,1,1107,4.748946959675802,0
2025-05-15,DDNational,537,1,886,4.665345483439845,0
2025-05-15,DDSports,490,1,865,4.5956543668953325,0
2025-05-15,TenSports,531,13,669,5.336355289137148,0
2025-05-15,StarSports,497,1,821,4.537396069271062,0
2025-05-15,SonySports,525,3,864,4.809067654750094,0
2025-05-15,Eurosport,506,1,1155,4.7621721793652965,0
2025-05-15,CNBC,516,1,1019,4.9157713366025995,0
2025-05-15,BloombergTV,529,6,723,5.041459079740609,0
2025-05-15,BBCWorld,535,1,725,5.215417008821124,0
2025-05-15,AlJazeera,517,10,870,3.921831886726678,0
2025-05-15,France24,531,10,879,4.141506063291067,0
2025-05-15,VH1,496,6,1002,5.172351652741317,0
2025-05-15,MTV,492,1,1017,4.982541704236529,0
2025-05-16,News24,-3,230,5163,10.802251980135821,1
2025-05-16,StarTV,40,233,4917,10.886091115734198,1
2025-05-16,ZeeTV,49,238,4693,10.700256205992444,1
2025-05-16,SunTV,-17,211,4623,9.869749995105696,1
2025-05-16,ABPNews,26,233,4530,9.563794623302865,1
2025-05-16,NDTV,38,223,4933,10.215061107561352,1
2025-05-16,IndiaTV,7,234,5206,11.008948439512926,1
2025-05-16,CNNNews18,26,224,5054,10.478922935629008,1
2025-05-16,TimesNow,42,250,4852,10.738605522303619,1
2025-05-16,RepublicTV,-2,243,4761,10.173409931878325,1
2025-05-16,TV9,6,222,4768,10.82145733198556,1
2025-05-16,Asianet,1,215,4987,10.530100301416846,1
2025-05-16,Colors,46,229,4769,11.335249112159662,1
2025-05-16,SonyTV,-4,203,4664,10.694667879589307,1
2025-05-16,StarPlus,15,230,4938,9.946761356584226,1
2025-05-16,ZeeCinema,21,235,4655,11.029918289512192,1
2025-05-16,StarMovies,37,223,4970,9.968184869258629,1
2025-05-16,HBO,19,228,4509,10.747627907644473,1
2025-05-16,Discovery,48,223,4771,10.829901616563859,1
2025-05-16,NationalGeographic,3,230,4533,10.290101827099193,1
2025-05-16,AnimalPlanet,46,235,4620,10.654996403424555,1
2025-05-16,HistoryTV18,43,210,5066,10.303887339943001,1
2025-05-16,CartoonNetwork,57,245,4781,10.532438945986092,1
2025-05-16,Pogo,12,214,4999,10.351342901435677,1
2025-05-16,Nickelodeon,-5,237,4570,10.388649003585485,1
2025-05-16,SonyMax,24,246,4975,9.968685211010799,1
2025-05-16,ZeeTelugu,61,229,5000,11.036110210235373,1
2025-05-16,ETV,49,243,4486,10.360378299208481,1
2025-05-16,GeminiTV,-11,216,4430,9.920483789847678,1
2025-05-16,MaaTV,18,211,5118,9.922356113854581,1
2025-05-16,UdayaTV,42,239,5105,10.526332240685905,1
2025-05-16,SuryaTV,-4,217,4785,10.90796397543194,1
2025-05-16,KTV,24,224,5087,10.21896080709704,1
2025-05-16,JayaTV,15,217,4638,10.043373560400694,1
2025-05-16,RajTV,26,237,4710,9.938104538103186,1
2025-05-16,KalaignarTV,32,218,4783,10.262948933185239,1
2025-05-16,DDNews,-6,252,4705,10.13580255172134,1
2025-05-16,DDNational,41,232,4727,10.290964680906068,1
2025-05-16,DDSports,33,217,4719,10.482338709594757,1
2025-05-16,TenSports,5,220,4910,9.86594020845841,1
2025-05-16,StarSports,22,208,4920,10.691678970792301,1
2025-05-16,SonySports,25,218,4884,10.489030699971725,1
2025-05-16,Eurosport,37,245,5048,10.819406035578856,1
2025-05-16,CNBC,1,209,4777,10.666072897588943,1
2025-05-16,BloombergTV,26,225,4532,10.090025758171187,1
2025-05-16,BBCWorld,42,239,4463,10.98787477600151,1
2025-05-16,AlJazeera,8,241,5045,10.588332602425572,1
2025-05-16,France24,7,230,4612,10.044972091452374,1
2025-05-16,VH1,20,246,4905,9.929465453838738,1
2025-05-16,MTV,13,207,4690,10.966664217916946,1
2025-05-17,News24,535,1,855,4.927462246061341,0
2025-05-17,StarTV,568,3,1076,5.2614979692831305,0
2025-05-17,ZeeTV,547,1,1039,5.837285620490002,0
2025-05-17,SunTV,563,1,854,4.98413973583329,0
2025-05-17,ABPNews,564,1,867,5.202602990129696,0
2025-05-17,NDTV,537,1,794,5.1219351497,0
2025-05-17,IndiaTV,577,2,942,4.70509607967763,0
2025-05-17,CNNNews18,570,1,911,4.945435282852211,0
2025-05-17,TimesNow,530,3,1081,4.8101940202285585,0
2025-05-17,RepublicTV,562,1,1004,4.80129586297507,0
2025-05-17,TV9,547,1,907,4.862875464822068,0
2025-05-17,Asianet,554,1,841,5.560509742451049,0
2025-05-17,Colors,580,1,755,5.094216643027918,0
2025-05-17,SonyTV,573,11,841,4.691729936225048,0
2025-05-17,StarPlus,539,1,802,5.458782773020616,0
2025-05-17,ZeeCinema,576,1,920,4.338058773499231,0
2025-05-17,StarMovies,561,1,1084,5.925631758794014,0
2025-05-17,HBO,568,1,1098,5.723146096064163,0
2025-05-17,Discovery,587,1,767,4.7158504038614595,0
2025-05-17,NationalGeographic,521,13,974,4.393873361608397,0
2025-05-17,AnimalPlanet,571,1,920,4.697941623218058,0
2025-05-17,HistoryTV18,555,1,1030,5.076954380218765,0
2025-05-17,CartoonNetwork,562,1,889,5.313697715346268,0
2025-05-17,Pogo,562,1,859,5.273677945215302,0
2025-05-17,Nickelodeon,527,1,709,4.962193581699567,0
2025-05-17,SonyMax,525,1,810,5.511632067313477,0
2025-05-17,ZeeTelugu,567,1,704,5.255988079168716,0
2025-05-17,ETV,533,1,958,5.0725526017495035,0
2025-05-17,GeminiTV,529,1,831,4.228476158580337,0
2025-05-17,MaaTV,534,1,841,4.658987664508878,0
2025-05-17,UdayaTV,573,1,1095,4.654632658671058,0
2025-05-17,SuryaTV,574,1,1107,4.713866308198423,0
2025-05-17,KTV,541,1,815,4.8147331968830205,0
2025-05-17,JayaTV,574,2,768,5.2315928707116575,0
2025-05-17,RajTV,570,1,959,4.740326421636855,0
2025-05-17,KalaignarTV,559,1,995,5.355585832422339,0
2025-05-17,DDNews,573,3,891,5.274858332073149,0
2025-05-17,DDNational,540,1,860,5.3716073983044526,0
2025-05-17,DDSports,572,5,902,4.554467180798137,0
2025-05-17,TenSports,533,1,952,4.982157441596681,0
2025-05-17,StarSports,567,4,969,5.547940753966591,0
2025-05-17,SonySports,534,1,984,4.633125726647776,0
2025-05-17,Eurosport,538,9,1062,5.07353959157412,0
2025-05-17,CNBC,568,1,1169,4.687686037099918,0
2025-05-17,BloombergTV,537,1,998,5.382057884636679,0
2025-05-17,BBCWorld,561,1,988,5.0366866676782,0
2025-05-17,AlJazeera,540,1,946,4.740707928839667,0
2025-05-17,France24,532,6,902,5.564493416481775,0
2025-05-17,VH1,547,1,855,5.603848108674052,0
2025-05-17,MTV,561,1,1153,5.52949647983858,0
2025-05-18,News24,37,221,4620,10.603905221941474,1
2025-05-18,StarTV,33,216,4978,9.941330708187264,1
2025-05-18,ZeeTV,16,212,4792,10.368243142408415,1
2025-05-18,SunTV,52,248,4667,9.91781066331997,1
2025-05-18,ABPNews,16,225,4713,11.060609560297829,1
2025-05-18,NDTV,29,216,4456,9.759667236206433,1
2025-05-18,IndiaTV,5,222,4427,10.446661760871741,1
2025-05-18,CNNNews18,38,217,4826,10.34940615824139,1
2025-05-18,TimesNow,39,231,4552,10.467795039091058,1
2025-05-18,RepublicTV,32,236,5053,9.930294921499286,1
2025-05-18,TV9,-7,248,4771,10.769510030714596,1
2025-05-18,Asianet,16,211,4514,9.967234341677642,1
2025-05-18,Colors,55,236,4500,9.70923963638056,1
2025-05-18,SonyTV,7,225,4643,9.811586861176444,1
2025-05-18,StarPlus,30,231,4781,9.698542115342773,1
2025-05-18,ZeeCinema,-10,216,4568,10.543523133642875,1
2025-05-18,StarMovies,36,223,5048,9.627467072159984,1
2025-05-18,HBO,7,208,4783,10.21712659913241,1
2025-05-18,Discovery,10,209,4612,10.378059030218273,1
2025-05-18,NationalGeographic,34,232,5024,9.682778887279234,1
2025-05-18,AnimalPlanet,35,235,4564,10.509249362661652,1
2025-05-18,HistoryTV18,8,232,4405,10.769621347030482,1
2025-05-18,CartoonNetwork,55,204,4619,9.68709931779377,1
2025-05-18,Pogo,60,230,4768,10.373176949186222,1
2025-05-18,Nickelodeon,19,227,4734,9.766855510633182,1
2025-05-18,SonyMax,15,244,4685,9.469555882918177,1
2025-05-18,ZeeTelugu,1,222,5105,10.36334900541341,1
2025-05-18,ETV,27,222,4826,10.725564170577215,1
2025-05-18,GeminiTV,37,237,4388,11.018065020154626,1
2025-05-18,MaaTV,-4,220,4887,10.317678502798188,1
2025-05-18,UdayaTV,42,203,4630,9.512750305406971,1
2025-05-18,SuryaTV,9,238,4980,10.006388393351138,1
2025-05-18,KTV,26,222,5129,9.673227410650936,1
2025-05-18,JayaTV,27,222,4904,10.880331004275192,1
2025-05-18,RajTV,21,220,4806,10.200305147748601,1
2025-05-18,KalaignarTV,14,231,4601,10.603419914372154,1
2025-05-18,DDNews,10,228,4457,10.079063087557607,1
2025-05-18,DDNational,37,246,4456,10.170433069122597,1
2025-05-18,DDSports,33,232,4638,10.514556110137606,1
2025-05-18,TenSports,36,240,4622,10.445236863851552,1
2025-05-18,StarSports,45,198,4949,10.029012129401805,1
2025-05-18,SonySports,61,231,4605,9.961275565815843,1
2025-05-18,Eurosport,47,231,4628,9.523144984128788,1
2025-05-18,CNBC,7,215,5122,10.087185105744167,1
2025-05-18,BloombergTV,17,223,4874,9.997360549054047,1
2025-05-18,BBCWorld,52,247,4745,10.260280813462193,1
2025-05-18,AlJazeera,46,241,4578,9.698473318210025,1
2025-05-18,France24,8,210,4538,10.375988750440854,1
2025-05-18,VH1,35,234,4809,9.784503252384475,1
2025-05-18,MTV,36,229,4867,10.543610831376101,1
2025-05-19,News24,518,1,987,4.321842040949274,0
2025-05-19,StarTV,562,1,1116,4.976190325161932,0
2025-05-19,ZeeTV,520,3,794,4.2274337870909795,0
2025-05-19,SunTV,513,6,903,5.154836496108161,0
2025-05-19,ABPNews,510,1,1038,3.8825846801283483,0
2025-05-19,NDTV,514,1,1125,4.217279933812296,0
2025-05-19,IndiaTV,548,1,736,4.806500008327471,0
2025-05-19,CNNNews18,526,15,799,4.308449064597283,0
2025-05-19,TimesNow,519,1,806,4.583572082770622,0
2025-05-19,RepublicTV,518,15,771,4.223901628872063,0
2025-05-19,TV9,500,1,870,4.443852001647894,0
2025-05-19,Asianet,561,1,629,4.379105344247829,0
2025-05-19,Colors,492,1,1020,4.008428182786429,0
2025-05-19,SonyTV,533,1,734,4.142458922213603,0
2025-05-19,StarPlus,499,1,832,5.278246638347311,0
2025-05-19,ZeeCinema,530,1,884,4.415833724611315,0
2025-05-19,StarMovies,521,11,822,4.179385245665029,0
2025-05-19,HBO,541,1,957,4.5913898798542645,0
2025-05-19,Discovery,510,2,922,3.762549727979505,0
2025-05-19,NationalGeographic,507,1,984,4.4404794113029435,0
2025-05-19,AnimalPlanet,543,1,1026,5.001042751319765,0
2025-05-19,HistoryTV18,536,1,1010,3.888695567915219,0
2025-05-19,CartoonNetwork,531,6,929,4.7717072121678585,0
2025-05-19,Pogo,528,1,957,4.026756728264754,0
2025-05-19,Nickelodeon,523,1,934,5.3869343606618365,0
2025-05-19,SonyMax,518,4,1044,4.127717886292587,0
2025-05-19,ZeeTelugu,502,2,703,4.501438169170397,0
2025-05-19,ETV,495,1,1091,4.999215653354983,0
2025-05-19,GeminiTV,497,1,898,4.466633407632957,0
2025-05-19,MaaTV,505,6,1013,4.799486311099653,0
2025-05-19,UdayaTV,518,1,835,4.534511757067101,0
2025-05-19,SuryaTV,497,1,826,4.904059964163465,0
2025-05-19,KTV,503,1,917,4.3920929346940705,0
2025-05-19,JayaTV,511,2,960,4.047554903531149,0
2025-05-19,RajTV,511,1,1047,4.394454367387508,0
2025-05-19,KalaignarTV,535,2,726,4.0575496490692275,0
2025-05-19,DDNews,492,1,914,4.069130171146483,0
2025-05-19,DDNational,529,1,1018,4.019812408762061,0
2025-05-19,DDSports,535,5,839,4.394367661264759,0
2025-05-19,TenSports,547,11,828,3.952904226791884,0
2025-05-19,StarSports,498,1,928,4.740581809541275,0
2025-05-19,SonySports,548,1,857,4.375914174565159,0
2025-05-19,Eurosport,536,1,861,4.262212226111741,0
2025-05-19,CNBC,514,3,889,4.45530355067597,0
2025-05-19,BloombergTV,550,1,949,4.7475290458586,0
2025-05-19,BBCWorld,551,1,913,3.94112781198697,0
2025-05-19,AlJazeera,548,1,1011,4.445096599368681,0
2025-05-19,France24,535,2,915,5.166776255702786,0
2025-05-19,VH1,544,1,1045,5.442169748074014,0
2025-05-19,MTV,529,1,835,5.103816979448199,0
2025-05-20,News24,37,246,4549,10.516049607459147,1
2025-05-20,StarTV,10,239,4876,11.21002257942726,1
2025-05-20,ZeeTV,41,220,4780,10.628729233070121,1
2025-05-20,SunTV,17,214,5083,10.232679923455594,1
2025-05-20,ABPNews,60,247,4594,10.846588870389915,1
2025-05-20,NDTV,32,238,4712,10.355401267794747,1
2025-05-20,IndiaTV,32,231,4852,9.71237355885171,1
2025-05-20,CNNNews18,-17,249,4852,10.553100516921335,1
2025-05-20,TimesNow,34,211,4946,11.222306515313193,1
2025-05-20,RepublicTV,33,226,4716,10.989700151488385,1
2025-05-20,TV9,-2,217,4848,9.607396985942112,1
2025-05-20,Asianet,20,217,4568,11.191461569230476,1
2025-05-20,Colors,12,250,4910,11.036583125062347,1
2025-05-20,SonyTV,-2,226,5169,10.097596655474659,1
2025-05-20,StarPlus,27,210,4946,10.779881370389054,1
2025-05-20,ZeeCinema,-2,254,4615,10.666247559875872,1
2025-05-20,StarMovies,12,211,5113,10.895407267826043,1
2025-05-20,HBO,-14,250,4957,10.691411283704033,1
2025-05-20,Discovery,-8,222,4928,10.0887421797651,1
2025-05-20,NationalGeographic,-2,221,4665,10.31009831500258,1
2025-05-20,AnimalPlanet,2,250,4937,10.213984517525827,1
2025-05-20,HistoryTV18,16,225,4737,10.835094450295763,1
2025-05-20,CartoonNetwork,43,226,4650,11.312676849320917,1
2025-05-20,Pogo,20,208,5120,10.419001082975072,1
2025-05-20,Nickelodeon,1,232,4496,10.971550561221282,1
2025-05-20,SonyMax,-10,204,4991,10.34006495656368,1
2025-05-20,ZeeTelugu,22,251,4891,10.975829280515837,1
2025-05-20,ETV,4,202,4743,10.425279232054692,1
2025-05-20,GeminiTV,19,229,4832,10.473853475937842,1
2025-05-20,MaaTV,5,238,4792,10.684382854101466,1
2025-05-20,UdayaTV,-8,249,4598,10.191753551439469,1
2025-05-20,SuryaTV,7,240,4753,10.41085037939793,1
2025-05-20,KTV,34,233,4845,10.126894353751588,1
2025-05-20,JayaTV,22,230,4531,10.604523051414096,1
2025-05-20,RajTV,43,231,4746,10.683799076843968,1
2025-05-20,KalaignarTV,20,226,4639,10.451963336794147,1
2025-05-20,DDNews,55,240,4511,10.815707760259253,1
2025-05-20,DDNational,26,208,4791,10.034855872275148,1
2025-05-20,DDSports,23,226,5162,10.920460656097813,1
2025-05-20,TenSports,16,244,4946,9.94070578439648,1
2025-05-20,StarSports,39,227,4663,10.35856093156514,1
2025-05-20,SonySports,16,213,4826,10.007598560203366,1
2025-05-20,Eurosport,50,242,4995,10.702491422779506,1
2025-05-20,CNBC,-4,228,5149,10.678326998760795,1
2025-05-20,BloombergTV,42,227,4820,9.848311894573138,1
2025-05-20,BBCWorld,20,215,4785,10.604576819720908,1
2025-05-20,AlJazeera,-17,245,4793,10.96608903279396,1
2025-05-20,France24,42,234,4949,10.237218320549395,1
2025-05-20,VH1,18,226,5226,10.594907233715539,1
2025-05-20,MTV,17,233,4965,11.111435440520966,1
2025-05-21,News24,546,1,960,5.3545343009479485,0
2025-05-21,StarTV,573,1,804,4.970082220186589,0
2025-05-21,ZeeTV,578,1,893,5.459278875007521,0
2025-05-21,SunTV,534,1,906,5.162297257815645,0
2025-05-21,ABPNews,541,1,1078,5.709236699335641,0
2025-05-21,NDTV,548,1,755,4.751088081369954,0
2025-05-21,IndiaTV,537,1,1184,5.24002784801641,0
2025-05-21,CNNNews18,532,1,1118,4.467795161466679,0
2025-05-21,TimesNow,552,1,826,5.62441582475409,0
2025-05-21,RepublicTV,563,8,854,4.867376688529512,0
2025-05-21,TV9,542,1,733,5.63320701476351,0
2025-05-21,Asianet,574,1,1129,4.796277134231872,0
2025-05-21,Colors,580,1,882,5.262682971501365,0
2025-05-21,SonyTV,601,1,1116,4.6502710602702635,0
2025-05-21,StarPlus,562,1,1017,5.080507103415463,0
2025-05-21,ZeeCinema,565,1,784,5.428513349376099,0
2025-05-21,StarMovies,589,1,884,5.6951112295853825,0
2025-05-21,HBO,575,1,776,4.872801459423432,0
2025-05-21,Discovery,552,1,828,6.028713448224342,0
2025-05-21,NationalGeographic,579,1,991,4.915235866115211,0
2025-05-21,AnimalPlanet,592,1,912,5.174600582419761,0
2025-05-21,HistoryTV18,546,1,1022,4.567982010981262,0
2025-05-21,CartoonNetwork,549,1,1188,5.173735121356753,0
2025-05-21,Pogo,562,1,1110,5.06172576897216,0
2025-05-21,Nickelodeon,568,1,892,4.736003874696504,0
2025-05-21,SonyMax,551,1,691,5.21243697869599,0
2025-05-21,ZeeTelugu,527,11,806,5.569579132540961,0
2025-05-21,ETV,592,1,866,4.878989268800641,0
2025-05-21,GeminiTV,564,1,902,4.879693553097364,0
2025-05-21,MaaTV,571,1,1209,5.460507918051577,0
2025-05-21,UdayaTV,585,1,996,5.816564416798759,0
2025-05-21,SuryaTV,549,1,828,5.453812699497724,0
2025-05-21,KTV,584,1,698,5.3470038269193285,0
2025-05-21,JayaTV,559,1,845,4.755824209611785,0
2025-05-21,RajTV,573,1,1033,5.789512884422478,0
2025-05-21,KalaignarTV,597,1,775,5.5447072510675985,0
2025-05-21,DDNews,594,1,1179,4.966172984168641,0
2025-05-21,DDNational,548,1,854,4.5672440514644705,0
2025-05-21,DDSports,544,1,938,5.654475617102858,0
2025-05-21,TenSports,585,2,1133,5.435326742927993,0
2025-05-21,StarSports,575,1,750,5.7304921354956155,0
2025-05-21,SonySports,557,1,781,5.6253734660065575,0
2025-05-21,Eurosport,566,1,820,4.476537604508864,0
2025-05-21,CNBC,573,1,938,5.967186403339647,0
2025-05-21,BloombergTV,545,1,1052,4.6387044028606566,0
2025-05-21,BBCWorld,550,3,884,4.488482374912604,0
2025-05-21,AlJazeera,538,1,1023,5.033822092632836,0
2025-05-21,France24,594,1,803,5.083209040446231,0
2025-05-21,VH1,566,1,1130,5.304384418847075,0
2025-05-21,MTV,558,1,1152,5.584165508028259,0
2025-05-22,News24,29,237,4784,10.164159229091048,1
2025-05-22,StarTV,51,209,4509,9.49339583901771,1
2025-05-22,ZeeTV,37,229,4978,9.84332477341031,1
2025-05-22,SunTV,9,231,4645,9.80420346773919,1
2025-05-22,ABPNews,26,213,4711,10.28094262169087,1
2025-05-22,NDTV,4,222,4553,10.844859336734837,1
2025-05-22,IndiaTV,-1,208,5035,9.950784084406207,1
2025-05-22,CNNNews18,-4,224,4935,10.993764906133796,1
2025-05-22,TimesNow,54,212,4830,10.212153389545692,1
2025-05-22,RepublicTV,18,251,4708,10.134612215151924,1
2025-05-22,TV9,46,217,5072,10.552480500366949,1
2025-05-22,Asianet,3,247,4852,10.340469555059238,1
2025-05-22,Colors,7,236,4873,10.44305643160164,1
2025-05-22,SonyTV,24,212,4857,10.174360597246206,1
2025-05-22,StarPlus,17,213,4551,10.247061079084974,1
2025-05-22,ZeeCinema,32,253,4693,10.322142148797603,1
2025-05-22,StarMovies,18,232,4474,10.16579841338957,1
2025-05-22,HBO,29,245,4793,9.6604781664114,1
2025-05-22,Discovery,1,231,4793,10.191541528839227,1
2025-05-22,NationalGeographic,53,221,4700,11.038232160052837,1
2025-05-22,AnimalPlanet,4,224,4865,9.749102257310954,1
2025-05-22,HistoryTV18,1,221,4891,9.502466321781673,1
2025-05-22,CartoonNetwork,-3,232,4603,10.225610324343947,1
2025-05-22,Pogo,1,239,4940,9.852581756017505,1
2025-05-22,Nickelodeon,48,225,4785,10.48945897440407,1
2025-05-22,SonyMax,8,234,4897,10.130073438035952,1
2025-05-22,ZeeTelugu,43,229,4472,9.2732313411575,1
2025-05-22,ETV,46,231,4792,9.651910306720701,1
2025-05-22,GeminiTV,32,223,4816,9.557680503888802,1
2025-05-22,MaaTV,-1,204,4791,11.040492405052731,1
2025-05-22,UdayaTV,8,207,4628,10.948839743262504,1
2025-05-22,SuryaTV,21,253,4871,10.266521867584542,1
2025-05-22,KTV,39,231,4991,10.398091850086015,1
2025-05-22,JayaTV,35,225,5030,9.55654316838851,1
2025-05-22,RajTV,1,226,4707,10.240110765665358,1
2025-05-22,KalaignarTV,31,217,4484,11.039215931369815,1
2025-05-22,DDNews,17,212,4486,10.108266149232437,1
2025-05-22,DDNational,31,241,4907,10.802584020179104,1
2025-05-22,DDSports,12,233,4643,9.771676848432259,1
2025-05-22,TenSports,29,203,4909,10.326202460047108,1
2025-05-22,StarSports,43,239,4921,10.62564872475111,1
2025-05-22,SonySports,-2,216,4906,9.44857020027085,1
2025-05-22,Eurosport,32,242,4839,10.17781799176097,1
2025-05-22,CNBC,-7,217,5073,10.311611486649873,1
2025-05-22,BloombergTV,2,236,4986,10.393693858359834,1
2025-05-22,BBCWorld,19,221,5149,10.445940576542625,1
2025-05-22,AlJazeera,39,213,4777,9.640387929209677,1
2025-05-22,France24,28,217,4718,10.815823580980046,1
2025-05-22,VH1,-7,220,4737,9.853504148436166,1
2025-05-22,MTV,-8,236,4863,10.326617679471418,1
2025-05-23,News24,519,1,996,4.424563942259917,0
2025-05-23,StarTV,549,1,633,5.149910075938385,0
2025-05-23,ZeeTV,523,1,1064,4.683863961442122,0
2025-05-23,SunTV,528,7,893,4.987130682526786,0
2025-05-23,ABPNews,549,6,919,4.876393278138979,0
2025-05-23,NDTV,531,1,914,5.420514756164159,0
2025-05-23,IndiaTV,541,1,1006,5.352351717158166,0
2025-05-23,CNNNews18,526,16,1035,4.690696053201529,0
2025-05-23,TimesNow,540,1,934,4.707629677293702,0
2025-05-23,RepublicTV,536,1,857,5.553526803096399,0
2025-05-23,TV9,532,1,994,4.1312860100822215,0
2025-05-23,Asianet,506,6,1144,5.439587618050634,0
2025-05-23,Colors,534,9,677,5.277385084386748,0
2025-05-23,SonyTV,527,1,799,4.228854176053986,0
2025-05-23,StarPlus,546,1,821,4.608459205838379,0
2025-05-23,ZeeCinema,545,1,817,4.514186844149754,0
2025-05-23,StarMovies,540,1,983,4.343759994927661,0
2025-05-23,HBO,531,1,793,5.24449954715764,0
2025-05-23,Discovery,555,11,783,3.918852017510357,0
2025-05-23,NationalGeographic,496,1,700,4.4519625020742515,0
2025-05-23,AnimalPlanet,506,1,1051,5.427006500202138,0
2025-05-23,HistoryTV18,518,1,1121,4.702835972115759,0
2025-05-23,CartoonNetwork,571,9,690,4.352314908645606,0
2025-05-23,Pogo,546,1,1032,5.426738660370882,0
2025-05-23,Nickelodeon,557,2,900,4.282330090343661,0
2025-05-23,SonyMax,526,1,815,5.102792360624006,0
2025-05-23,ZeeTelugu,529,1,1005,4.555259577677573,0
2025-05-23,ETV,549,1,1063,4.612018351908443,0
2025-05-23,GeminiTV,544,15,961,4.07786175500541,0
2025-05-23,MaaTV,514,1,772,5.3238301947630475,0
2025-05-23,UdayaTV,532,5,754,5.021549276387388,0
2025-05-23,SuryaTV,552,5,852,4.5993038372570645,0
2025-05-23,KTV,538,1,889,4.372232468508026,0
2025-05-23,JayaTV,561,1,702,5.174098833500857,0
2025-05-23,RajTV,558,4,901,4.865760315843638,0
2025-05-23,KalaignarTV,547,1,771,4.701858296982313,0
2025-05-23,DDNews,560,12,891,4.309002223889931,0
2025-05-23,DDNational,563,1,982,4.816487409368017,0
2025-05-23,DDSports,502,1,791,3.922413848156679,0
2025-05-23,TenSports,539,1,952,5.140074265989815,0
2025-05-23,StarSports,560,1,912,4.738583570190313,0
2025-05-23,SonySports,537,1,1081,5.050013926316009,0
2025-05-23,Eurosport,542,1,1100,4.609646436817206,0
2025-05-23,CNBC,504,1,1009,5.370908195046453,0
2025-05-23,BloombergTV,517,3,841,5.464442518909939,0
2025-05-23,BBCWorld,519,1,909,5.423182839788089,0
2025-05-23,AlJazeera,552,1,1058,3.9266074605917236,0
2025-05-23,France24,534,7,893,4.282329760965855,0
2025-05-23,VH1,545,1,945,4.356776628177656,0
2025-05-23,MTV,542,1,1047,4.3104911450943195,0
2025-05-24,News24,20,241,5125,10.542623478819172,1
2025-05-24,StarTV,2,226,4873,10.060202413766758,1
2025-05-24,ZeeTV,17,222,4928,10.51495948097077,1
2025-05-24,SunTV,27,209,4522,10.035402353776542,1
2025-05-24,ABPNews,54,236,4811,10.019297413410479,1
2025-05-24,NDTV,30,233,5058,11.124637354959617,1
2025-05-24,IndiaTV,24,216,5208,10.965302890618972,1
2025-05-24,CNNNews18,14,223,4759,10.073619531860096,1
2025-05-24,TimesNow,8,243,4998,10.444210189400923,1
2025-05-24,RepublicTV,13,233,4976,9.724397781921573,1
2025-05-24,TV9,-5,228,4534,10.755501277752645,1
2025-05-24,Asianet,9,225,4741,10.149464814790772,1
2025-05-24,Colors,20,241,5011,9.967302147456978,1
2025-05-24,SonyTV,41,257,4947,10.613475016923829,1
2025-05-24,StarPlus,23,224,4877,10.081431719079687,1
2025-05-24,ZeeCinema,-10,242,5127,11.218519295759922,1
2025-05-24,StarMovies,7,214,4991,9.573954059882112,1
2025-05-24,HBO,20,221,4832,10.223098419567592,1
2025-05-24,Discovery,16,243,4854,11.008344375982865,1
2025-05-24,NationalGeographic,28,241,4818,9.953970511650512,1
2025-05-24,AnimalPlanet,25,227,4595,10.888084916391499,1
2025-05-24,HistoryTV18,18,226,4702,11.129921254696114,1
2025-05-24,CartoonNetwork,51,222,5002,10.01026321564332,1
2025-05-24,Pogo,11,238,4752,9.872983923064394,1
2025-05-24,Nickelodeon,25,212,4711,10.317847785981693,1
2025-05-24,SonyMax,38,229,5120,10.214494380371944,1
2025-05-24,ZeeTelugu,48,213,5049,10.942683683506413,1
2025-05-24,ETV,54,233,4850,9.815182971082177,1
2025-05-24,GeminiTV,38,245,5012,10.65982412165786,1
2025-05-24,MaaTV,20,250,4992,9.657300337655283,1
2025-05-24,UdayaTV,39,249,4724,10.447686872871637,1
2025-05-24,SuryaTV,44,218,5074,9.713262559944702,1
2025-05-24,KTV,-4,245,5018,10.742521344154866,1
2025-05-24,JayaTV,6,229,4848,11.241857331425228,1
2025-05-24,RajTV,-3,236,5075,10.695253951360495,1
2025-05-24,KalaignarTV,39,239,5165,10.367371475660589,1
2025-05-24,DDNews,47,233,5087,10.275372915117346,1
2025-05-24,DDNational,-4,248,4671,10.889108846592714,1
2025-05-24,DDSports,1,227,4716,9.753596577019817,1
2025-05-24,TenSports,6,211,4612,10.578691262418596,1
2025-05-24,StarSports,29,238,4951,9.509897845404506,1
2025-05-24,SonySports,50,229,5070,11.126723144480017,1
2025-05-24,Eurosport,-4,246,4760,9.425147527461615,1
2025-05-24,CNBC,22,242,4778,10.08320311253266,1
2025-05-24,BloombergTV,34,241,4872,9.970113916734412,1
2025-05-24,BBCWorld,-11,240,5040,10.810277375128694,1
2025-05-24,AlJazeera,27,240,5012,10.217914997252134,1
2025-05-24,France24,41,238,4931,10.992305352678752,1
2025-05-24,VH1,-16,252,5015,10.355420970985262,1
2025-05-24,MTV,-1,206,4920,10.694757993365906,1
2025-05-25,News24,542,9,1096,5.450201926615691,0
2025-05-25,StarTV,595,1,847,4.581198095434673,0
2025-05-25,ZeeTV,585,4,1020,5.815517237664134,0
2025-05-25,SunTV,559,1,884,5.312530877660827,0
2025-05-25,ABPNews,586,1,1166,4.703788457215809,0
2025-05-25,NDTV,559,4,909,4.654027752062879,0
2025-05-25,IndiaTV,586,3,995,5.097753152124673,0
2025-05-25,CNNNews18,553,1,799,5.606903972272792,0
2025-05-25,TimesNow,582,5,1036,5.64614012761258,0
2025-05-25,RepublicTV,556,1,971,5.725594342222012,0
2025-05-25,TV9,578,1,817,5.351284753873517,0
2025-05-25,Asianet,592,1,939,6.030318595311743,0
2025-05-25,Colors,569,2,1096,5.87534640650084,0
2025-05-25,SonyTV,572,6,992,5.2226428161723515,0
2025-05-25,StarPlus,600,1,1243,5.344278887627749,0
2025-05-25,ZeeCinema,554,1,1039,5.800287059486704,0
2025-05-25,StarMovies,590,1,959,5.362369347661386,0
2025-05-25,HBO,579,1,1011,4.699046859570521,0
2025-05-25,Discovery,562,1,876,4.959023636789684,0
2025-05-25,NationalGeographic,579,1,1055,6.013751906432559,0
2025-05-25,AnimalPlanet,604,1,1033,5.089658905918035,0
2025-05-25,HistoryTV18,581,1,952,5.587058156167496,0
2025-05-25,CartoonNetwork,596,1,991,4.667149370624366,0
2025-05-25,Pogo,560,1,1039,5.2848694006489545,0
2025-05-25,Nickelodeon,581,1,889,4.578746761445015,0
2025-05-25,SonyMax,581,1,894,4.686122012309721,0
2025-05-25,ZeeTelugu,602,1,1008,5.167566657286784,0
2025-05-25,ETV,545,1,941,5.9686252108925295,0
2025-05-25,GeminiTV,552,1,772,5.839833653255592,0
2025-05-25,MaaTV,593,1,878,4.531711050587318,0
2025-05-25,UdayaTV,592,1,904,5.70136208701661,0
2025-05-25,SuryaTV,573,1,905,4.805726803942977,0
2025-05-25,KTV,569,1,952,5.319567903417846,0
2025-05-25,JayaTV,591,1,961,4.870217804062625,0
2025-05-25,RajTV,610,1,977,5.411151164531172,0
2025-05-25,KalaignarTV,544,3,795,5.210971025587309,0
2025-05-25,DDNews,594,1,821,5.3026954611001935,0
2025-05-25,DDNational,543,1,1258,5.195278166509173,0
2025-05-25,DDSports,594,1,865,5.169763374843377,0
2025-05-25,TenSports,556,1,1025,6.061649013433496,0
2025-05-25,StarSports,562,1,1024,5.077732789096203,0
2025-05-25,SonySports,543,8,1071,5.197774206626756,0
2025-05-25,Eurosport,557,1,776,4.765206521050136,0
2025-05-25,CNBC,572,1,1081,5.365743936330452,0
2025-05-25,BloombergTV,558,1,899,4.6934626561950825,0
2025-05-25,BBCWorld,584,8,1145,4.574855739175521,0
2025-05-25,AlJazeera,575,1,981,4.749602603823696,0
2025-05-25,France24,558,1,1037,5.624310971969769,0
2025-05-25,VH1,564,1,870,5.029079007581049,0
2025-05-25,MTV,589,1,970,4.828635019755345,0
2025-05-26,News24,14,211,5158,10.158922283997587,1
2025-05-26,StarTV,33,244,4788,10.677374708160835,1
2025-05-26,ZeeTV,-3,232,4725,10.971001709569446,1
2025-05-26,SunTV,9,245,5003,10.088039747619566,1
2025-05-26,ABPNews,24,237,5044,10.613361879690682,1
2025-05-26,NDTV,8,231,5244,11.091709169261115,1
2025-05-26,IndiaTV,39,208,4678,10.740349886918176,1
2025-05-26,CNNNews18,38,225,5218,10.816083431344488,1
2025-05-26,TimesNow,-12,220,4559,10.030387490235288,1
2025-05-26,RepublicTV,31,254,4789,10.999435238586964,1
2025-05-26,TV9,52,222,4607,10.737623052953957,1
2025-05-26,Asianet,12,240,4888,10.604316568343878,1
2025-05-26,Colors,44,248,4514,10.083193423535247,1
2025-05-26,SonyTV,-6,219,4726,9.947864855694004,1
2025-05-26,StarPlus,38,236,4794,11.088753849481886,1
2025-05-26,ZeeCinema,-6,232,5044,10.533622531419597,1
2025-05-26,StarMovies,5,231,4978,9.944134668528662,1
2025-05-26,HBO,-1,206,4567,10.225564389838949,1
2025-05-26,Discovery,31,211,5183,9.880867593187702,1
2025-05-26,NationalGeographic,19,228,5041,10.19236519276589,1
2025-05-26,AnimalPlanet,46,233,4523,10.213881218224968,1
2025-05-26,HistoryTV18,22,247,4669,11.203666516211003,1
2025-05-26,CartoonNetwork,20,242,4949,9.866528374977047,1
2025-05-26,Pogo,35,251,4767,10.604952583923357,1
2025-05-26,Nickelodeon,41,248,5123,9.69938063815072,1
2025-05-26,SonyMax,37,234,4741,10.265538352396092,1
2025-05-26,ZeeTelugu,14,240,4899,9.47849622082064,1
2025-05-26,ETV,48,220,4518,11.062050727969131,1
2025-05-26,GeminiTV,4,227,4674,11.190943837288485,1
2025-05-26,MaaTV,20,233,4994,10.652734241260815,1
2025-05-26,UdayaTV,1,234,4946,10.7969350719856,1
2025-05-26,SuryaTV,35,237,4835,10.295633142086722,1
2025-05-26,KTV,-7,231,5019,10.13838092096045,1
2025-05-26,JayaTV,20,230,5110,10.768908479047557,1
2025-05-26,RajTV,50,215,5196,10.588864372961602,1
2025-05-26,KalaignarTV,31,215,4942,10.163366737911092,1
2025-05-26,DDNews,42,215,4620,11.050999399085901,1
2025-05-26,DDNational,51,226,4849,9.964471080985803,1
2025-05-26,DDSports,-8,219,4907,9.955469775053574,1
2025-05-26,TenSports,13,235,4796,10.537683104208831,1
2025-05-26,StarSports,-14,211,5241,10.910176969603482,1
2025-05-26,SonySports,-8,223,5059,9.467425196359224,1
2025-05-26,Eurosport,53,216,4668,10.583160008847933,1
2025-05-26,CNBC,33,202,4676,11.105887456759888,1
2025-05-26,BloombergTV,55,233,5163,10.22281769519778,1
2025-05-26,BBCWorld,34,227,4828,10.591151624048429,1
2025-05-26,AlJazeera,31,246,5268,10.650760588731526,1
2025-05-26,France24,-2,233,4822,10.077080341230515,1
2025-05-26,VH1,21,212,4540,10.185551152945152,1
2025-05-26,MTV,7,218,4717,10.6612692992835,1
2025-05-27,News24,539,1,758,4.878313187974664,0
2025-05-27,StarTV,526,1,926,4.799835847909518,0
2025-05-27,ZeeTV,539,1,979,4.836366260030401,0
2025-05-27,SunTV,515,1,1024,4.844999519801636,0
2025-05-27,ABPNews,520,1,1171,4.557897039358493,0
2025-05-27,NDTV,517,9,972,5.206527028803586,0
2025-05-27,IndiaTV,544,2,933,5.020335706018776,0
2025-05-27,CNNNews18,571,1,1148,4.83482936615629,0
2025-05-27,TimesNow,517,1,1060,4.6044410609486,0
2025-05-27,RepublicTV,552,1,1089,5.244046821080195,0
2025-05-27,TV9,557,10,904,4.559536792577705,0
2025-05-27,Asianet,554,1,990,5.073574700161473,0
2025-05-27,Colors,548,1,728,5.4550091835142265,0
2025-05-27,SonyTV,550,1,787,4.29156836835749,0
2025-05-27,StarPlus,522,1,729,5.436817881477225,0
2025-05-27,ZeeCinema,558,6,1002,4.937725239344355,0
2025-05-27,StarMovies,559,1,926,4.756774743911204,0
2025-05-27,HBO,512,1,925,4.563504261944476,0
2025-05-27,Discovery,531,1,903,5.4082184668946045,0
2025-05-27,NationalGeographic,563,13,1058,4.536090323577023,0
2025-05-27,AnimalPlanet,572,1,805,4.7526044328218315,0
2025-05-27,HistoryTV18,523,6,1017,4.160763157732486,0
2025-05-27,CartoonNetwork,543,1,1000,4.930845158467631,0
2025-05-27,Pogo,559,1,914,4.490830040805553,0
2025-05-27,Nickelodeon,528,1,678,4.913439504049542,0
2025-05-27,SonyMax,557,10,843,4.7443545231546,0
2025-05-27,ZeeTelugu,569,1,936,4.840844293641981,0
2025-05-27,ETV,572,1,1104,4.471403454827642,0
2025-05-27,GeminiTV,555,1,1038,5.303477711925298,0
2025-05-27,MaaTV,537,1,1062,4.285032398310623,0
2025-05-27,UdayaTV,553,1,943,5.350279754084341,0
2025-05-27,SuryaTV,535,1,773,5.553918907993148,0
2025-05-27,KTV,540,1,873,4.452026327307532,0
2025-05-27,JayaTV,517,1,1004,4.788780261654926,0
2025-05-27,RajTV,578,3,911,4.919817737248906,0
2025-05-27,KalaignarTV,566,1,998,5.299466280594345,0
2025-05-27,DDNews,525,1,1073,5.3508715716345465,0
2025-05-27,DDNational,520,1,736,4.956067625052466,0
2025-05-27,DDSports,512,6,860,4.53679640099699,0
2025-05-27,TenSports,581,1,894,4.537086878829932,0
2025-05-27,StarSports,525,1,776,5.450826793272768,0
2025-05-27,SonySports,554,1,820,5.158837105334903,0
2025-05-27,Eurosport,558,8,1016,4.672618413257709,0
2025-05-27,CNBC,542,1,912,5.345574557439998,0
2025-05-27,BloombergTV,550,1,994,4.87001590448073,0
2025-05-27,BBCWorld,534,1,1148,4.4684083301027595,0
2025-05-27,AlJazeera,535,1,1070,4.391377065829225,0
2025-05-27,France24,522,1,926,5.535524010409242,0
2025-05-27,VH1,552,6,1021,5.230800220181837,0
2025-05-27,MTV,577,1,775,4.666220339398738,0
2025-05-28,News24,41,221,5179,10.80836366780777,1
2025-05-28,StarTV,44,243,4756,10.709290163057041,1
2025-05-28,ZeeTV,42,251,4889,10.159427148523864,1
2025-05-28,SunTV,21,227,4783,11.33422699412848,1
2025-05-28,ABPNews,3,245,4931,11.160970543268721,1
2025-05-28,NDTV,44,233,4991,10.730356666485621,1
2025-05-28,IndiaTV,10,222,4748,10.55222155775954,1
2025-05-28,CNNNews18,30,225,5005,10.145535415453573,1
2025-05-28,TimesNow,25,243,4812,10.159383369976393,1
2025-05-28,RepublicTV,44,258,5022,10.85037415243035,1
2025-05-28,TV9,37,210,4639,10.429274888275309,1
2025-05-28,Asianet,-16,240,4943,10.908890738192145,1
2025-05-28,Colors,40,229,5023,10.372005641324398,1
2025-05-28,SonyTV,28,219,4728,10.33622112499777,1
2025-05-28,StarPlus,23,230,5326,10.256615011404934,1
2025-05-28,ZeeCinema,27,230,4713,10.828481755720993,1
2025-05-28,StarMovies,18,238,4978,10.08471835930329,1
2025-05-28,HBO,47,235,4978,11.43818156870844,1
2025-05-28,Discovery,9,224,4899,10.043911966093605,1
2025-05-28,NationalGeographic,21,223,4897,11.026010318600369,1
2025-05-28,AnimalPlanet,5,250,5125,10.504189838321077,1
2025-05-28,HistoryTV18,30,233,4525,10.469245710396024,1
2025-05-28,CartoonNetwork,7,250,4669,10.465535457873871,1
2025-05-28,Pogo,31,209,4851,11.23155492327991,1
2025-05-28,Nickelodeon,45,225,5140,10.940638017665576,1
2025-05-28,SonyMax,23,243,5221,10.959114333924237,1
2025-05-28,ZeeTelugu,-3,256,4997,10.155980465872826,1
2025-05-28,ETV,9,219,4797,10.197022191951357,1
2025-05-28,GeminiTV,27,224,4658,11.291353252202693,1
2025-05-28,MaaTV,16,242,5272,10.347042577989196,1
2025-05-28,UdayaTV,5,241,5265,11.552597500849545,1
2025-05-28,SuryaTV,56,246,4521,10.695399903995504,1
2025-05-28,KTV,5,250,5086,10.76371668129162,1
2025-05-28,JayaTV,19,247,4773,10.989258775445515,1
2025-05-28,RajTV,18,242,5299,10.322449786010806,1
2025-05-28,KalaignarTV,0,240,4824,10.297001296947613,1
2025-05-28,DDNews,-3,234,4819,10.093524577818258,1
2025-05-28,DDNational,0,226,5106,11.279770582578575,1
2025-05-28,DDSports,24,207,5073,10.348066719093248,1
2025-05-28,TenSports,33,242,4867,10.405160903442832,1
2025-05-28,StarSports,22,227,5177,10.764394765439722,1
2025-05-28,SonySports,35,246,4833,10.237064019764178,1
2025-05-28,Eurosport,29,209,5133,10.61603747912097,1
2025-05-28,CNBC,-8,251,5098,10.900412550123868,1
2025-05-28,BloombergTV,11,221,4978,10.617972246045287,1
2025-05-28,BBCWorld,41,246,4794,10.858981172926063,1
2025-05-28,AlJazeera,34,221,5021,11.065478817178395,1
2025-05-28,France24,6,253,4889,10.44049392579835,1
2025-05-28,VH1,13,222,5373,9.661106478361642,1
2025-05-28,MTV,21,250,5060,10.566573521675789,1
2025-05-29,News24,574,5,972,4.5853790915999255,0
2025-05-29,StarTV,582,1,796,5.427079766501012,0
2025-05-29,ZeeTV,584,7,1193,5.2874338921708555,0
2025-05-29,SunTV,572,1,1098,5.4528019019632925,0
2025-05-29,ABPNews,591,1,833,4.310738759109065,0
2025-05-29,NDTV,554,1,928,4.652311202412319,0
2025-05-29,IndiaTV,603,1,1148,5.491120164987784,0
2025-05-29,CNNNews18,590,1,1015,5.602606531368013,0
2025-05-29,TimesNow,601,1,947,4.853348343032143,0
2025-05-29,RepublicTV,562,1,956,5.190314365644089,0
2025-05-29,TV9,611,1,1138,5.2361006933429834,0
2025-05-29,Asianet,604,1,1105,5.726876832071422,0
2025-05-29,Colors,564,1,904,5.705753801556265,0
2025-05-29,SonyTV,595,1,1066,5.919110652430869,0
2025-05-29,StarPlus,571,1,1119,5.240654779460905,0
2025-05-29,ZeeCinema,615,1,1001,5.49909153028199,0
2025-05-29,StarMovies,603,1,1133,5.763040248166344,0
2025-05-29,HBO,578,1,928,5.6604968770237605,0
2025-05-29,Discovery,574,1,1223,5.92759176005453,0
2025-05-29,NationalGeographic,601,1,984,4.684497360719192,0
2025-05-29,AnimalPlanet,573,3,1090,5.4196257328594,0
2025-05-29,HistoryTV18,581,1,1235,4.549783634985741,0
2025-05-29,CartoonNetwork,595,1,915,5.882420353792989,0
2025-05-29,Pogo,571,1,898,4.8918213754080435,0
2025-05-29,Nickelodeon,616,1,1139,5.624145641190003,0
2025-05-29,SonyMax,555,1,881,5.296145557414064,0
2025-05-29,ZeeTelugu,588,1,1258,4.476879319149083,0
2025-05-29,ETV,601,1,1211,4.738632437141304,0
2025-05-29,GeminiTV,599,1,962,5.489701411315197,0
2025-05-29,MaaTV,566,5,1122,5.672548393685855,0
2025-05-29,UdayaTV,591,1,852,4.463572708267234,0
2025-05-29,SuryaTV,581,2,775,5.175544133517277,0
2025-05-29,KTV,578,1,1078,5.432301453221225,0
2025-05-29,JayaTV,561,1,976,4.866677075942134,0
2025-05-29,RajTV,601,1,1124,4.670203892656241,0
2025-05-29,KalaignarTV,551,1,990,5.022158657745904,0
2025-05-29,DDNews,603,1,1029,4.5604572521372635,0
2025-05-29,DDNational,599,1,1041,4.577069647050953,0
2025-05-29,DDSports,578,1,929,5.489616783741231,0
2025-05-29,TenSports,561,1,1032,5.208102953328134,0
2025-05-29,StarSports,606,1,1150,5.297360026285478,0
2025-05-29,SonySports,566,1,933,4.887129798780223,0
2025-05-29,Eurosport,555,1,877,5.549480134884263,0
2025-05-29,CNBC,584,1,850,5.239132599752484,0
2025-05-29,BloombergTV,545,1,977,4.741226473361509,0
2025-05-29,BBCWorld,598,9,940,4.873314800863271,0
2025-05-29,AlJazeera,579,1,950,4.92793387572171,0
2025-05-29,France24,605,1,1088,4.53838032637382,0
2025-05-29,VH1,613,1,1087,6.009277767042339,0
2025-05-29,MTV,573,3,946,4.992802985676763,0
2025-05-30,News24,47,255,4783,10.984530937473512,1
2025-05-30,StarTV,24,235,4601,10.345638264824426,1
2025-05-30,ZeeTV,7,234,5067,10.548003965717632,1
2025-05-30,SunTV,20,214,4925,9.788252891486861,1
2025-05-30,ABPNews,48,224,5187,10.62513383253248,1
2025-05-30,NDTV,35,217,4911,10.319813451039906,1
2025-05-30,IndiaTV,-16,239,4924,9.810535815869995,1
2025-05-30,CNNNews18,3,228,5170,11.02537851882136,1
2025-05-30,TimesNow,40,238,4958,10.856851820400966,1
2025-05-30,RepublicTV,13,250,5279,11.207296641225064,1
2025-05-30,TV9,6,223,4781,10.711723732756626,1
2025-05-30,Asianet,12,215,4889,10.17225609046054,1
2025-05-30,Colors,14,238,4999,10.908319544642852,1
2025-05-30,SonyTV,53,237,4912,9.41449918888479,1
2025-05-30,StarPlus,1,241,5148,10.380460480221497,1
2025-05-30,ZeeCinema,55,227,5304,10.646045101204745,1
2025-05-30,StarMovies,19,240,5156,10.96361366560367,1
2025-05-30,HBO,37,231,5084,10.100345225083085,1
2025-05-30,Discovery,13,250,5269,9.679990046809785,1
2025-05-30,NationalGeographic,-10,257,4626,9.808005493138204,1
2025-05-30,AnimalPlanet,6,229,4604,9.820281785161388,1
2025-05-30,HistoryTV18,46,221,4852,9.838534442544221,1
2025-05-30,CartoonNetwork,4,224,4700,9.847470007326681,1
2025-05-30,Pogo,35,231,4981,9.647991027716811,1
2025-05-30,Nickelodeon,1,224,5102,10.246685642956605,1
2025-05-30,SonyMax,8,224,4914,10.781239093698622,1
2025-05-30,ZeeTelugu,-9,242,5359,10.346343376455001,1
2025-05-30,ETV,-4,216,5034,9.926546913571489,1
2025-05-30,GeminiTV,11,238,5135,10.182059588439808,1
2025-05-30,MaaTV,-21,236,5329,10.190608967367515,1
2025-05-30,UdayaTV,28,213,4653,10.715913454190156,1
2025-05-30,SuryaTV,27,220,4772,10.09394672469709,1
2025-05-30,KTV,31,219,5238,10.896490590667376,1
2025-05-30,JayaTV,22,235,5036,10.665264755187076,1
2025-05-30,RajTV,29,222,5217,9.855687883375102,1
2025-05-30,KalaignarTV,-6,223,5125,10.00357745775575,1
2025-05-30,DDNews,28,219,4738,10.288690596059094,1
2025-05-30,DDNational,-3,216,4977,10.492233507513443,1
2025-05-30,DDSports,22,229,5136,10.108219235661805,1
2025-05-30,TenSports,8,235,4967,10.305661420170855,1
2025-05-30,StarSports,23,241,5355,10.88968763429983,1
2025-05-30,SonySports,59,244,5006,10.876967532334167,1
2025-05-30,Eurosport,33,201,5124,10.348781358572378,1
2025-05-30,CNBC,28,227,5244,10.64091859256984,1
2025-05-30,BloombergTV,23,250,4988,11.13857236055248,1
2025-05-30,BBCWorld,-11,233,4748,10.34551212738173,1
2025-05-30,AlJazeera,36,241,5127,9.528317745136956,1
2025-05-30,France24,3,206,4899,10.843234271208566,1
2025-05-30,VH1,-12,254,5180,10.769594537294703,1
2025-05-30,MTV,44,220,5056,9.578655457560636,1
2025-05-31,News24,583,1,1070,5.438959166134188,0
2025-05-31,StarTV,552,1,1056,4.182258696659663,0
2025-05-31,ZeeTV,560,1,1085,4.119864048607793,0
2025-05-31,SunTV,579,4,1077,4.816996914060529,0
2025-05-31,ABPNews,536,1,1021,4.532730020124026,0
2025-05-31,NDTV,531,1,779,4.5042101151605936,0
2025-05-31,IndiaTV,556,5,1079,4.8673329263629554,0
2025-05-31,CNNNews18,543,1,912,5.412862442506856,0
2025-05-31,TimesNow,533,1,853,4.95046420460655,0
2025-05-31,RepublicTV,578,9,992,4.440950766798061,0
2025-05-31,TV9,550,1,1237,4.47739926866551,0
2025-05-31,Asianet,572,1,1113,5.094167792566205,0
2025-05-31,Colors,572,1,995,4.426231161821817,0
2025-05-31,SonyTV,543,5,915,5.205084680175938,0
2025-05-31,StarPlus,543,1,1042,4.690317565455512,0
2025-05-31,ZeeCinema,584,7,881,4.766128659281312,0
2025-05-31,StarMovies,549,1,1067,5.738642187676109,0
2025-05-31,HBO,562,1,994,4.224827038520758,0
2025-05-31,Discovery,532,4,901,4.879066576369189,0
2025-05-31,NationalGeographic,554,2,742,5.605122063863501,0
2025-05-31,AnimalPlanet,533,1,1093,4.577237873108823,0
2025-05-31,HistoryTV18,526,1,991,5.205929428663863,0
2025-05-31,CartoonNetwork,546,1,1125,4.832851818203052,0
2025-05-31,Pogo,541,1,977,5.308448367759512,0
2025-05-31,Nickelodeon,530,1,1153,5.231923110466919,0
2025-05-31,SonyMax,539,1,878,4.3134519450925275,0
2025-05-31,ZeeTelugu,538,5,1022,4.621797870447219,0
2025-05-31,ETV,523,3,823,4.667437770618723,0
2025-05-31,GeminiTV,540,5,880,4.951689416579359,0
2025-05-31,MaaTV,563,6,984,5.313607302720447,0
2025-05-31,UdayaTV,534,1,830,4.576130337140189,0
2025-05-31,SuryaTV,531,1,981,5.181181455124036,0
2025-05-31,KTV,557,8,829,5.5816037489499895,0
2025-05-31,JayaTV,561,1,1236,5.403671190453654,0
2025-05-31,RajTV,547,7,754,5.212860424601222,0
2025-05-31,KalaignarTV,535,10,1020,4.698016032688249,0
2025-05-31,DDNews,545,1,903,4.59483718946396,0
2025-05-31,DDNational,565,1,715,4.063594993203843,0
2025-05-31,DDSports,567,1,1008,5.454515248907164,0
2025-05-31,TenSports,554,1,806,4.837912401992141,0
2025-05-31,StarSports,521,1,995,4.828663377276232,0
2025-05-31,SonySports,526,1,1055,4.7696401103142305,0
2025-05-31,Eurosport,568,9,894,4.574613367812394,0
2025-05-31,CNBC,545,1,939,4.989970236485533,0
2025-05-31,BloombergTV,565,1,762,4.06250386200283,0
2025-05-31,BBCWorld,520,1,1116,4.541633442644462,0
2025-05-31,AlJazeera,559,1,1185,4.748932773223623,0
2025-05-31,France24,549,1,876,4.312882328402054,0
2025-05-31,VH1,584,1,1034,5.1577409544059645,0
2025-05-31,MTV,553,1,1044,5.298661059138165,0
2025-06-01,News24,21,231,4680,10.3560045453081,1
2025-06-01,StarTV,-11,243,5110,9.947720654588768,1
2025-06-01,ZeeTV,23,213,4918,10.135163041206257,1
2025-06-01,SunTV,-5,204,5234,10.962551199728518,1
2025-06-01,ABPNews,-5,217,4954,10.03750147618861,1
2025-06-01,NDTV,8,244,4752,9.738194760100239,1
2025-06-01,IndiaTV,7,228,4781,10.444223416764265,1
2025-06-01,CNNNews18,51,233,4923,10.398107494199344,1
2025-06-01,TimesNow,33,232,5094,9.989845489309179,1
2025-06-01,RepublicTV,35,221,4918,10.8258547916526,1
2025-06-01,TV9,49,224,4774,11.085613030530677,1
2025-06-01,Asianet,33,212,5084,10.290551793477826,1
2025-06-01,Colors,47,200,5080,10.137485159570822,1
2025-06-01,SonyTV,35,230,4906,9.824090208387025,1
2025-06-01,StarPlus,23,211,5210,10.600287009950684,1
2025-06-01,ZeeCinema,-9,221,5110,10.800985764251864,1
2025-06-01,StarMovies,-9,225,4730,10.69901040117385,1
2025-06-01,HBO,18,204,4868,10.093473162728355,1
2025-06-01,Discovery,-12,218,4917,10.056896699116688,1
2025-06-01,NationalGeographic,13,200,5109,10.545204956936301,1
2025-06-01,AnimalPlanet,20,224,5101,10.293026794358013,1
2025-06-01,HistoryTV18,10,224,5072,9.876827602204964,1
2025-06-01,CartoonNetwork,29,233,5063,9.715318833682527,1
2025-06-01,Pogo,-5,236,4952,10.398518153836298,1
2025-06-01,Nickelodeon,59,241,4571,10.270644337223764,1
2025-06-01,SonyMax,14,213,4536,10.879370829184134,1
2025-06-01,ZeeTelugu,41,230,5275,10.662420567008764,1
2025-06-01,ETV,36,225,5022,11.061886535518994,1
2025-06-01,GeminiTV,22,240,4988,10.495057805870056,1
2025-06-01,MaaTV,34,248,4477,10.68702022105631,1
2025-06-01,UdayaTV,12,221,4715,10.283962160463014,1
2025-06-01,SuryaTV,4,228,4595,11.031033484439536,1
2025-06-01,KTV,38,214,4729,10.296096612825908,1
2025-06-01,JayaTV,23,239,4959,10.675397521040814,1
2025-06-01,RajTV,33,199,5115,10.64509154059555,1
2025-06-01,KalaignarTV,51,219,5145,9.78029250805767,1
2025-06-01,DDNews,45,230,5138,10.544409870308513,1
2025-06-01,DDNational,37,225,4704,11.104687962900565,1
2025-06-01,DDSports,40,213,5129,10.035784874318175,1
2025-06-01,TenSports,43,240,4860,10.937122296275989,1
2025-06-01,StarSports,23,252,4938,10.365621587659646,1
2025-06-01,SonySports,33,225,4965,9.390556488257822,1
2025-06-01,Eurosport,26,205,4665,10.579863564088914,1
2025-06-01,CNBC,2,209,4994,10.622027895228998,1
2025-06-01,BloombergTV,18,229,4694,9.794675203137365,1
2025-06-01,BBCWorld,27,219,4923,10.966384435549308,1
2025-06-01,AlJazeera,47,204,5062,10.054542664970898,1
2025-06-01,France24,-14,235,5151,10.522806023326414,1
2025-06-01,VH1,9,220,4734,9.91475721838283,1
2025-06-01,MTV,26,246,5275,10.693666264660786,1
2025-06-02,News24,594,8,928,5.1733403447762445,0
2025-06-02,StarTV,592,1,940,5.285721809054672,0
2025-06-02,ZeeTV,547,4,1255,5.092464060557678,0
2025-06-02,SunTV,563,1,1230,5.291315377523317,0
2025-06-02,ABPNews,557,1,935,4.376142181070722,0
2025-06-02,NDTV,561,4,1123,5.413866031444832,0
2025-06-02,IndiaTV,586,1,1208,5.204521888616132,0
2025-06-02,CNNNews18,607,1,1141,5.729326950285818,0
2025-06-02,TimesNow,574,1,1013,5.120855418255058,0
2025-06-02,RepublicTV,544,1,1020,5.305970013615607,0
2025-06-02,TV9,584,1,887,5.450123959363695,0
2025-06-02,Asianet,560,1,973,5.228216612852415,0
2025-06-02,Colors,584,1,916,4.642721772340292,0
2025-06-02,SonyTV,577,1,829,5.520552992037857,0
2025-06-02,StarPlus,554,1,1151,4.291240184705923,0
2025-06-02,ZeeCinema,559,2,1068,4.528241421633803,0
2025-06-02,StarMovies,608,1,1177,5.863069427316354,0
2025-06-02,HBO,587,1,869,4.924129098692613,0
2025-06-02,Discovery,591,1,909,5.690931363596081,0
2025-06-02,NationalGeographic,581,1,1068,5.82934464350082,0
2025-06-02,AnimalPlanet,556,1,1093,5.311930979193145,0
2025-06-02,HistoryTV18,555,1,1237,4.877457465940988,0
2025-06-02,CartoonNetwork,588,1,1016,5.52599154999712,0
2025-06-02,Pogo,593,2,948,4.909856064652936,0
2025-06-02,Nickelodeon,590,1,1064,5.042057481866995,0
2025-06-02,SonyMax,569,1,1230,4.471602414733646,0
2025-06-02,ZeeTelugu,553,1,985,4.833558076361124,0
2025-06-02,ETV,551,1,981,5.637554441957453,0
2025-06-02,GeminiTV,606,1,857,4.8555943882061054,0
2025-06-02,MaaTV,575,1,1267,4.553003681486977,0
2025-06-02,UdayaTV,575,7,873,4.41258756196738,0
2025-06-02,SuryaTV,561,4,1206,4.715230696990401,0
2025-06-02,KTV,603,1,1014,5.055277485697182,0
2025-06-02,JayaTV,581,1,799,4.992230371764455,0
2025-06-02,RajTV,579,10,879,5.330816284045275,0
2025-06-02,KalaignarTV,589,1,1040,4.844301447699233,0
2025-06-02,DDNews,592,1,1080,4.3741363133994,0
2025-06-02,DDNational,583,1,1212,5.059461331921377,0
2025-06-02,DDSports,540,7,1045,4.541840921839958,0
2025-06-02,TenSports,603,1,797,4.38122840102573,0
2025-06-02,StarSports,590,6,728,4.73679550851604,0
2025-06-02,SonySports,573,2,910,5.0061222796553215,0
2025-06-02,Eurosport,551,1,939,5.033636368593754,0
2025-06-02,CNBC,586,1,930,5.586199527390296,0
2025-06-02,BloombergTV,574,5,874,4.555450660001731,0
2025-06-02,BBCWorld,577,1,1144,4.633663023865254,0
2025-06-02,AlJazeera,573,6,831,4.4328453643386325,0
2025-06-02,France24,585,1,1078,5.457399168011365,0
2025-06-02,VH1,582,1,898,5.858982603718373,0
2025-06-02,MTV,602,1,803,4.375314762034005,0
2025-06-03,News24,-2,235,4744,10.914476693965783,1
2025-06-03,StarTV,6,221,4730,10.561307618173343,1
2025-06-03,ZeeTV,5,230,4736,10.878295886774165,1
2025-06-03,SunTV,33,218,5245,10.076878952443913,1
2025-06-03,ABPNews,-1,227,5204,9.90920525945046,1
2025-06-03,NDTV,-14,236,4868,9.970187163933646,1
2025-06-03,IndiaTV,25,234,5017,9.781235724025649,1
2025-06-03,CNNNews18,28,211,5088,9.809094264001713,1
2025-06-03,TimesNow,35,221,4658,9.94787160902801,1
2025-06-03,RepublicTV,17,201,5095,9.37527144345495,1
2025-06-03,TV9,28,234,5131,9.684458015454233,1
2025-06-03,Asianet,1,250,4821,10.861615581409469,1
2025-06-03,Colors,55,214,4926,9.999040736873855,1
2025-06-03,SonyTV,-12,213,5051,11.147760570525948,1
2025-06-03,StarPlus,25,224,5136,10.804372715460202,1
2025-06-03,ZeeCinema,11,216,4684,10.437429323502704,1
2025-06-03,StarMovies,3,230,4831,9.631052231104077,1
2025-06-03,HBO,0,227,4741,9.509994029387597,1
2025-06-03,Discovery,9,216,4829,9.923973415510767,1
2025-06-03,NationalGeographic,-10,226,4859,10.440996657505915,1
2025-06-03,AnimalPlanet,39,219,4977,11.132265423535959,1
2025-06-03,HistoryTV18,36,237,4768,10.629508018055105,1
2025-06-03,CartoonNetwork,23,218,5062,10.610543651683734,1
2025-06-03,Pogo,4,226,4760,10.35060199251727,1
2025-06-03,Nickelodeon,16,209,5069,10.045641453636405,1
2025-06-03,SonyMax,13,227,4737,10.706100777819808,1
2025-06-03,ZeeTelugu,38,226,5249,10.29379697498708,1
2025-06-03,ETV,12,231,5251,10.374786691491833,1
2025-06-03,GeminiTV,32,215,4758,10.6713523347464,1
2025-06-03,MaaTV,28,247,5006,10.703905113630972,1
2025-06-03,UdayaTV,13,204,4985,10.244206705256623,1
2025-06-03,SuryaTV,39,241,4812,11.243315945336859,1
2025-06-03,KTV,31,220,5065,11.293106624533682,1
2025-06-03,JayaTV,27,205,4894,10.027725955229144,1
2025-06-03,RajTV,48,236,5146,11.304000584324758,1
2025-06-03,KalaignarTV,19,234,4954,10.16540774019054,1
2025-06-03,DDNews,-11,228,5336,10.219057326120279,1
2025-06-03,DDNational,49,206,4721,9.543590946989832,1
2025-06-03,DDSports,-1,217,4591,9.958632607985773,1
2025-06-03,TenSports,12,243,4693,9.829599082396806,1
2025-06-03,StarSports,46,237,4996,10.327045093729598,1
2025-06-03,SonySports,28,209,5124,10.393278025275784,1
2025-06-03,Eurosport,45,247,5129,10.640487682587064,1
2025-06-03,CNBC,-2,217,4952,10.335279255718357,1
2025-06-03,BloombergTV,9,230,5316,10.04790923473774,1
2025-06-03,BBCWorld,-16,213,5083,10.687221388325717,1
2025-06-03,AlJazeera,14,229,4723,10.511735067149615,1
2025-06-03,France24,29,228,4975,9.93938699846498,1
2025-06-03,VH1,-2,215,4856,10.76483492412131,1
2025-06-03,MTV,-14,226,5185,10.087110529555396,1
2025-06-04,News24,563,2,889,5.260285548458525,0
2025-06-04,StarTV,497,1,1087,4.576563165523173,0
2025-06-04,ZeeTV,507,1,1101,4.249619539733223,0
2025-06-04,SunTV,553,1,853,4.1641708437220295,0
2025-06-04,ABPNews,550,1,863,4.520516486535463,0
2025-06-04,NDTV,536,1,849,4.622870827888213,0
2025-06-04,IndiaTV,539,1,930,4.588448247636695,0
2025-06-04,CNNNews18,540,1,1192,5.225928698628833,0
2025-06-04,TimesNow,543,1,836,4.8197250857538325,0
2025-06-04,RepublicTV,515,1,1143,5.511615208715578,0
2025-06-04,TV9,532,1,967,3.9671086073765247,0
2025-06-04,Asianet,534,1,809,4.518368503556115,0
2025-06-04,Colors,510,1,929,5.176872810533402,0
2025-06-04,SonyTV,551,1,1068,4.527766304893746,0
2025-06-04,StarPlus,542,8,734,4.9588808517526415,0
2025-06-04,ZeeCinema,545,1,869,4.814477325170478,0
2025-06-04,StarMovies,526,11,1029,5.213705110292217,0
2025-06-04,HBO,521,3,735,5.1235134495023065,0
2025-06-04,Discovery,525,12,962,4.934628684276911,0
2025-06-04,NationalGeographic,517,1,1089,5.147286648007098,0
2025-06-04,AnimalPlanet,535,1,766,3.8657528743316822,0
2025-06-04,HistoryTV18,513,1,859,5.176141474179074,0
2025-06-04,CartoonNetwork,521,11,893,4.411207161045316,0
2025-06-04,Pogo,543,1,957,5.166768231764718,0
2025-06-04,Nickelodeon,525,1,1044,3.913181411195807,0
2025-06-04,SonyMax,543,1,779,5.168303304670761,0
2025-06-04,ZeeTelugu,540,1,748,4.525501507547489,0
2025-06-04,ETV,535,1,977,4.480027412755806,0
2025-06-04,GeminiTV,510,1,1031,4.30950140570486,0
2025-06-04,MaaTV,514,1,868,4.621193699176428,0
2025-06-04,UdayaTV,520,1,805,4.334868494422444,0
2025-06-04,SuryaTV,522,1,1028,5.101625007953266,0
2025-06-04,KTV,550,1,975,4.51866191640493,0
2025-06-04,JayaTV,558,1,1074,4.5069795979226575,0
2025-06-04,RajTV,546,1,875,5.024152938220298,0
2025-06-04,KalaignarTV,551,1,855,4.64531577512865,0
2025-06-04,DDNews,550,1,788,5.124809338427163,0
2025-06-04,DDNational,514,1,1001,4.423894015949144,0
2025-06-04,DDSports,531,1,860,5.169789853397408,0
2025-06-04,TenSports,561,1,929,5.029880962027439,0
2025-06-04,StarSports,543,1,910,4.741676888090435,0
2025-06-04,SonySports,509,7,1081,4.587310145340674,0
2025-06-04,Eurosport,501,1,769,4.990003003995828,0
2025-06-04,CNBC,532,1,970,4.371361148520338,0
2025-06-04,BloombergTV,567,1,823,4.193261646424919,0
2025-06-04,BBCWorld,528,1,860,5.229378270186105,0
2025-06-04,AlJazeera,523,8,997,4.739485588329591,0
2025-06-04,France24,522,1,1123,5.241272277078547,0
2025-06-04,VH1,572,1,966,4.996813744550783,0
2025-06-04,MTV,533,1,860,4.673249923612091,0
2025-06-05,News24,14,230,4979,10.126881711570789,1
2025-06-05,StarTV,40,228,4829,10.712903987988893,1
2025-06-05,ZeeTV,13,232,5104,10.454330231082391,1
2025-06-05,SunTV,0,241,4931,10.90212084915287,1
2025-06-05,ABPNews,37,233,5141,10.936238753718747,1
2025-06-05,NDTV,26,223,5038,9.815915106956524,1
2025-06-05,IndiaTV,-14,217,4980,10.719582821560993,1
2025-06-05,CNNNews18,30,205,4753,10.05877948640991,1
2025-06-05,TimesNow,4,232,4703,9.784470719573726,1
2025-06-05,RepublicTV,44,224,5010,10.325638847963521,1
2025-06-05,TV9,18,212,4751,10.15752018413383,1
2025-06-05,Asianet,23,230,4816,10.662195786332141,1
2025-06-05,Colors,50,203,4628,10.645521638684201,1
2025-06-05,SonyTV,22,203,4664,9.467594601757957,1
2025-06-05,StarPlus,10,206,4698,9.32785160250155,1
2025-06-05,ZeeCinema,16,238,4946,10.472289221183669,1
2025-06-05,StarMovies,-9,212,5139,10.499755803241023,1
2025-06-05,HBO,40,224,4921,10.077174284802863,1
2025-06-05,Discovery,27,223,4747,10.435851255227064,1
2025-06-05,NationalGeographic,-5,220,4714,10.752270508189941,1
2025-06-05,AnimalPlanet,46,233,5049,9.76000627679967,1
2025-06-05,HistoryTV18,14,206,4886,10.013755216962952,1
2025-06-05,CartoonNetwork,17,205,4837,9.880668626930246,1
2025-06-05,Pogo,-15,206,4768,10.310080681433995,1
2025-06-05,Nickelodeon,11,220,5002,10.392832558748866,1
2025-06-05,SonyMax,3,238,5069,9.601068902042769,1
2025-06-05,ZeeTelugu,16,229,4836,9.788916468342926,1
2025-06-05,ETV,25,234,4954,10.566630494584949,1
2025-06-05,GeminiTV,-1,218,4827,10.835911550515755,1
2025-06-05,MaaTV,45,212,4921,10.71080891811081,1
2025-06-05,UdayaTV,63,236,4974,9.905213724338111,1
2025-06-05,SuryaTV,26,219,4765,9.327037044125515,1
2025-06-05,KTV,44,249,4895,10.438741850192583,1
2025-06-05,JayaTV,31,223,4770,10.49011071866201,1
2025-06-05,RajTV,30,238,5109,10.886684550448233,1
2025-06-05,KalaignarTV,-4,251,4710,10.426844207280435,1
2025-06-05,DDNews,41,232,5002,10.694504839943583,1
2025-06-05,DDNational,16,239,4910,10.774988253714378,1
2025-06-05,DDSports,45,250,4487,9.979001736784838,1
2025-06-05,TenSports,44,225,4990,9.746937926099868,1
2025-06-05,StarSports,18,233,4615,10.520145739364038,1
2025-06-05,SonySports,0,226,5104,9.66620564070851,1
2025-06-05,Eurosport,49,217,5249,10.132416699965509,1
2025-06-05,CNBC,-1,215,4732,10.23184762480468,1
2025-06-05,BloombergTV,33,245,5268,11.139947378783225,1
2025-06-05,BBCWorld,13,204,4832,9.914703932046733,1
2025-06-05,AlJazeera,49,243,4758,9.54966501363746,1
2025-06-05,France24,19,244,4758,9.799811865603568,1
2025-06-05,VH1,20,228,4860,10.703852177881904,1
2025-06-05,MTV,22,211,4992,10.561753117214185,1
2025-06-06,News24,528,1,993,5.224506996303791,0
2025-06-06,StarTV,553,1,1003,4.56347077166845,0
2025-06-06,ZeeTV,565,1,781,5.652563108623505,0
2025-06-06,SunTV,559,1,859,4.960120893444762,0
2025-06-06,ABPNews,590,1,741,5.752428751395698,0
2025-06-06,NDTV,545,2,912,4.450755187437354,0
2025-06-06,IndiaTV,547,1,898,4.891195415910373,0
2025-06-06,CNNNews18,540,1,987,4.748630534292607,0
2025-06-06,TimesNow,577,1,944,4.628765715322975,0
2025-06-06,RepublicTV,536,1,1073,4.650051065380602,0
2025-06-06,TV9,560,1,1099,5.242065193458691,0
2025-06-06,Asianet,554,1,1192,5.148137479940773,0
2025-06-06,Colors,527,1,1210,5.305916015824258,0
2025-06-06,SonyTV,568,1,954,4.230492458933559,0
2025-06-06,StarPlus,552,5,1063,4.428565531966641,0
2025-06-06,ZeeCinema,563,3,910,5.588355184984648,0
2025-06-06,StarMovies,581,7,793,4.75620154119589,0
2025-06-06,HBO,537,1,928,4.178549583705355,0
2025-06-06,Discovery,567,1,779,5.196297190203786,0
2025-06-06,NationalGeographic,565,1,856,5.310288721545034,0
2025-06-06,AnimalPlanet,520,1,1083,4.890936783872579,0
2025-06-06,HistoryTV18,552,1,1106,5.540644028152648,0
2025-06-06,CartoonNetwork,567,1,916,4.22147747111569,0
2025-06-06,Pogo,530,1,1013,5.675692475647745,0
2025-06-06,Nickelodeon,562,1,769,5.131263698373979,0
2025-06-06,SonyMax,571,1,1166,4.4777847166721525,0
2025-06-06,ZeeTelugu,526,1,908,4.4491962113437955,0
2025-06-06,ETV,526,1,922,4.594524465852861,0
2025-06-06,GeminiTV,530,1,1047,4.918765136924593,0
2025-06-06,MaaTV,540,1,930,5.64105365411855,0
2025-06-06,UdayaTV,556,1,1006,5.351580542284674,0
2025-06-06,SuryaTV,577,1,880,5.2319526442463875,0
2025-06-06,KTV,517,1,1026,5.431955982618727,0
2025-06-06,JayaTV,569,1,803,5.440198828864432,0
2025-06-06,RajTV,581,1,1221,5.8086643340590856,0
2025-06-06,KalaignarTV,563,1,839,5.54499622776708,0
2025-06-06,DDNews,568,9,1030,4.477315936442293,0
2025-06-06,DDNational,525,1,979,5.224377841516278,0
2025-06-06,DDSports,541,1,764,4.126623994326825,0
2025-06-06,TenSports,578,1,989,4.930020284060972,0
2025-06-06,StarSports,577,1,1102,5.288600500474468,0
2025-06-06,SonySports,534,1,1031,5.369099635597793,0
2025-06-06,Eurosport,573,1,754,4.895032593640316,0
2025-06-06,CNBC,534,1,988,5.06001494491012,0
2025-06-06,BloombergTV,569,1,820,4.466589191500277,0
2025-06-06,BBCWorld,578,1,849,4.557351294490312,0
2025-06-06,AlJazeera,578,1,1023,4.923147361662124,0
2025-06-06,France24,550,1,965,5.827423692820543,0
2025-06-06,VH1,545,1,936,5.1778104450001035,0
2025-06-06,MTV,573,1,1160,5.816787149701705,0
2025-06-07,News24,54,220,5199,10.04426074618632,1
2025-06-07,StarTV,32,227,5347,10.636757384112501,1
2025-06-07,ZeeTV,-16,237,5243,10.216111337809394,1
2025-06-07,SunTV,17,225,5209,11.003356305192149,1
2025-06-07,ABPNews,41,225,4860,10.78864422074601,1
2025-06-07,NDTV,36,239,4922,10.295948841549308,1
2025-06-07,IndiaTV,14,252,4935,10.919845198669206,1
2025-06-07,CNNNews18,45,214,5084,10.875305369339124,1
2025-06-07,TimesNow,23,242,5039,10.544330757266628,1
2025-06-07,RepublicTV,20,216,5147,11.10459861066981,1
2025-06-07,TV9,-12,233,5097,10.94507249208345,1
2025-06-07,Asianet,33,221,5168,10.598240520189915,1
2025-06-07,Colors,18,209,5096,10.745769612069438,1
2025-06-07,SonyTV,47,220,4919,10.057253182946848,1
2025-06-07,StarPlus,10,233,4851,10.084114970143434,1
2025-06-07,ZeeCinema,-6,229,4984,10.326763062399253,1
2025-06-07,StarMovies,-20,227,4987,10.262356411935725,1
2025-06-07,HBO,12,228,4894,10.16044754567919,1
2025-06-07,Discovery,25,242,4707,10.768137275898138,1
2025-06-07,NationalGeographic,9,223,5133,10.30192084529269,1
2025-06-07,AnimalPlanet,15,235,4816,10.744313973474739,1
2025-06-07,HistoryTV18,40,240,5155,10.837438202978035,1
2025-06-07,CartoonNetwork,-5,235,5035,10.956472085727437,1
2025-06-07,Pogo,18,233,5169,10.884437915147036,1
2025-06-07,Nickelodeon,56,230,5189,10.296635669993147,1
2025-06-07,SonyMax,34,236,5208,10.270307194001653,1
2025-06-07,ZeeTelugu,28,214,5104,9.478220684871994,1
2025-06-07,ETV,26,222,4773,10.685929056243076,1
2025-06-07,GeminiTV,25,218,5112,10.041933344200027,1
2025-06-07,MaaTV,52,219,4974,10.968026893134905,1
2025-06-07,UdayaTV,1,250,5261,10.880372298516413,1
2025-06-07,SuryaTV,25,229,5030,9.966335785757195,1
2025-06-07,KTV,3,206,4660,10.97670474856547,1
2025-06-07,JayaTV,32,218,5298,11.058213602937986,1
2025-06-07,RajTV,10,245,5055,9.851368211898896,1
2025-06-07,KalaignarTV,21,224,4750,9.963459439108787,1
2025-06-07,DDNews,47,247,5168,10.72076102632565,1
2025-06-07,DDNational,38,244,4976,10.626737490431001,1
2025-06-07,DDSports,3,208,5121,10.692925899491579,1
2025-06-07,TenSports,17,242,5177,11.035083464333102,1
2025-06-07,StarSports,13,224,5070,9.896420960065095,1
2025-06-07,SonySports,-14,229,5106,10.712316182866083,1
2025-06-07,Eurosport,51,235,5173,10.080974800146947,1
2025-06-07,CNBC,33,243,5303,9.512537495461135,1
2025-06-07,BloombergTV,46,226,4813,10.953245649364305,1
2025-06-07,BBCWorld,15,235,4756,9.768773511014658,1
2025-06-07,AlJazeera,26,240,4814,10.611449426519318,1
2025-06-07,France24,-8,222,5447,10.139520964488431,1
2025-06-07,VH1,-14,220,5118,9.598437339332262,1
2025-06-07,MTV,38,236,5148,11.29354230410524,1
2025-06-08,News24,537,10,1084,4.564359319066748,0
2025-06-08,StarTV,512,4,1102,4.910603949667338,0
2025-06-08,ZeeTV,521,1,1016,4.07572235168164,0
2025-06-08,SunTV,527,1,998,3.9113617050050404,0
2025-06-08,ABPNews,547,8,665,4.954811664344811,0
2025-06-08,NDTV,532,1,1049,4.876968025573197,0
2025-06-08,IndiaTV,524,1,1001,4.549441377839196,0
2025-06-08,CNNNews18,532,1,793,5.021929176431546,0
2025-06-08,TimesNow,551,5,805,4.989688262596454,0
2025-06-08,RepublicTV,528,2,1025,4.917844125033181,0
2025-06-08,TV9,508,5,804,4.458709363888438,0
2025-06-08,Asianet,534,6,1057,4.759949143043673,0
2025-06-08,Colors,498,1,725,5.482943367401366,0
2025-06-08,SonyTV,534,1,723,3.99617069498634,0
2025-06-08,StarPlus,558,4,1062,5.187784049069321,0
2025-06-08,ZeeCinema,533,1,845,4.14193467874934,0
2025-06-08,StarMovies,523,1,1087,4.277479291177584,0
2025-06-08,HBO,542,8,1139,4.697620071987027,0
2025-06-08,Discovery,507,5,915,4.81944053371,0
2025-06-08,NationalGeographic,519,1,683,4.254026762634376,0
2025-06-08,AnimalPlanet,550,1,1054,5.2428575390422,0
2025-06-08,HistoryTV18,495,1,949,4.825503730283227,0
2025-06-08,CartoonNetwork,523,1,886,4.7355228549146515,0
2025-06-08,Pogo,531,4,1017,5.377961338181818,0
2025-06-08,Nickelodeon,499,11,765,5.121415969334361,0
2025-06-08,SonyMax,546,7,957,4.35150630225918,0
2025-06-08,ZeeTelugu,542,1,855,4.6195028429615554,0
2025-06-08,ETV,533,1,1172,4.672757804658815,0
2025-06-08,GeminiTV,539,3,671,4.938696015497607,0
2025-06-08,MaaTV,496,2,963,4.36001487114572,0
2025-06-08,UdayaTV,533,1,1015,5.058614719875347,0
2025-06-08,SuryaTV,508,9,931,4.599953203070863,0
2025-06-08,KTV,544,1,822,4.753366815488919,0
2025-06-08,JayaTV,520,9,891,4.127941598106946,0
2025-06-08,RajTV,558,8,996,5.157222139479369,0
2025-06-08,KalaignarTV,508,1,623,4.812282176619417,0
2025-06-08,DDNews,526,13,714,5.111493101417014,0
2025-06-08,DDNational,503,2,676,4.246640062718062,0
2025-06-08,DDSports,535,1,972,4.800747205080408,0
2025-06-08,TenSports,556,1,651,3.998623474015918,0
2025-06-08,StarSports,521,9,760,3.865115208458108,0
2025-06-08,SonySports,504,9,765,4.433914327138919,0
2025-06-08,Eurosport,546,1,807,4.465366464764263,0
2025-06-08,CNBC,529,9,802,4.700813364373488,0
2025-06-08,BloombergTV,519,1,734,4.566915930831033,0
2025-06-08,BBCWorld,528,4,707,4.770025550740806,0
2025-06-08,AlJazeera,503,2,1009,4.866876005342913,0
2025-06-08,France24,500,1,711,4.449327876728569,0
2025-06-08,VH1,544,1,928,4.965461076306303,0
2025-06-08,MTV,509,2,823,5.137125319844734,0
2025-06-09,News24,43,209,4773,10.037759592101834,1
2025-06-09,StarTV,43,232,4664,10.219160874879673,1
2025-06-09,ZeeTV,0,239,5340,9.743576433148458,1
2025-06-09,SunTV,7,233,4960,10.240650108711943,1
2025-06-09,ABPNews,-7,244,5362,10.19037060443386,1
2025-06-09,NDTV,49,218,5223,10.404465308355995,1
2025-06-09,IndiaTV,24,228,5260,10.684019475585798,1
2025-06-09,CNNNews18,-1,256,4870,9.696632591883189,1
2025-06-09,TimesNow,37,252,5065,9.742552691949273,1
2025-06-09,RepublicTV,21,229,5227,11.111798162237276,1
2025-06-09,TV9,37,244,4743,10.303013307488985,1
2025-06-09,Asianet,50,248,4998,10.142284031496605,1
2025-06-09,Colors,14,206,4994,10.341018786521714,1
2025-06-09,SonyTV,24,250,5347,9.5125344182742,1
2025-06-09,StarPlus,41,251,4988,9.82238948948858,1
2025-06-09,ZeeCinema,17,211,5110,11.102607444261665,1
2025-06-09,StarMovies,0,220,5139,10.474065338440647,1
2025-06-09,HBO,35,244,5198,10.837560487303609,1
2025-06-09,Discovery,40,225,5052,9.85132410002857,1
2025-06-09,NationalGeographic,53,233,4673,9.538235573796054,1
2025-06-09,AnimalPlanet,0,219,5076,9.439684563359073,1
2025-06-09,HistoryTV18,37,234,5177,10.464260551508678,1
2025-06-09,CartoonNetwork,41,228,4795,10.646645081678685,1
2025-06-09,Pogo,-3,228,4895,11.055276942730272,1
2025-06-09,Nickelodeon,21,250,4940,10.245318213018454,1
2025-06-09,SonyMax,47,230,4824,10.37722302295899,1
2025-06-09,ZeeTelugu,22,253,5360,10.319078788669895,1
2025-06-09,ETV,-9,226,4966,10.573471437923482,1
2025-06-09,GeminiTV,46,204,5052,10.876353224196265,1
2025-06-09,MaaTV,42,217,5039,10.049962945737905,1
2025-06-09,UdayaTV,3,238,4889,9.387739122486796,1
2025-06-09,SuryaTV,-8,204,4876,10.402738363110863,1
2025-06-09,KTV,31,227,5181,9.683023629970341,1
2025-06-09,JayaTV,-2,216,5056,9.771006801697894,1
2025-06-09,RajTV,3,217,4949,10.342342107467704,1
2025-06-09,KalaignarTV,26,212,4654,10.244778979097266,1
2025-06-09,DDNews,-6,219,5195,9.494673012814639,1
2025-06-09,DDNational,22,225,5321,9.940214136722307,1
2025-06-09,DDSports,18,243,4900,10.389567945265602,1
2025-06-09,TenSports,20,245,4988,10.988383905866135,1
2025-06-09,StarSports,26,239,5120,10.280216812340505,1
2025-06-09,SonySports,2,251,5019,10.067596766531768,1
2025-06-09,Eurosport,38,213,4790,10.093803812543019,1
2025-06-09,CNBC,-1,231,5010,10.460468422324482,1
2025-06-09,BloombergTV,24,225,5264,10.163183567910176,1
2025-06-09,BBCWorld,40,211,5086,10.216751760095423,1
2025-06-09,AlJazeera,40,245,5124,9.851221643797484,1
2025-06-09,France24,11,252,5138,9.919635545632289,1
2025-06-09,VH1,13,239,5364,10.977254686776755,1
2025-06-09,MTV,2,247,5061,10.409876879724957,1
2025-06-10,News24,548,1,1015,5.6070129669718165,0
2025-06-10,StarTV,536,1,1032,4.088360697742951,0
2025-06-10,ZeeTV,555,11,1042,5.2068350103336725,0
2025-06-10,SunTV,573,1,705,4.217005492851908,0
2025-06-10,ABPNews,529,1,999,4.649309600914826,0
2025-06-10,NDTV,517,1,987,4.442841018288188,0
2025-06-10,IndiaTV,538,1,989,5.19710629591087,0
2025-06-10,CNNNews18,506,11,1137,4.197406473161087,0
2025-06-10,TimesNow,533,6,851,5.327623775511294,0
2025-06-10,RepublicTV,563,1,823,4.746020911872305,0
2025-06-10,TV9,514,1,682,4.3552263578375845,0
2025-06-10,Asianet,564,1,840,4.933480842894424,0
2025-06-10,Colors,538,1,705,5.395422323228956,0
2025-06-10,SonyTV,520,2,854,5.458063345383942,0
2025-06-10,StarPlus,572,1,894,5.189906992188821,0
2025-06-10,ZeeCinema,531,1,882,4.874439114831345,0
2025-06-10,StarMovies,529,13,845,4.83064091394257,0
2025-06-10,HBO,560,1,928,4.08450758994417,0
2025-06-10,Discovery,527,6,1079,5.4277878078655,0
2025-06-10,NationalGeographic,540,6,714,4.243305572087526,0
2025-06-10,AnimalPlanet,543,1,980,4.425949831485846,0
2025-06-10,HistoryTV18,524,1,961,5.198771947936884,0
2025-06-10,CartoonNetwork,518,1,911,5.559264127792798,0
2025-06-10,Pogo,563,1,884,4.192697570305356,0
2025-06-10,Nickelodeon,522,1,768,5.139511835450933,0
2025-06-10,SonyMax,541,1,915,5.256911799229657,0
2025-06-10,ZeeTelugu,563,1,1212,4.613643710167905,0
2025-06-10,ETV,513,3,894,4.432288914064905,0
2025-06-10,GeminiTV,543,1,910,5.082997192259004,0
2025-06-10,MaaTV,572,5,797,4.948247384290655,0
2025-06-10,UdayaTV,568,1,800,5.356454968440231,0
2025-06-10,SuryaTV,522,1,901,5.516631642508764,0
2025-06-10,KTV,537,1,1017,5.210489471723514,0
2025-06-10,JayaTV,566,1,787,5.190452354794933,0
2025-06-10,RajTV,532,1,743,5.303964944767471,0
2025-06-10,KalaignarTV,522,1,877,5.136703569843006,0
2025-06-10,DDNews,564,1,750,5.10695069883894,0
2025-06-10,DDNational,512,1,1090,4.463716352683202,0
2025-06-10,DDSports,554,1,1100,5.588572115248104,0
2025-06-10,TenSports,520,1,928,4.393955621138481,0
2025-06-10,StarSports,564,1,834,4.94502803782482,0
2025-06-10,SonySports,571,1,938,4.140116129316089,0
2025-06-10,Eurosport,560,1,972,5.312022050251955,0
2025-06-10,CNBC,580,1,810,5.125413126331367,0
2025-06-10,BloombergTV,515,4,677,5.490903938917369,0
2025-06-10,BBCWorld,563,1,1133,5.192784694309951,0
2025-06-10,AlJazeera,559,1,1142,5.232203764562068,0
2025-06-10,France24,557,1,1140,5.3792209194846645,0
2025-06-10,VH1,553,4,987,4.942335187795781,0
2025-06-10,MTV,528,2,884,5.501538070453865,0
2025-06-11,News24,22,227,5070,11.165484305172853,1
2025-06-11,StarTV,26,241,4816,10.655681825054163,1
2025-06-11,ZeeTV,30,239,5178,10.63552769444006,1
2025-06-11,SunTV,29,252,5338,10.206124101595558,1
2025-06-11,ABPNews,37,241,5421,10.595272525354426,1
2025-06-11,NDTV,28,216,5077,9.802063432214704,1
2025-06-11,IndiaTV,7,223,5159,10.29136367297722,1
2025-06-11,CNNNews18,-9,218,4987,9.979006293352109,1
2025-06-11,TimesNow,-15,245,5304,10.115886488768057,1
2025-06-11,RepublicTV,14,228,4918,10.713315577301755,1
2025-06-11,TV9,6,233,5318,10.38437621414813,1
2025-06-11,Asianet,44,218,4769,10.274189909992252,1
2025-06-11,Colors,36,250,5275,10.709957275295958,1
2025-06-11,SonyTV,14,227,5085,10.285723073076326,1
2025-06-11,StarPlus,11,208,5133,10.42775629151187,1
2025-06-11,ZeeCinema,32,225,5238,9.889704609394645,1
2025-06-11,StarMovies,60,234,5505,10.87257156033682,1
2025-06-11,HBO,37,248,5432,10.088862857952721,1
2025-06-11,Discovery,43,205,5085,10.902456938277476,1
2025-06-11,NationalGeographic,44,252,4747,10.566729242915164,1
2025-06-11,AnimalPlanet,44,244,5454,10.320107817265962,1
2025-06-11,HistoryTV18,-7,225,5070,10.715443580317217,1
2025-06-11,CartoonNetwork,29,243,5233,10.768679926885495,1
2025-06-11,Pogo,25,217,5162,9.542427249982468,1
2025-06-11,Nickelodeon,14,222,5236,9.926964510493189,1
2025-06-11,SonyMax,-12,249,5093,10.506541860851543,1
2025-06-11,ZeeTelugu,11,228,5138,10.029771428344423,1
2025-06-11,ETV,50,215,5276,10.588097404037276,1
2025-06-11,GeminiTV,8,222,4821,9.689158218545947,1
2025-06-11,MaaTV,51,226,5182,10.048912128164737,1
2025-06-11,UdayaTV,39,231,4677,11.186633975857523,1
2025-06-11,SuryaTV,17,258,5047,10.035832411721659,1
2025-06-11,KTV,58,227,5346,10.365533678667791,1
2025-06-11,JayaTV,4,210,5242,9.636762647464575,1
2025-06-11,RajTV,54,207,5080,10.431929037881911,1
2025-06-11,KalaignarTV,1,212,5368,10.331241175876078,1
2025-06-11,DDNews,15,234,5079,9.564907470823094,1
2025-06-11,DDNational,35,238,5077,10.20481751053676,1
2025-06-11,DDSports,8,241,5040,10.906253044505647,1
2025-06-11,TenSports,0,242,5158,9.574800057926671,1
2025-06-11,StarSports,42,241,5187,9.595359444822913,1
2025-06-11,SonySports,10,244,5025,9.866756491615558,1
2025-06-11,Eurosport,30,241,4699,10.002387465088313,1
2025-06-11,CNBC,45,240,5116,10.991052859286087,1
2025-06-11,BloombergTV,19,241,5019,10.255536008460508,1
2025-06-11,BBCWorld,18,219,5386,10.195350997287159,1
2025-06-11,AlJazeera,20,248,4849,10.699783783853112,1
2025-06-11,France24,-13,245,5501,9.77768280143642,1
2025-06-11,VH1,42,220,4839,10.648522422630638,1
2025-06-11,MTV,9,237,5086,11.158393658530807,1
2025-06-12,News24,501,1,823,4.149426515483232,0
2025-06-12,StarTV,485,1,768,4.403468865358813,0
2025-06-12,ZeeTV,544,8,759,4.252166738910733,0
2025-06-12,SunTV,504,1,730,3.950381299072909,0
2025-06-12,ABPNews,521,1,1024,4.852449837560375,0
2025-06-12,NDTV,505,1,907,4.037013131936244,0
2025-06-12,IndiaTV,490,1,863,4.683326010663392,0
2025-06-12,CNNNews18,478,5,914,4.339545831177053,0
2025-06-12,TimesNow,519,1,847,4.5324803031352126,0
2025-06-12,RepublicTV,523,16,773,4.090662742850342,0
2025-06-12,TV9,516,8,1089,4.700620521635064,0
2025-06-12,Asianet,493,11,801,4.9281433363983735,0
2025-06-12,Colors,489,1,775,3.8711807892915218,0
2025-06-12,SonyTV,517,6,784,4.287726856564971,0
2025-06-12,StarPlus,533,2,840,4.525373250894066,0
2025-06-12,ZeeCinema,492,1,689,4.11227137620475,0
2025-06-12,StarMovies,514,1,754,5.214716035957131,0
2025-06-12,HBO,546,1,739,4.248445582788375,0
2025-06-12,Discovery,492,1,815,4.9009876108819235,0
2025-06-12,NationalGeographic,512,1,914,4.463526218129067,0
2025-06-12,AnimalPlanet,506,1,882,4.3517022890863055,0
2025-06-12,HistoryTV18,514,1,920,4.410022705825242,0
2025-06-12,CartoonNetwork,495,7,1090,4.471259399699234,0
2025-06-12,Pogo,523,1,653,4.419804626315522,0
2025-06-12,Nickelodeon,500,5,865,4.781731607334148,0
2025-06-12,SonyMax,517,6,912,4.50169042106065,0
2025-06-12,ZeeTelugu,493,1,799,4.884872734558168,0
2025-06-12,ETV,547,1,923,4.931695317500696,0
2025-06-12,GeminiTV,548,3,802,4.038816828490299,0
2025-06-12,MaaTV,529,1,919,4.995057565597815,0
2025-06-12,UdayaTV,550,9,795,4.723379712236054,0
2025-06-12,SuryaTV,534,4,743,3.9548595852729553,0
2025-06-12,KTV,485,5,834,4.393888959145789,0
2025-06-12,JayaTV,505,1,927,5.048085885670071,0
2025-06-12,RajTV,502,2,856,4.750708721782709,0
2025-06-12,KalaignarTV,503,3,959,4.74682186386429,0
2025-06-12,DDNews,526,1,727,5.077517875148525,0
2025-06-12,DDNational,496,4,702,4.012708441245771,0
2025-06-12,DDSports,520,8,843,5.1508523033903755,0
2025-06-12,TenSports,514,1,1025,4.9466241197131895,0
2025-06-12,StarSports,492,1,884,4.760424608358016,0
2025-06-12,SonySports,532,1,912,3.923464904242463,0
2025-06-12,Eurosport,497,1,727,4.742014170606093,0
2025-06-12,CNBC,511,1,804,5.201338578730466,0
2025-06-12,BloombergTV,529,1,1095,4.17565839235743,0
2025-06-12,BBCWorld,544,1,907,4.629465313973707,0
2025-06-12,AlJazeera,500,1,801,4.397033096472107,0
2025-06-12,France24,480,1,961,4.367675451301193,0
2025-06-12,VH1,503,1,755,4.466108829643523,0
2025-06-12,MTV,526,1,716,4.554704436076814,0
2025-06-13,News24,47,229,5093,11.09578422250508,1
2025-06-13,StarTV,51,211,4803,10.943361709948206,1
2025-06-13,ZeeTV,12,207,4825,10.751776304416394,1
2025-06-13,SunTV,60,246,4972,9.589919330280997,1
2025-06-13,ABPNews,49,244,5240,10.353237540273827,1
2025-06-13,NDTV,33,224,4914,11.137733809490486,1
2025-06-13,IndiaTV,-5,217,5234,9.259266611180575,1
2025-06-13,CNNNews18,45,234,5221,9.997849261011543,1
2025-06-13,TimesNow,9,231,5274,9.336985342152353,1
2025-06-13,RepublicTV,62,213,4992,9.534386779034874,1
2025-06-13,TV9,60,223,4762,9.932153929360656,1
2025-06-13,Asianet,53,224,4807,9.615541144515394,1
2025-06-13,Colors,14,205,4918,9.765382241251789,1
2025-06-13,SonyTV,6,236,4852,9.434112330814827,1
2025-06-13,StarPlus,8,228,4924,10.339083681846224,1
2025-06-13,ZeeCinema,3,225,4976,11.021526733155751,1
2025-06-13,StarMovies,17,235,5126,9.799029111146416,1
2025-06-13,HBO,7,237,5237,9.88098414003558,1
2025-06-13,Discovery,15,234,5064,10.139874644238954,1
2025-06-13,NationalGeographic,8,215,5410,10.157711277183859,1
2025-06-13,AnimalPlanet,-4,240,5116,10.020027730125861,1
2025-06-13,HistoryTV18,9,233,4916,9.527323551999402,1
2025-06-13,CartoonNetwork,37,234,5022,10.646209374288105,1
2025-06-13,Pogo,36,242,5251,10.376243737096393,1
2025-06-13,Nickelodeon,-2,221,5178,9.882250668043877,1
2025-06-13,SonyMax,8,217,5080,9.51556393499817,1
2025-06-13,ZeeTelugu,23,247,4979,10.155782491813685,1
2025-06-13,ETV,-16,221,4872,10.363487378765571,1
2025-06-13,GeminiTV,41,229,4964,10.148109559153712,1
2025-06-13,MaaTV,30,232,5343,9.506145679278257,1
2025-06-13,UdayaTV,-1,224,4851,9.814471374445853,1
2025-06-13,SuryaTV,47,251,5076,9.428381079340896,1
2025-06-13,KTV,31,233,4930,10.058734783174888,1
2025-06-13,JayaTV,-13,235,4774,9.764755004212795,1
2025-06-13,RajTV,16,235,4908,11.09011791630022,1
2025-06-13,KalaignarTV,16,222,5346,9.994278473019675,1
2025-06-13,DDNews,7,211,5285,10.459422351067339,1
2025-06-13,DDNational,49,254,5155,9.417391670354158,1
2025-06-13,DDSports,42,238,5046,10.085808329619327,1
2025-06-13,TenSports,12,220,4931,10.120747248750144,1
2025-06-13,StarSports,24,241,5104,9.690966992442245,1
2025-06-13,SonySports,54,218,4962,10.295773107243447,1
2025-06-13,Eurosport,29,230,4813,10.889071170891668,1
2025-06-13,CNBC,-9,251,5013,11.024739596977835,1
2025-06-13,BloombergTV,55,218,5058,9.215411546484575,1
2025-06-13,BBCWorld,13,225,4989,9.744604206261757,1
2025-06-13,AlJazeera,49,233,5253,10.11796819131789,1
2025-06-13,France24,-6,242,5288,10.087595753335277,1
2025-06-13,VH1,26,218,5152,9.784811012023498,1
2025-06-13,MTV,25,214,4982,9.572249449435287,1
2025-06-14,News24,548,2,1127,4.96899221294989,0
2025-06-14,StarTV,499,1,1019,4.7581277541835725,0
2025-06-14,ZeeTV,528,4,1152,4.7720399563886655,0
2025-06-14,SunTV,520,4,717,4.758591152885449,0
2025-06-14,ABPNews,516,1,1013,3.9018957386722195,0
2025-06-14,NDTV,528,1,820,4.848639862953797,0
2025-06-14,IndiaTV,556,1,822,4.816837920514466,0
2025-06-14,CNNNews18,546,4,941,5.361139263075861,0
2025-06-14,TimesNow,505,3,729,3.896621851138697,0
2025-06-14,RepublicTV,551,1,724,5.320966608413983,0
2025-06-14,TV9,553,1,807,4.838023301677864,0
2025-06-14,Asianet,521,5,1012,4.738001984963603,0
2025-06-14,Colors,535,1,919,4.148649147880318,0
2025-06-14,SonyTV,505,1,845,5.14227378162763,0
2025-06-14,StarPlus,546,1,778,4.238739579958659,0
2025-06-14,ZeeCinema,566,1,999,5.489121874851176,0
2025-06-14,StarMovies,541,1,1158,4.6740285698906066,0
2025-06-14,HBO,524,6,1035,5.168491704322734,0
2025-06-14,Discovery,569,1,918,4.2073225758614665,0
2025-06-14,NationalGeographic,519,1,922,5.222876543021116,0
2025-06-14,AnimalPlanet,537,8,767,5.097024659428355,0
2025-06-14,HistoryTV18,516,1,1048,4.341041227102482,0
2025-06-14,CartoonNetwork,553,1,685,5.440670322685656,0
2025-06-14,Pogo,531,1,847,4.616573096661599,0
2025-06-14,Nickelodeon,502,1,1060,4.730030726857099,0
2025-06-14,SonyMax,519,11,1034,4.972658208506841,0
2025-06-14,ZeeTelugu,542,1,1042,4.595509508094657,0
2025-06-14,ETV,565,1,1214,4.848824484837145,0
2025-06-14,GeminiTV,524,4,870,4.114828381035002,0
2025-06-14,MaaTV,506,1,1007,5.100008695963186,0
2025-06-14,UdayaTV,539,1,900,4.229156643514627,0
2025-06-14,SuryaTV,513,1,699,4.78600813736075,0
2025-06-14,KTV,512,1,1115,4.6447065970021795,0
2025-06-14,JayaTV,528,3,1018,4.54677006588959,0
2025-06-14,RajTV,547,6,723,5.146790777575508,0
2025-06-14,KalaignarTV,509,5,797,5.341419135166716,0
2025-06-14,DDNews,526,1,653,4.865740149672273,0
2025-06-14,DDNational,542,1,805,4.349926467182779,0
2025-06-14,DDSports,567,1,955,4.960646583147591,0
2025-06-14,TenSports,509,1,1083,4.659626475441797,0
2025-06-14,StarSports,526,1,1022,4.784876812992238,0
2025-06-14,SonySports,558,1,1035,4.21346356035499,0
2025-06-14,Eurosport,528,12,732,3.8853495001230045,0
2025-06-14,CNBC,551,1,1109,4.2454824484440605,0
2025-06-14,BloombergTV,553,1,894,5.0067843175324365,0
2025-06-14,BBCWorld,561,6,1051,5.28108685781976,0
2025-06-14,AlJazeera,521,1,1060,4.7547331208154215,0
2025-06-14,France24,537,1,999,4.8888791175509505,0
2025-06-14,VH1,516,9,1047,4.067765623768832,0
2025-06-14,MTV,527,1,722,5.120586602678842,0
2025-06-15,News24,-8,256,5221,10.558564387035828,1
2025-06-15,StarTV,27,241,5292,10.751318651057604,1
2025-06-15,ZeeTV,20,244,5543,9.908403893640962,1
2025-06-15,SunTV,18,220,5184,10.712520237210791,1
2025-06-15,ABPNews,31,225,5036,10.170630725825701,1
2025-06-15,NDTV,41,250,5407,10.121071904739068,1
2025-06-15,IndiaTV,10,209,5236,10.091533611297308,1
2025-06-15,CNNNews18,40,245,4752,10.449356148158788,1
2025-06-15,TimesNow,41,253,4908,10.256661923916312,1
2025-06-15,RepublicTV,11,228,4873,9.809366644487614,1
2025-06-15,TV9,-19,216,5172,11.341783812376207,1
2025-06-15,Asianet,-11,255,4967,10.28587231384684,1
2025-06-15,Colors,37,254,4959,10.191109938346903,1
2025-06-15,SonyTV,27,229,4974,10.716830094145733,1
2025-06-15,StarPlus,8,252,5270,11.168997970272518,1
2025-06-15,ZeeCinema,27,246,5374,10.644307743066928,1
2025-06-15,StarMovies,-14,246,5333,10.473521899521463,1
2025-06-15,HBO,52,249,5408,10.933725406704905,1
2025-06-15,Discovery,21,243,5161,10.616162123106186,1
2025-06-15,NationalGeographic,15,227,5138,10.695949513892948,1
2025-06-15,AnimalPlanet,-11,231,4791,10.901834565914227,1
2025-06-15,HistoryTV18,15,215,5224,10.452440634734698,1
2025-06-15,CartoonNetwork,2,233,5174,10.375346778950254,1
2025-06-15,Pogo,41,212,5109,11.291463433169472,1
2025-06-15,Nickelodeon,37,214,5375,9.804871400232273,1
2025-06-15,SonyMax,43,258,5135,10.99091135061875,1
2025-06-15,ZeeTelugu,12,227,5451,10.52380424846574,1
2025-06-15,ETV,8,234,5373,10.883489144197974,1
2025-06-15,GeminiTV,39,238,5102,10.560562460695238,1
2025-06-15,MaaTV,2,211,5208,10.292914578769253,1
2025-06-15,UdayaTV,14,234,5041,10.45144425196299,1
2025-06-15,SuryaTV,49,243,5005,10.61398158640177,1
2025-06-15,KTV,2,252,4877,11.2256344255057,1
2025-06-15,JayaTV,57,241,5145,10.210927327102006,1
2025-06-15,RajTV,28,237,5072,10.676797162060051,1
2025-06-15,KalaignarTV,14,237,4867,10.396210375841852,1
2025-06-15,DDNews,23,244,4890,10.359180334766085,1
2025-06-15,DDNational,4,216,5204,11.439741303081117,1
2025-06-15,DDSports,22,216,4948,10.251678099318921,1
2025-06-15,TenSports,-6,247,5128,10.079572832327685,1
2025-06-15,StarSports,-5,248,5469,10.344602375683333,1
2025-06-15,SonySports,-4,239,5160,10.103806972367229,1
2025-06-15,Eurosport,56,219,4780,11.439923912988172,1
2025-06-15,CNBC,22,222,5233,10.517729637704914,1
2025-06-15,BloombergTV,23,250,5236,10.732111071744312,1
2025-06-15,BBCWorld,-1,234,5182,10.359230321608994,1
2025-06-15,AlJazeera,33,232,4875,9.748037683750358,1
2025-06-15,France24,-14,216,5002,10.764561327851409,1
2025-06-15,VH1,31,240,4901,11.00598025109064,1
2025-06-15,MTV,40,218,5468,10.184433348932856,1
2025-06-16,News24,481,3,836,4.710214898419084,0
2025-06-16,StarTV,472,1,815,4.922545914661858,0
2025-06-16,ZeeTV,519,6,816,4.811750766489235,0
2025-06-16,SunTV,500,1,805,5.011731014314616,0
2025-06-16,ABPNews,493,1,720,4.475114694588894,0
2025-06-16,NDTV,485,1,732,4.009567531621186,0
2025-06-16,IndiaTV,507,1,1046,4.1513638257783505,0
2025-06-16,CNNNews18,510,1,657,4.329396315305792,0
2025-06-16,TimesNow,520,4,889,3.9734336546249702,0
2025-06-16,RepublicTV,495,5,857,3.722967804477003,0
2025-06-16,TV9,530,14,1033,4.92757567576505,0
2025-06-16,Asianet,522,1,931,3.8393238905868827,0
2025-06-16,Colors,524,1,767,4.910604599212419,0
2025-06-16,SonyTV,489,1,945,4.241519357975249,0
2025-06-16,StarPlus,490,1,867,4.6378012218527624,0
2025-06-16,ZeeCinema,513,1,909,5.137764077906391,0
2025-06-16,StarMovies,524,14,654,4.799986140768904,0
2025-06-16,HBO,481,12,719,5.039959396049704,0
2025-06-16,Discovery,511,3,989,3.7857162103869415,0
2025-06-16,NationalGeographic,483,7,1013,4.409950836342879,0
2025-06-16,AnimalPlanet,497,1,985,4.495905534200842,0
2025-06-16,HistoryTV18,515,1,978,4.788911335253367,0
2025-06-16,CartoonNetwork,521,1,654,4.737635703339233,0
2025-06-16,Pogo,480,1,680,3.9051868317796825,0
2025-06-16,Nickelodeon,480,1,898,4.915519481851082,0
2025-06-16,SonyMax,495,12,655,4.242871880288502,0
2025-06-16,ZeeTelugu,520,5,838,4.477175947150382,0
2025-06-16,ETV,521,13,831,4.389868816690114,0
2025-06-16,GeminiTV,525,1,895,4.541126300738868,0
2025-06-16,MaaTV,534,4,955,5.351820130245308,0
2025-06-16,UdayaTV,479,5,1021,3.748307945693075,0
2025-06-16,SuryaTV,474,1,742,4.681618454041017,0
2025-06-16,KTV,518,1,929,4.514118851661584,0
2025-06-16,JayaTV,471,4,938,4.403792349576421,0
2025-06-16,RajTV,502,1,772,4.5088609863219675,0
2025-06-16,KalaignarTV,523,1,789,4.009936274877246,0
2025-06-16,DDNews,539,14,752,3.592656963078037,0
2025-06-16,DDNational,493,3,912,4.627660782622031,0
2025-06-16,DDSports,496,10,973,4.279050197456392,0
2025-06-16,TenSports,521,1,902,4.869463148499919,0
2025-06-16,StarSports,530,1,1033,4.574479991289392,0
2025-06-16,SonySports,511,1,705,4.44014408221539,0
2025-06-16,Eurosport,501,1,988,3.83368623384976,0
2025-06-16,CNBC,520,1,1050,4.034887743967264,0
2025-06-16,BloombergTV,506,2,699,4.513495385962674,0
2025-06-16,BBCWorld,523,17,753,4.171071728013946,0
2025-06-16,AlJazeera,532,1,1068,4.499161427287043,0
2025-06-16,France24,488,1,1047,4.4455108078716465,0
2025-06-16,VH1,481,2,919,5.149283430501238,0
2025-06-16,MTV,508,3,871,4.685666971993506,0
2025-06-17,News24,44,220,4699,9.971542459929138,1
2025-06-17,StarTV,10,239,5227,10.495341667334296,1
2025-06-17,ZeeTV,53,245,4922,10.257515230757992,1
2025-06-17,SunTV,10,224,5003,9.356766386683129,1
2025-06-17,ABPNews,11,224,5137,10.581321516484536,1
2025-06-17,NDTV,5,242,5180,10.50636000647916,1
2025-06-17,IndiaTV,11,222,5052,9.85329988448442,1
2025-06-17,CNNNews18,1,242,5134,9.771990597450195,1
2025-06-17,TimesNow,-1,213,5495,10.099863318663505,1
2025-06-17,RepublicTV,4,231,4899,10.296338105647692,1
2025-06-17,TV9,22,255,5243,10.895058852464064,1
2025-06-17,Asianet,-4,259,4898,9.44311592836277,1
2025-06-17,Colors,16,229,5036,9.891323570695654,1
2025-06-17,SonyTV,35,236,5085,10.484485434093347,1
2025-06-17,StarPlus,31,223,5031,10.558279432463788,1
2025-06-17,ZeeCinema,17,207,4824,11.163706927895925,1
2025-06-17,StarMovies,9,221,5161,9.526146144371069,1
2025-06-17,HBO,43,220,4783,10.210185155234225,1
2025-06-17,Discovery,13,229,5280,10.088096072229332,1
2025-06-17,NationalGeographic,25,240,5198,10.831581973859244,1
2025-06-17,AnimalPlanet,34,252,4859,10.05380936187561,1
2025-06-17,HistoryTV18,21,207,5052,9.688376794601524,1
2025-06-17,CartoonNetwork,44,240,5041,10.576185940110003,1
2025-06-17,Pogo,17,217,4921,10.563568326019663,1
2025-06-17,Nickelodeon,15,237,5176,9.63874646162263,1
2025-06-17,SonyMax,28,258,5029,10.420077175323264,1
2025-06-17,ZeeTelugu,8,218,4838,10.087536066526711,1
2025-06-17,ETV,16,234,4967,9.492945779106234,1
2025-06-17,GeminiTV,26,235,5355,9.785451620355685,1
2025-06-17,MaaTV,25,236,4946,10.474888999038116,1
2025-06-17,UdayaTV,18,247,5062,9.517077534198611,1
2025-06-17,SuryaTV,5,248,5342,9.551436776808504,1
2025-06-17,KTV,44,208,5189,10.503767892256667,1
2025-06-17,JayaTV,43,214,5147,9.960932624734308,1
2025-06-17,RajTV,31,238,5471,9.543082642335875,1
2025-06-17,KalaignarTV,43,247,5263,9.76238600678655,1
2025-06-17,DDNews,23,254,5486,10.153110411191294,1
2025-06-17,DDNational,16,229,5113,10.688999893520759,1
2025-06-17,DDSports,18,237,5020,9.932789601220861,1
2025-06-17,TenSports,3,249,4881,10.233330781676948,1
2025-06-17,StarSports,16,213,5115,10.84541691251097,1
2025-06-17,SonySports,38,229,5140,10.525735157272193,1
2025-06-17,Eurosport,21,250,5508,9.983976118348671,1
2025-06-17,CNBC,10,254,5284,10.673025058464217,1
2025-06-17,BloombergTV,0,254,5165,10.885528034071713,1
2025-06-17,BBCWorld,-1,229,4701,9.815056505752437,1
2025-06-17,AlJazeera,30,249,5149,10.702998237806792,1
2025-06-17,France24,-3,254,4888,10.56969253021081,1
2025-06-17,VH1,54,235,5087,10.066685449999424,1
2025-06-17,MTV,6,244,5057,10.64670052591849,1
2025-06-18,News24,506,1,794,4.89945922373648,0
2025-06-18,StarTV,494,8,1130,4.325556335827181,0
2025-06-18,ZeeTV,503,1,808,3.8905198037413067,0
2025-06-18,SunTV,512,1,1069,4.7725397124245115,0
2025-06-18,ABPNews,535,3,868,5.416278205723913,0
2025-06-18,NDTV,513,4,867,4.0993372540778035,0
2025-06-18,IndiaTV,504,1,710,5.04559913669946,0
2025-06-18,CNNNews18,536,1,775,4.829490961673908,0
2025-06-18,TimesNow,528,1,754,4.530104909933731,0
2025-06-18,RepublicTV,504,11,1054,4.961705606859076,0
2025-06-18,TV9,555,4,1044,5.444929334746158,0
2025-06-18,Asianet,525,1,1054,4.073392322621274,0
2025-06-18,Colors,525,1,1172,4.479456513771967,0
2025-06-18,SonyTV,507,3,784,3.900778362655649,0
2025-06-18,StarPlus,540,13,1060,5.383325679751726,0
2025-06-18,ZeeCinema,522,1,1123,4.620580962583333,0
2025-06-18,StarMovies,506,1,985,4.325140158765589,0
2025-06-18,HBO,512,8,981,4.686749468037316,0
2025-06-18,Discovery,558,1,999,4.310432786238811,0
2025-06-18,NationalGeographic,530,1,965,4.736569010248908,0
2025-06-18,AnimalPlanet,497,1,887,4.82233791524357,0
2025-06-18,HistoryTV18,549,1,1057,4.324035781442466,0
2025-06-18,CartoonNetwork,529,12,1036,4.339996593213099,0
2025-06-18,Pogo,557,13,902,4.891891445148592,0
2025-06-18,Nickelodeon,539,1,1053,4.4990140529090095,0
2025-06-18,SonyMax,486,2,682,4.512416706929836,0
2025-06-18,ZeeTelugu,548,1,1012,4.439378894524613,0
2025-06-18,ETV,544,1,1079,5.226604079641662,0
2025-06-18,GeminiTV,521,1,839,4.165103540758295,0
2025-06-18,MaaTV,533,10,893,4.984940238038313,0
2025-06-18,UdayaTV,508,1,1065,5.186821892158736,0
2025-06-18,SuryaTV,524,3,1004,5.4304553791311525,0
2025-06-18,KTV,541,1,913,4.8437176795511725,0
2025-06-18,JayaTV,559,1,1139,4.692333849719144,0
2025-06-18,RajTV,521,1,941,4.465938109112295,0
2025-06-18,KalaignarTV,547,1,663,4.154914916731685,0
2025-06-18,DDNews,547,1,812,4.39772966590066,0
2025-06-18,DDNational,540,1,912,5.18980318530213,0
2025-06-18,DDSports,506,1,1003,5.356183895660824,0
2025-06-18,TenSports,513,1,763,4.685805316506727,0
2025-06-18,StarSports,528,8,888,4.479471545039135,0
2025-06-18,SonySports,496,1,719,4.610444908303745,0
2025-06-18,Eurosport,509,3,752,4.124491740743229,0
2025-06-18,CNBC,531,1,1090,5.444244253933032,0
2025-06-18,BloombergTV,511,1,1055,4.425129211066917,0
2025-06-18,BBCWorld,540,8,1054,5.541899686414735,0
2025-06-18,AlJazeera,535,3,1099,4.7603749218878,0
2025-06-18,France24,519,5,968,4.840025281606228,0
2025-06-18,VH1,552,5,790,5.257780732532266,0
2025-06-18,MTV,505,1,908,4.742317781460865,0
2025-06-19,News24,4,227,5233,10.170239977443549,1
2025-06-19,StarTV,28,240,5043,10.215525161485543,1
2025-06-19,ZeeTV,2,235,5260,10.478200506032337,1
2025-06-19,SunTV,34,249,5036,11.313032368639886,1
2025-06-19,ABPNews,39,232,5151,10.550571125390617,1
2025-06-19,NDTV,9,239,5166,9.757693512986796,1
2025-06-19,IndiaTV,4,233,5404,10.037392578138702,1
2025-06-19,CNNNews18,17,228,5048,10.288815152835724,1
2025-06-19,TimesNow,32,249,5429,10.851854577960884,1
2025-06-19,RepublicTV,47,240,5151,10.367883180785123,1
2025-06-19,TV9,-3,227,5333,10.634429231132708,1
2025-06-19,Asianet,21,238,5062,9.581979740868919,1
2025-06-19,Colors,3,250,5355,9.719646397576346,1
2025-06-19,SonyTV,30,264,5243,10.460848448546203,1
2025-06-19,StarPlus,2,249,5122,9.57655287528786,1
2025-06-19,ZeeCinema,35,249,5120,11.164318861212994,1
2025-06-19,StarMovies,23,222,5159,10.715234454435324,1
2025-06-19,HBO,50,241,5247,9.661658593981338,1
2025-06-19,Discovery,41,233,5101,10.162536864565382,1
2025-06-19,NationalGeographic,35,239,5340,9.869474871882808,1
2025-06-19,AnimalPlanet,18,223,4771,10.1715741251946,1
2025-06-19,HistoryTV18,36,254,5551,10.80237357732202,1
2025-06-19,CartoonNetwork,16,253,5356,10.556266129293649,1
2025-06-19,Pogo,3,229,4990,10.38538941618061,1
2025-06-19,Nickelodeon,33,242,5388,11.134043911581665,1
2025-06-19,SonyMax,56,245,4994,9.960392349178283,1
2025-06-19,ZeeTelugu,29,234,5056,10.43377117500573,1
2025-06-19,ETV,20,223,5253,10.171063422543185,1
2025-06-19,GeminiTV,34,236,5450,10.65426550698918,1
2025-06-19,MaaTV,16,243,5466,10.993684344014886,1
2025-06-19,UdayaTV,29,237,5102,10.435828043536077,1
2025-06-19,SuryaTV,14,226,5240,10.70721219613343,1
2025-06-19,KTV,11,247,5413,11.081915092827153,1
2025-06-19,JayaTV,-12,229,5135,10.089097829584079,1
2025-06-19,RajTV,28,235,5354,10.176439544456226,1
2025-06-19,KalaignarTV,44,239,5236,10.201680896601747,1
2025-06-19,DDNews,5,238,4974,10.158855146628932,1
2025-06-19,DDNational,11,238,5158,10.593939066813746,1
2025-06-19,DDSports,-10,242,5133,10.1916793015087,1
2025-06-19,TenSports,34,258,5429,9.955714459084295,1
2025-06-19,StarSports,16,221,4828,11.127283790634035,1
2025-06-19,SonySports,7,263,5045,10.163041900975673,1
2025-06-19,Eurosport,54,224,5382,10.321411299000015,1
2025-06-19,CNBC,27,247,5134,10.441295754295249,1
2025-06-19,BloombergTV,26,229,4962,10.986822500675625,1
2025-06-19,BBCWorld,7,243,4961,10.413214586275894,1
2025-06-19,AlJazeera,12,258,5456,10.438713278390116,1
2025-06-19,France24,21,256,5144,10.753648762933846,1
2025-06-19,VH1,3,235,5239,10.533531563461256,1
2025-06-19,MTV,41,233,5244,10.248060595258258,1
2025-06-20,News24,501,1,875,4.92989776902505,0
2025-06-20,StarTV,519,1,670,4.895187759871502,0
2025-06-20,ZeeTV,519,5,782,4.759944818408888,0
2025-06-20,SunTV,488,1,656,3.9719504662939564,0
2025-06-20,ABPNews,457,1,981,4.3549315554382995,0
2025-06-20,NDTV,490,2,848,4.239810092816881,0
2025-06-20,IndiaTV,506,4,749,4.612108087237252,0
2025-06-20,CNNNews18,485,1,570,3.5760231088263743,0
2025-06-20,TimesNow,523,8,610,4.435316281238946,0
2025-06-20,RepublicTV,524,1,958,4.801072281800659,0
2025-06-20,TV9,507,1,791,4.781141607424623,0
2025-06-20,Asianet,480,1,986,4.703814283557232,0
2025-06-20,Colors,509,4,561,4.245242528974119,0
2025-06-20,SonyTV,470,4,957,4.43813938317586,0
2025-06-20,StarPlus,522,3,763,3.843196119668716,0
2025-06-20,ZeeCinema,494,3,867,4.893868837200672,0
2025-06-20,StarMovies,474,1,830,3.880995745264701,0
2025-06-20,HBO,517,10,1017,4.541816397841418,0
2025-06-20,Discovery,496,1,823,3.6847849116025193,0
2025-06-20,NationalGeographic,522,12,841,4.769497573186009,0
2025-06-20,AnimalPlanet,486,1,898,4.571966147814829,0
2025-06-20,HistoryTV18,500,8,751,4.695890085843901,0
2025-06-20,CartoonNetwork,508,12,965,4.814983185218587,0
2025-06-20,Pogo,498,1,799,3.95396342606636,0
2025-06-20,Nickelodeon,511,1,820,3.6122154601663423,0
2025-06-20,SonyMax,516,5,1033,4.278065868264332,0
2025-06-20,ZeeTelugu,493,1,1009,4.581816132984259,0
2025-06-20,ETV,511,4,730,4.590598507031864,0
2025-06-20,GeminiTV,496,8,699,4.672045308716506,0
2025-06-20,MaaTV,521,1,882,3.5567441268054596,0
2025-06-20,UdayaTV,518,1,986,4.038112576140401,0
2025-06-20,SuryaTV,477,10,881,5.004998753560045,0
2025-06-20,KTV,523,8,908,4.553339356215611,0
2025-06-20,JayaTV,492,16,973,4.468635286863037,0
2025-06-20,RajTV,501,7,697,4.056044641386692,0
2025-06-20,KalaignarTV,505,2,648,3.7731722650306585,0
2025-06-20,DDNews,514,1,798,4.892485598293894,0
2025-06-20,DDNational,487,1,777,3.7650569740320443,0
2025-06-20,DDSports,485,1,875,4.433095148758543,0
2025-06-20,TenSports,519,14,757,4.895547000656362,0
2025-06-20,StarSports,522,16,1057,4.426994144174119,0
2025-06-20,SonySports,464,1,674,4.741908971232365,0
2025-06-20,Eurosport,491,4,1045,4.378147677894554,0
2025-06-20,CNBC,461,17,697,3.8725504309082033,0
2025-06-20,BloombergTV,517,10,739,4.680042848389009,0
2025-06-20,BBCWorld,512,1,752,4.314482313707664,0
2025-06-20,AlJazeera,513,2,741,5.0125889169993565,0
2025-06-20,France24,478,1,659,4.7736432680618766,0
2025-06-20,VH1,493,14,1017,4.3135256889072595,0
2025-06-20,MTV,475,1,1121,4.875726451419415,0
2025-06-21,News24,-8,240,5390,10.650512316254286,1
2025-06-21,StarTV,-15,245,4900,10.968937196323115,1
2025-06-21,ZeeTV,-3,228,5137,10.636972584619988,1
2025-06-21,SunTV,45,243,5490,11.054481851355423,1
2025-06-21,ABPNews,35,227,4906,10.074333873618642,1
2025-06-21,NDTV,3,255,5105,10.47141727413587,1
2025-06-21,IndiaTV,39,229,5180,10.880229958199306,1
2025-06-21,CNNNews18,12,226,4821,10.849100103886215,1
2025-06-21,TimesNow,17,217,5356,10.634698324275229,1
2025-06-21,RepublicTV,8,255,5110,10.200618320864072,1
2025-06-21,TV9,34,243,5292,9.817842461146522,1
2025-06-21,Asianet,10,228,4997,9.711975161387562,1
2025-06-21,Colors,54,238,5137,10.936000290919532,1
2025-06-21,SonyTV,-16,241,5045,10.053786980666375,1
2025-06-21,StarPlus,5,247,5120,10.770930275062115,1
2025-06-21,ZeeCinema,47,224,5422,10.6123872599335,1
2025-06-21,StarMovies,30,223,4965,10.305958639767743,1
2025-06-21,HBO,38,242,5315,9.945436385412037,1
2025-06-21,Discovery,3,251,5305,11.305376187830573,1
2025-06-21,NationalGeographic,40,220,5157,10.14017762826949,1
2025-06-21,AnimalPlanet,57,216,4859,10.236451341321152,1
2025-06-21,HistoryTV18,29,257,5315,9.425313991321739,1
2025-06-21,CartoonNetwork,26,233,5032,10.780869408233785,1
2025-06-21,Pogo,27,227,4923,10.79203082280769,1
2025-06-21,Nickelodeon,21,230,5342,10.801556119813553,1
2025-06-21,SonyMax,57,249,5147,10.253483817247178,1
2025-06-21,ZeeTelugu,-4,254,5008,10.433081126302651,1
2025-06-21,ETV,36,227,5400,10.300231111481633,1
2025-06-21,GeminiTV,51,212,5531,10.25058442255665,1
2025-06-21,MaaTV,18,214,4924,10.690505593503758,1
2025-06-21,UdayaTV,25,236,5079,11.202172787563663,1
2025-06-21,SuryaTV,15,260,4894,10.835445622178975,1
2025-06-21,KTV,57,246,5198,9.870865310555391,1
2025-06-21,JayaTV,47,223,5129,9.822796341008557,1
2025-06-21,RajTV,8,252,5181,10.76543389131988,1
2025-06-21,KalaignarTV,44,222,5208,10.235969287603186,1
2025-06-21,DDNews,33,247,4966,9.801262020214057,1
2025-06-21,DDNational,41,236,5474,10.084586986687357,1
2025-06-21,DDSports,-4,220,4922,9.824005214156,1
2025-06-21,TenSports,8,226,4985,10.312945043892459,1
2025-06-21,StarSports,51,228,5253,10.375520110343562,1
2025-06-21,SonySports,18,251,5249,10.76134573075907,1
2025-06-21,Eurosport,20,242,5032,10.38112088443904,1
2025-06-21,CNBC,30,241,4923,10.964413445558094,1
2025-06-21,BloombergTV,25,233,5295,10.245357250617463,1
2025-06-21,BBCWorld,57,232,5204,11.29780882026212,1
2025-06-21,AlJazeera,34,248,4988,10.282677679465909,1
2025-06-21,France24,33,249,4943,10.877463094909396,1
2025-06-21,VH1,10,245,5312,10.307310188858805,1
2025-06-21,MTV,1,214,4828,9.678804177532761,1
2025-06-22,News24,518,1,1092,4.057090410071199,0
2025-06-22,StarTV,532,1,1091,5.219450873789359,0
2025-06-22,ZeeTV,543,1,868,5.182552961036624,0
2025-06-22,SunTV,515,1,809,4.379763247401282,0
2025-06-22,ABPNews,501,1,685,4.319830162580005,0
2025-06-22,NDTV,544,1,903,4.917863795555942,0
2025-06-22,IndiaTV,483,1,891,4.440360245174244,0
2025-06-22,CNNNews18,521,1,713,4.129090328255009,0
2025-06-22,TimesNow,502,1,821,5.014341379859992,0
2025-06-22,RepublicTV,512,1,760,4.455398849011962,0
2025-06-22,TV9,511,5,893,4.949202279381757,0
2025-06-22,Asianet,530,1,967,4.0321116878792305,0
2025-06-22,Colors,534,1,1025,4.245553899331303,0
2025-06-22,SonyTV,526,1,610,4.674744583845292,0
2025-06-22,StarPlus,479,1,945,3.8583504086634037,0
2025-06-22,ZeeCinema,539,1,715,4.811735511674194,0
2025-06-22,StarMovies,497,2,1097,5.236574548307571,0
2025-06-22,HBO,520,1,720,4.968191582505106,0
2025-06-22,Discovery,513,1,748,4.248981140843026,0
2025-06-22,NationalGeographic,517,15,880,4.62542853615265,0
2025-06-22,AnimalPlanet,505,1,928,3.9579088402821814,0
2025-06-22,HistoryTV18,484,1,922,3.868936475818327,0
2025-06-22,CartoonNetwork,531,5,804,4.1368695661011134,0
2025-06-22,Pogo,520,1,922,4.6820613518100105,0
2025-06-22,Nickelodeon,525,8,1076,4.291243256277347,0
2025-06-22,SonyMax,521,1,824,4.438951896035323,0
2025-06-22,ZeeTelugu,533,12,796,4.979219015654128,0
2025-06-22,ETV,490,6,724,4.099431978529035,0
2025-06-22,GeminiTV,487,1,802,3.734781541819209,0
2025-06-22,MaaTV,525,1,1043,4.43756479035416,0
2025-06-22,UdayaTV,528,1,1089,4.627627145530509,0
2025-06-22,SuryaTV,539,1,763,4.646235393161917,0
2025-06-22,KTV,538,1,1006,4.605488238495109,0
2025-06-22,JayaTV,539,12,946,4.754045694494078,0
2025-06-22,RajTV,507,9,964,4.850964860090803,0
2025-06-22,KalaignarTV,534,1,887,4.172779411441,0
2025-06-22,DDNews,515,1,646,4.967809019590734,0
2025-06-22,DDNational,523,1,1145,5.093324026770443,0
2025-06-22,DDSports,502,1,665,4.683171824614151,0
2025-06-22,TenSports,506,6,814,4.162673458540896,0
2025-06-22,StarSports,523,1,731,5.17428055056224,0
2025-06-22,SonySports,503,1,1074,4.408954013727189,0
2025-06-22,Eurosport,553,1,840,4.867497926804622,0
2025-06-22,CNBC,517,11,842,5.291079676348704,0
2025-06-22,BloombergTV,486,1,976,4.860054001237709,0
2025-06-22,BBCWorld,502,1,1043,5.0095095339776075,0
2025-06-22,AlJazeera,500,1,1034,4.518030266712613,0
2025-06-22,France24,537,1,1056,4.694093005716416,0
2025-06-22,VH1,539,1,732,4.218461019541164,0
2025-06-22,MTV,514,8,1129,4.153981358748642,0
2025-06-23,News24,33,226,5080,10.846312979586688,1
2025-06-23,StarTV,39,250,5233,10.403734724684,1
2025-06-23,ZeeTV,29,258,5250,10.481889322972062,1
2025-06-23,SunTV,-7,248,5023,11.162025930988994,1
2025-06-23,ABPNews,17,233,5438,10.827428398870026,1
2025-06-23,NDTV,15,228,5082,11.432989561059795,1
2025-06-23,IndiaTV,4,229,5570,9.891875701636424,1
2025-06-23,CNNNews18,36,243,5175,10.687129572535081,1
2025-06-23,TimesNow,44,226,5245,10.68579111725191,1
2025-06-23,RepublicTV,30,229,5289,10.992473164274378,1
2025-06-23,TV9,16,229,5338,10.835218706865803,1
2025-06-23,Asianet,-11,254,5003,11.013623150555116,1
2025-06-23,Colors,34,247,5387,10.427310226564149,1
2025-06-23,SonyTV,41,238,5069,10.806913490526998,1
2025-06-23,StarPlus,12,248,5339,10.709128952151229,1
2025-06-23,ZeeCinema,24,243,5270,10.963393471698923,1
2025-06-23,StarMovies,10,222,5205,10.43671850923459,1
2025-06-23,HBO,10,249,5034,10.656811719636696,1
2025-06-23,Discovery,36,257,5062,10.394828709739167,1
2025-06-23,NationalGeographic,31,254,5285,10.16423114385764,1
2025-06-23,AnimalPlanet,38,243,4959,10.001973067418207,1
2025-06-23,HistoryTV18,-15,228,4861,10.447537134450982,1
2025-06-23,CartoonNetwork,39,245,5354,10.655539806684981,1
2025-06-23,Pogo,39,228,4855,10.846194630852729,1
2025-06-23,Nickelodeon,11,227,5460,10.626865332947167,1
2025-06-23,SonyMax,49,225,5371,11.155103003659136,1
2025-06-23,ZeeTelugu,42,243,5253,10.39030868290334,1
2025-06-23,ETV,26,227,4949,10.497942340219653,1
2025-06-23,GeminiTV,13,229,5335,10.867317621934522,1
2025-06-23,MaaTV,1,245,5043,10.600268895892992,1
2025-06-23,UdayaTV,42,211,5394,10.498719346430187,1
2025-06-23,SuryaTV,-9,255,5012,10.373269167813104,1
2025-06-23,KTV,-6,226,5205,9.84780346022687,1
2025-06-23,JayaTV,5,213,5533,11.387708480740415,1
2025-06-23,RajTV,9,233,5031,10.814151885603515,1
2025-06-23,KalaignarTV,52,239,5130,10.227125291931253,1
2025-06-23,DDNews,28,246,5068,9.843831866109822,1
2025-06-23,DDNational,26,232,5106,10.929448068201689,1
2025-06-23,DDSports,25,236,5243,10.925009831009861,1
2025-06-23,TenSports,-12,242,5047,10.947074528074825,1
2025-06-23,StarSports,28,223,5108,10.487362845924084,1
2025-06-23,SonySports,2,246,5086,10.771958531886694,1
2025-06-23,Eurosport,0,250,4861,10.351792218941334,1
2025-06-23,CNBC,8,217,5270,10.982302688805168,1
2025-06-23,BloombergTV,5,229,5319,9.985029800145883,1
2025-06-23,BBCWorld,49,237,5306,10.144217411632123,1
2025-06-23,AlJazeera,-4,228,4926,10.397426165877679,1
2025-06-23,France24,47,229,5484,10.740329277362259,1
2025-06-23,VH1,9,241,4866,10.815279889512789,1
2025-06-23,MTV,7,260,5399,10.122889658044725,1
2025-06-24,News24,473,1,775,4.1930748482029525,0
2025-06-24,StarTV,486,1,1027,3.9432694470642087,0
2025-06-24,ZeeTV,471,1,903,4.797881155820505,0
2025-06-24,SunTV,503,12,797,4.275776117145814,0
2025-06-24,ABPNews,455,1,754,3.3809703878498842,0
2025-06-24,NDTV,504,1,693,4.082462215603028,0
2025-06-24,IndiaTV,502,5,908,4.583396885476132,0
2025-06-24,CNNNews18,455,1,879,3.785488703755387,0
2025-06-24,TimesNow,485,1,890,4.822541386127874,0
2025-06-24,RepublicTV,487,1,664,4.601996079435038,0
2025-06-24,TV9,510,1,615,3.56165611449494,0
2025-06-24,Asianet,459,10,959,4.520049555148975,0
2025-06-24,Colors,483,1,840,3.891477862963649,0
2025-06-24,SonyTV,491,1,757,4.472041097955781,0
2025-06-24,StarPlus,468,1,911,4.985925326176519,0
2025-06-24,ZeeCinema,466,13,744,3.9321302430817573,0
2025-06-24,StarMovies,496,18,1045,3.840848764698867,0
2025-06-24,HBO,490,8,770,4.274704534239458,0
2025-06-24,Discovery,468,4,820,4.505580280189629,0
2025-06-24,NationalGeographic,492,7,695,4.643095905771749,0
2025-06-24,AnimalPlanet,473,1,791,3.654481966404294,0
2025-06-24,HistoryTV18,489,10,967,3.5247066969764083,0
2025-06-24,CartoonNetwork,513,1,795,3.857448363622247,0
2025-06-24,Pogo,494,8,1009,4.526857055499011,0
2025-06-24,Nickelodeon,468,1,696,4.087814668925933,0
2025-06-24,SonyMax,493,1,943,4.37389632144457,0
2025-06-24,ZeeTelugu,493,1,1104,3.848784060567308,0
2025-06-24,ETV,479,1,811,4.953839096138073,0
2025-06-24,GeminiTV,502,8,895,4.726726923951155,0
2025-06-24,MaaTV,493,14,608,4.625253238024031,0
2025-06-24,UdayaTV,478,1,947,4.578284673831968,0
2025-06-24,SuryaTV,481,1,928,4.187329524576266,0
2025-06-24,KTV,482,1,906,4.3501917857747054,0
2025-06-24,JayaTV,494,11,854,4.7995267111938595,0
2025-06-24,RajTV,453,5,1007,4.474829046053932,0
2025-06-24,KalaignarTV,460,7,788,4.051767311302018,0
2025-06-24,DDNews,458,1,768,4.035940382498465,0
2025-06-24,DDNational,482,19,816,4.609700838026622,0
2025-06-24,DDSports,479,9,760,4.037944236252572,0
2025-06-24,TenSports,508,1,575,4.640858109852276,0
2025-06-24,StarSports,466,7,840,4.459068494438317,0
2025-06-24,SonySports,461,1,729,4.447091764664783,0
2025-06-24,Eurosport,502,6,688,4.910414350464606,0
2025-06-24,CNBC,493,1,1099,4.635492854276464,0
2025-06-24,BloombergTV,456,6,702,4.096995252584257,0
2025-06-24,BBCWorld,499,4,664,5.055182535221874,0
2025-06-24,AlJazeera,480,1,730,3.933596903355578,0
2025-06-24,France24,515,13,764,4.6797271897959245,0
2025-06-24,VH1,474,1,571,4.7411551665963785,0
2025-06-24,MTV,511,1,948,4.516174122067373,0
2025-06-25,News24,-5,252,5297,11.353153747811726,1
2025-06-25,StarTV,27,236,5050,10.61324692522636,1
2025-06-25,ZeeTV,34,237,5272,10.045435035448474,1
2025-06-25,SunTV,4,249,5382,10.383475321756713,1
2025-06-25,ABPNews,19,234,4931,10.124927837940628,1
2025-06-25,NDTV,27,232,5186,9.678871411039893,1
2025-06-25,IndiaTV,13,238,4999,10.439686969574597,1
2025-06-25,CNNNews18,23,242,5278,10.493512900626765,1
2025-06-25,TimesNow,37,239,5355,10.00041194382012,1
2025-06-25,RepublicTV,15,233,5361,11.413507538673324,1
2025-06-25,TV9,-8,249,5270,11.089745864884975,1
2025-06-25,Asianet,40,226,5445,10.355857550803735,1
2025-06-25,Colors,53,234,4978,10.150387879740808,1
2025-06-25,SonyTV,18,244,5385,11.029710001175623,1
2025-06-25,StarPlus,43,225,5033,10.251843377416447,1
2025-06-25,ZeeCinema,20,247,5289,11.012321593357441,1
2025-06-25,StarMovies,16,236,5299,10.296937010231947,1
2025-06-25,HBO,41,221,5095,10.806723682048027,1
2025-06-25,Discovery,-8,228,5642,10.313091943555824,1
2025-06-25,NationalGeographic,12,228,4959,9.905056113519464,1
2025-06-25,AnimalPlanet,-5,228,5325,10.395795587682837,1
2025-06-25,HistoryTV18,30,233,5377,10.845862214172907,1
2025-06-25,CartoonNetwork,-10,268,5218,11.045638643960864,1
2025-06-25,Pogo,35,222,4992,10.213448458363038,1
2025-06-25,Nickelodeon,41,250,5185,10.210356549989521,1
2025-06-25,SonyMax,59,238,5079,10.256915722012351,1
2025-06-25,ZeeTelugu,18,241,5315,10.471827897862719,1
2025-06-25,ETV,3,251,4887,9.481340660762667,1
2025-06-25,GeminiTV,55,238,5041,10.959518937312,1
2025-06-25,MaaTV,27,245,5259,10.02211008591868,1
2025-06-25,UdayaTV,-11,259,5164,10.994974759702384,1
2025-06-25,SuryaTV,42,242,5242,9.749818591479725,1
2025-06-25,KTV,39,238,5525,10.38040523748213,1
2025-06-25,JayaTV,44,265,5106,10.249074674135343,1
2025-06-25,RajTV,21,232,4950,10.472514172100034,1
2025-06-25,KalaignarTV,2,247,5216,10.350979074914127,1
2025-06-25,DDNews,51,258,5344,10.79857226351158,1
2025-06-25,DDNational,59,221,5424,9.930947614481893,1
2025-06-25,DDSports,33,240,4806,10.846530998042544,1
2025-06-25,TenSports,10,242,4977,11.318722316524726,1
2025-06-25,StarSports,24,242,4974,11.087790106301668,1
2025-06-25,SonySports,39,227,5071,11.188731270472076,1
2025-06-25,Eurosport,5,223,5047,11.035938243496043,1
2025-06-25,CNBC,21,229,5434,9.858655116219937,1
2025-06-25,BloombergTV,-4,246,5248,10.33795387045753,1
2025-06-25,BBCWorld,32,248,5139,10.563843744800453,1
2025-06-25,AlJazeera,18,219,5370,10.631081837915685,1
2025-06-25,France24,-6,262,5228,11.145686303599629,1
2025-06-25,VH1,-9,242,5271,10.455320387738015,1
2025-06-25,MTV,7,234,5148,10.923895680447318,1
2025-06-26,News24,515,1,963,4.833238347836322,0
2025-06-26,StarTV,500,15,1042,4.689838086423163,0
2025-06-26,ZeeTV,530,1,1029,3.699917781398111,0
2025-06-26,SunTV,491,1,907,4.298867085356887,0
2025-06-26,ABPNews,516,1,837,4.2321425858281625,0
2025-06-26,NDTV,482,1,884,4.906774441954684,0
2025-06-26,IndiaTV,485,1,802,5.281422086730155,0
2025-06-26,CNNNews18,511,1,764,5.201796187018076,0
2025-06-26,TimesNow,499,10,845,4.262753071046818,0
2025-06-26,RepublicTV,506,3,913,4.078305874270457,0
2025-06-26,TV9,519,1,979,4.863510097035831,0
2025-06-26,Asianet,507,2,924,4.036822240992819,0
2025-06-26,Colors,519,1,846,5.045329578493838,0
2025-06-26,SonyTV,488,1,825,3.7171264677184297,0
2025-06-26,StarPlus,487,1,777,4.440677397316894,0
2025-06-26,ZeeCinema,520,9,841,3.880794369382109,0
2025-06-26,StarMovies,505,17,985,4.956316113402057,0
2025-06-26,HBO,495,1,749,3.827452814518303,0
2025-06-26,Discovery,489,2,1088,4.305857633873128,0
2025-06-26,NationalGeographic,502,1,1052,4.905505592850152,0
2025-06-26,AnimalPlanet,521,11,976,4.723581206199138,0
2025-06-26,HistoryTV18,484,1,859,5.213097497344008,0
2025-06-26,CartoonNetwork,479,1,968,4.689672324094871,0
2025-06-26,Pogo,532,1,871,4.445057511422889,0
2025-06-26,Nickelodeon,519,1,781,4.749980434451494,0
2025-06-26,SonyMax,487,1,847,4.354480494090387,0
2025-06-26,ZeeTelugu,491,1,1054,4.647504973691624,0
2025-06-26,ETV,496,13,867,4.7917658519132935,0
2025-06-26,GeminiTV,501,12,1096,4.211492383155135,0
2025-06-26,MaaTV,489,1,1037,4.641342120524544,0
2025-06-26,UdayaTV,493,1,721,4.786442207878867,0
2025-06-26,SuryaTV,534,1,637,4.370501263893703,0
2025-06-26,KTV,488,1,1118,4.400863700141693,0
2025-06-26,JayaTV,482,1,907,4.744151857613851,0
2025-06-26,RajTV,481,1,779,4.035303038820061,0
2025-06-26,KalaignarTV,496,1,856,4.791840882957285,0
2025-06-26,DDNews,480,1,685,4.686514286019383,0
2025-06-26,DDNational,474,1,876,4.001010926822973,0
2025-06-26,DDSports,522,1,889,3.9733770962355632,0
2025-06-26,TenSports,534,7,851,4.855918409850751,0
2025-06-26,StarSports,486,8,843,5.186687165648539,0
2025-06-26,SonySports,516,1,753,4.808539613873419,0
2025-06-26,Eurosport,502,2,703,4.836842991270196,0
2025-06-26,CNBC,482,1,1018,4.897680195497333,0
2025-06-26,BloombergTV,543,7,710,3.775863059781524,0
2025-06-26,BBCWorld,527,1,893,3.767218225210209,0
2025-06-26,AlJazeera,522,1,1106,4.608549020780617,0
2025-06-26,France24,481,15,975,4.322151286943523,0
2025-06-26,VH1,486,1,695,4.073244077650796,0
2025-06-26,MTV,504,1,805,4.526152376426607,0
2025-06-27,News24,18,238,5588,10.064698234752958,1
2025-06-27,StarTV,7,257,5089,10.089698040091628,1
2025-06-27,ZeeTV,33,248,5389,11.0821094099862,1
2025-06-27,SunTV,18,243,5713,10.606396293063051,1
2025-06-27,ABPNews,7,224,5215,10.40596682135036,1
2025-06-27,NDTV,25,258,5260,10.298957292223852,1
2025-06-27,IndiaTV,-2,257,5600,11.362460872354646,1
2025-06-27,CNNNews18,10,255,5257,10.62117802398954,1
2025-06-27,TimesNow,36,245,5447,10.495302992774286,1
2025-06-27,RepublicTV,31,248,5485,10.599867007106976,1
2025-06-27,TV9,50,244,5346,10.443993006483598,1
2025-06-27,Asianet,29,237,5199,10.513833797872593,1
2025-06-27,Colors,41,239,5554,9.812088002967176,1
2025-06-27,SonyTV,41,239,5261,10.908624165386044,1
2025-06-27,StarPlus,15,248,5328,10.391296335577788,1
2025-06-27,ZeeCinema,29,245,5337,9.668683297894564,1
2025-06-27,StarMovies,24,238,5108,10.766301065593968,1
2025-06-27,HBO,-13,224,5544,9.904687726520999,1
2025-06-27,Discovery,20,264,5182,11.195875318878564,1
2025-06-27,NationalGeographic,32,243,5406,10.175206130061156,1
2025-06-27,AnimalPlanet,7,267,5326,10.045091177323245,1
2025-06-27,HistoryTV18,-15,245,4924,10.732807208409698,1
2025-06-27,CartoonNetwork,18,250,4938,10.12970626670587,1
2025-06-27,Pogo,12,225,5395,10.147998945344678,1
2025-06-27,Nickelodeon,-7,231,5394,10.508269578627218,1
2025-06-27,SonyMax,23,259,5060,11.121185231778274,1
2025-06-27,ZeeTelugu,37,252,5434,10.723082322847896,1
2025-06-27,ETV,17,244,5000,11.170497694391138,1
2025-06-27,GeminiTV,-21,254,4962,10.916009537941004,1
2025-06-27,MaaTV,14,238,5331,9.918259453579644,1
2025-06-27,UdayaTV,-1,234,5135,10.999154225188319,1
2025-06-27,SuryaTV,54,246,5433,10.557749624367393,1
2025-06-27,KTV,30,244,5515,10.741533718849636,1
2025-06-27,JayaTV,41,251,5339,9.77702963756673,1
2025-06-27,RajTV,20,225,5354,10.846895501796386,1
2025-06-27,KalaignarTV,-4,265,5614,10.498498254774365,1
2025-06-27,DDNews,28,236,5479,10.649429389187764,1
2025-06-27,DDNational,28,260,5629,9.921169015234515,1
2025-06-27,DDSports,43,238,5067,10.286000207014212,1
2025-06-27,TenSports,47,265,5527,10.881726700731976,1
2025-06-27,StarSports,42,246,5431,10.094860813579848,1
2025-06-27,SonySports,-3,243,5270,10.673966900748447,1
2025-06-27,Eurosport,-14,258,5168,11.143362969462013,1
2025-06-27,CNBC,19,231,5422,11.351441332495986,1
2025-06-27,BloombergTV,45,258,5477,10.767732061006205,1
2025-06-27,BBCWorld,-6,234,5075,11.094706661232488,1
2025-06-27,AlJazeera,34,232,5321,10.505254099295376,1
2025-06-27,France24,34,254,5276,10.587337947093168,1
2025-06-27,VH1,1,264,5506,10.215998476090505,1
2025-06-27,MTV,44,225,5206,11.129720486973307,1
2025-06-28,News24,485,2,893,3.512148842152364,0
2025-06-28,StarTV,449,8,1061,4.614569186443152,0
2025-06-28,ZeeTV,458,19,738,3.9831163067469975,0
2025-06-28,SunTV,463,4,550,4.702564069346184,0
2025-06-28,ABPNews,463,1,773,3.736767617715407,0
2025-06-28,NDTV,500,13,1072,4.034858802488423,0
2025-06-28,IndiaTV,466,1,939,4.479020769731653,0
2025-06-28,CNNNews18,467,1,913,4.228595961090667,0
2025-06-28,TimesNow,452,11,846,3.8585670123877707,0
2025-06-28,RepublicTV,472,4,699,4.441806496678975,0
2025-06-28,TV9,465,7,814,3.3579475956001543,0
2025-06-28,Asianet,460,6,807,4.219668692464433,0
2025-06-28,Colors,477,7,959,4.646473388354167,0
2025-06-28,SonyTV,478,21,990,3.9835172059542088,0
2025-06-28,StarPlus,440,1,807,4.330074718434827,0
2025-06-28,ZeeCinema,503,1,723,4.430787991772203,0
2025-06-28,StarMovies,454,5,644,4.0443890317027655,0
2025-06-28,HBO,466,12,894,4.422632296298914,0
2025-06-28,Discovery,465,17,570,4.162352599782798,0
2025-06-28,NationalGeographic,507,1,745,3.8890867595308225,0
2025-06-28,AnimalPlanet,479,1,775,4.095703433502621,0
2025-06-28,HistoryTV18,439,6,621,3.657107573823655,0
2025-06-28,CartoonNetwork,497,8,639,3.97353476222139,0
2025-06-28,Pogo,460,1,815,4.402156201842356,0
2025-06-28,Nickelodeon,507,1,1025,4.0816776310109,0
2025-06-28,SonyMax,500,11,1007,3.4993328868361915,0
2025-06-28,ZeeTelugu,455,2,824,4.21326903724834,0
2025-06-28,ETV,491,1,801,3.59801151448488,0
2025-06-28,GeminiTV,483,4,1069,3.634249372734706,0
2025-06-28,MaaTV,499,1,959,4.5201193122031045,0
2025-06-28,UdayaTV,451,1,657,3.667175099337804,0
2025-06-28,SuryaTV,484,6,660,4.621213994779145,0
2025-06-28,KTV,454,3,812,4.572070585314023,0
2025-06-28,JayaTV,455,4,729,3.9992004878315615,0
2025-06-28,RajTV,465,15,778,3.6318650251364852,0
2025-06-28,KalaignarTV,457,1,657,3.3122136506323425,0
2025-06-28,DDNews,464,1,538,4.033922787813662,0
2025-06-28,DDNational,454,1,724,3.821472881907288,0
2025-06-28,DDSports,502,1,802,3.6051798918385325,0
2025-06-28,TenSports,452,22,759,4.762154198803288,0
2025-06-28,StarSports,443,1,801,3.9331390768354373,0
2025-06-28,SonySports,459,13,515,3.616193721503087,0
2025-06-28,Eurosport,462,1,583,4.008136754921249,0
2025-06-28,CNBC,452,3,999,4.349897029548324,0
2025-06-28,BloombergTV,444,9,538,4.681874235486675,0
2025-06-28,BBCWorld,469,3,763,3.299526828448623,0
2025-06-28,AlJazeera,494,1,823,4.3460172403830555,0
2025-06-28,France24,466,10,619,4.571064142952796,0
2025-06-28,VH1,478,1,691,4.572347599375773,0
2025-06-28,MTV,439,1,828,4.8611964303942985,0
2025-06-29,News24,57,263,5306,9.93812442814784,1
2025-06-29,StarTV,64,237,5502,9.947525051954463,1
2025-06-29,ZeeTV,54,249,5362,10.902759045378001,1
2025-06-29,SunTV,20,234,5228,10.755502589872503,1
2025-06-29,ABPNews,-2,220,5368,9.614672236402619,1
2025-06-29,NDTV,6,244,5311,10.550217070032893,1
2025-06-29,IndiaTV,37,243,5441,11.07930470081716,1
2025-06-29,CNNNews18,23,218,4768,10.266698260341212,1
2025-06-29,TimesNow,41,253,5271,10.014763164179046,1
2025-06-29,RepublicTV,26,241,5167,9.426300903101504,1
2025-06-29,TV9,0,255,5054,10.468583399357108,1
2025-06-29,Asianet,-1,224,4994,9.878635377344462,1
2025-06-29,Colors,20,255,5130,10.258562287734515,1
2025-06-29,SonyTV,32,252,5374,10.866676998939372,1
2025-06-29,StarPlus,48,253,5416,10.58970873239141,1
2025-06-29,ZeeCinema,36,233,5236,10.981979727621969,1
2025-06-29,StarMovies,14,236,5392,9.961581481128768,1
2025-06-29,HBO,45,209,5291,9.272043437600107,1
2025-06-29,Discovery,6,235,5149,10.412345704979911,1
2025-06-29,NationalGeographic,10,237,5372,10.699556245309623,1
2025-06-29,AnimalPlanet,37,257,5281,11.165843388368177,1
2025-06-29,HistoryTV18,25,244,5245,10.02614948334102,1
2025-06-29,CartoonNetwork,21,228,5043,10.667077624334349,1
2025-06-29,Pogo,37,238,5336,10.219346690506356,1
2025-06-29,Nickelodeon,23,219,4935,10.652215323776387,1
2025-06-29,SonyMax,34,251,5396,10.61525472811325,1
2025-06-29,ZeeTelugu,34,232,5020,9.98496000639679,1
2025-06-29,ETV,30,233,5091,9.9790781565612,1
2025-06-29,GeminiTV,53,240,5297,9.708397839105567,1
2025-06-29,MaaTV,29,228,5285,9.952778934323659,1
2025-06-29,UdayaTV,36,256,5463,10.826627484437457,1
2025-06-29,SuryaTV,31,223,5171,9.402917112613121,1
2025-06-29,KTV,37,249,4934,10.15551249596823,1
2025-06-29,JayaTV,53,228,5397,9.842614436013058,1
2025-06-29,RajTV,53,253,5085,10.852498857225676,1
2025-06-29,KalaignarTV,39,236,4959,10.616677644515292,1
2025-06-29,DDNews,21,225,5118,10.357428026361186,1
2025-06-29,DDNational,50,211,4881,9.651052700812475,1
2025-06-29,DDSports,61,250,5307,10.138422771869463,1
2025-06-29,TenSports,16,241,5105,10.709633454359452,1
2025-06-29,StarSports,49,249,4931,9.438216416594589,1
2025-06-29,SonySports,56,229,5078,10.531873793616104,1
2025-06-29,Eurosport,32,232,5438,10.541739020395168,1
2025-06-29,CNBC,50,223,5060,10.841663692693587,1
2025-06-29,BloombergTV,46,248,5196,10.736414486663351,1
2025-06-29,BBCWorld,7,227,5214,9.89319110012804,1
2025-06-29,AlJazeera,45,226,5270,9.892011727036682,1
2025-06-29,France24,26,262,4898,9.561745720225302,1
2025-06-29,VH1,40,231,4980,9.637420624536853,1
2025-06-29,MTV,50,222,4959,10.761933848283093,1
2025-06-30,News24,508,1,718,3.952630515868685,0
2025-06-30,StarTV,499,1,803,4.042647544449207,0
2025-06-30,ZeeTV,518,1,876,4.183783479518325,0
2025-06-30,SunTV,493,1,693,5.017317164904595,0
2025-06-30,ABPNews,513,1,776,3.81800548174033,0
2025-06-30,NDTV,471,1,864,3.989852288523315,0
2025-06-30,IndiaTV,471,1,857,4.712748308985688,0
2025-06-30,CNNNews18,485,1,1112,3.94585358959878,0
2025-06-30,TimesNow,494,9,716,4.115624187144409,0
2025-06-30,RepublicTV,481,3,775,4.7218511264217105,0
2025-06-30,TV9,503,1,713,4.220124185652094,0
2025-06-30,Asianet,485,1,771,4.0448105458279215,0
2025-06-30,Colors,520,2,722,4.590781496879612,0
2025-06-30,SonyTV,483,1,589,4.779251461713263,0
2025-06-30,StarPlus,505,10,894,4.764570696842744,0
2025-06-30,ZeeCinema,487,1,1069,3.9241325981294075,0
2025-06-30,StarMovies,524,12,702,4.392782446404558,0
2025-06-30,HBO,521,13,711,4.432879163300645,0
2025-06-30,Discovery,475,1,898,5.1796778906863485,0
2025-06-30,NationalGeographic,463,2,664,4.2296201123427615,0
2025-06-30,AnimalPlanet,470,10,662,3.9873686319288293,0
2025-06-30,HistoryTV18,489,1,976,4.397181631015732,0
2025-06-30,CartoonNetwork,494,4,922,3.6491534948086413,0
2025-06-30,Pogo,469,7,660,3.987485658035171,0
2025-06-30,Nickelodeon,505,4,688,4.166215535953478,0
2025-06-30,SonyMax,518,5,868,3.6879044595590957,0
2025-06-30,ZeeTelugu,487,13,1051,4.515334472745038,0
2025-06-30,ETV,513,1,811,5.157958645473134,0
2025-06-30,GeminiTV,519,1,673,4.488084272094403,0
2025-06-30,MaaTV,503,1,727,4.570950251487106,0
2025-06-30,UdayaTV,496,1,854,4.497511027286622,0
2025-06-30,SuryaTV,464,1,831,4.253408828665236,0
2025-06-30,KTV,509,1,916,4.418927536041344,0
2025-06-30,JayaTV,508,1,962,4.228951391827068,0
2025-06-30,RajTV,502,8,979,4.874216375432311,0
2025-06-30,KalaignarTV,522,1,773,3.9873372702902055,0
2025-06-30,DDNews,521,20,660,4.203039475632068,0
2025-06-30,DDNational,465,1,671,4.716934826276594,0
2025-06-30,DDSports,527,4,665,4.830039579109579,0
2025-06-30,TenSports,506,1,803,3.5415506516908577,0
2025-06-30,StarSports,497,1,976,4.795242819561427,0
2025-06-30,SonySports,463,1,907,4.133255186986543,0
2025-06-30,Eurosport,499,2,782,4.273743767248675,0
2025-06-30,CNBC,482,16,864,5.064744959097904,0
2025-06-30,BloombergTV,510,1,823,3.895884893448373,0
2025-06-30,BBCWorld,500,1,989,3.771075740220529,0
2025-06-30,AlJazeera,511,1,827,4.23243265040189,0
2025-06-30,France24,479,6,783,4.811296022005887,0
2025-06-30,VH1,493,12,916,4.765712717877193,0
2025-06-30,MTV,487,9,1065,3.8502197799969116,0
2025-07-01,News24,519,1,835,4.076004765838777,0
2025-07-01,StarTV,522,10,794,4.196211952871443,0
2025-07-01,ZeeTV,568,1,1023,4.635050777012906,0
2025-07-01,SunTV,530,10,1042,4.252029242676348,0
2025-07-01,ABPNews,541,17,956,4.576337371602337,0
2025-07-01,NDTV,502,1,873,5.184489660784345,0
2025-07-01,IndiaTV,544,3,801,4.798666666109634,0
2025-07-01,CNNNews18,554,11,816,4.111443446474343,0
2025-07-01,TimesNow,558,1,911,3.655233388162182,0
2025-07-01,RepublicTV,522,10,843,4.2935365701584605,0
2025-07-01,TV9,559,8,858,5.1812003381336,0
2025-07-01,Asianet,553,1,1006,4.213008167965026,0
2025-07-01,Colors,512,1,785,5.253035602827362,0
2025-07-01,SonyTV,514,14,866,4.715770438588917,0
2025-07-01,StarPlus,528,7,931,4.942746497015442,0
2025-07-01,ZeeCinema,555,1,803,5.052895195456629,0
2025-07-01,StarMovies,536,3,946,4.262623214646978,0
2025-07-01,HBO,539,5,917,3.9568667862605045,0
2025-07-01,Discovery,524,1,844,4.710158802704022,0
2025-07-01,NationalGeographic,511,1,714,5.442712647157216,0
2025-07-01,AnimalPlanet,566,1,785,4.6447371575950624,0
2025-07-01,HistoryTV18,542,12,856,5.206622899791785,0
2025-07-01,CartoonNetwork,526,6,953,4.020138794043926,0
2025-07-01,Pogo,557,10,1125,4.754052317366347,0
2025-07-01,Nickelodeon,541,9,969,5.191749596971454,0
2025-07-01,SonyMax,534,1,634,4.354936023694027,0
2025-07-01,ZeeTelugu,530,1,752,3.946653987779372,0
2025-07-01,ETV,536,1,781,4.966346728743628,0
2025-07-01,GeminiTV,508,1,858,4.402470914241874,0
2025-07-01,MaaTV,544,1,920,4.148150108655759,0
2025-07-01,UdayaTV,521,12,633,4.3322151878321815,0
2025-07-01,SuryaTV,506,3,798,3.863023263374751,0
2025-07-01,KTV,504,1,761,5.338404770306684,0
2025-07-01,JayaTV,555,1,867,4.182049036776727,0
2025-07-01,RajTV,556,1,855,4.613880361824431,0
2025-07-01,KalaignarTV,534,1,1003,4.150002059178576,0
2025-07-01,DDNews,505,1,970,4.987125871075662,0
2025-07-01,DDNational,524,1,927,4.910341952285376,0
2025-07-01,DDSports,524,1,818,4.460136327004633,0
2025-07-01,TenSports,534,10,766,3.9887790376866774,0
2025-07-01,StarSports,508,1,1138,4.409703472673082,0
2025-07-01,SonySports,555,1,773,4.7712415852581085,0
2025-07-01,Eurosport,500,4,911,3.9419860360679646,0
2025-07-01,CNBC,535,1,674,3.921910452767452,0
2025-07-01,BloombergTV,569,3,1097,4.721454619623603,0
2025-07-01,BBCWorld,539,1,873,4.6589903930435055,0
2025-07-01,AlJazeera,520,3,962,4.213454963644861,0
2025-07-01,France24,513,1,897,4.993517145407077,0
2025-07-01,VH1,558,1,1089,4.276233365084918,0
2025-07-01,MTV,507,5,687,4.9502022550722105,0
2025-07-02,News24,-8,202,4446,9.892008630333592,1
2025-07-02,StarTV,-5,210,4450,10.111750694119573,1
2025-07-02,ZeeTV,35,219,4535,9.140649621111335,1
2025-07-02,SunTV,31,201,4090,10.772109127417664,1
2025-07-02,ABPNews,23,208,4285,9.18850755540025,1
2025-07-02,NDTV,-11,211,4495,9.615837449374993,1
2025-07-02,IndiaTV,41,196,4170,9.056373768114751,1
2025-07-02,CNNNews18,12,224,4060,9.39669212986403,1
2025-07-02,TimesNow,20,199,4473,10.473642615181586,1
2025-07-02,RepublicTV,15,223,4466,9.956185710122101,1
2025-07-02,TV9,49,222,4578,10.620147306949045,1
2025-07-02,Asianet,25,212,4347,10.248559675330974,1
2025-07-02,Colors,2,199,4517,9.476165173161046,1
2025-07-02,SonyTV,18,198,4565,9.912491051310816,1
2025-07-02,StarPlus,28,207,4534,10.156619922334434,1
2025-07-02,ZeeCinema,61,197,4409,9.564113094459081,1
2025-07-02,StarMovies,24,197,4404,9.530714400410938,1
2025-07-02,HBO,49,219,4712,9.983053032472842,1
2025-07-02,Discovery,50,205,4479,10.141941514649686,1
2025-07-02,NationalGeographic,45,188,4385,10.400252212802416,1
2025-07-02,AnimalPlanet,24,231,4632,9.829799142385648,1
2025-07-02,HistoryTV18,40,210,4483,9.968153281079701,1
2025-07-02,CartoonNetwork,56,214,4771,9.293079249403753,1
2025-07-02,Pogo,4,235,4296,9.730797036566237,1
2025-07-02,Nickelodeon,-4,200,4073,9.613354642407796,1
2025-07-02,SonyMax,46,209,4460,9.822144039263884,1
2025-07-02,ZeeTelugu,51,229,4402,10.01712114597057,1
2025-07-02,ETV,21,228,4137,10.138235185158464,1
2025-07-02,GeminiTV,37,208,4413,9.897824512814918,1
2025-07-02,MaaTV,62,212,4316,9.965130606688803,1
2025-07-02,UdayaTV,69,234,4414,9.81614925805593,1
2025-07-02,SuryaTV,29,189,4082,10.107369469031914,1
2025-07-02,KTV,10,212,4233,9.665590042078891,1
2025-07-02,JayaTV,9,196,4508,10.181215109551928,1
2025-07-02,RajTV,42,218,4360,10.154174565853065,1
2025-07-02,KalaignarTV,26,207,4370,9.973501460106597,1
2025-07-02,DDNews,54,214,4471,10.057434515977866,1
2025-07-02,DDNational,17,196,4780,9.890757696345203,1
2025-07-02,DDSports,3,226,4462,10.366433226472868,1
2025-07-02,TenSports,27,192,4485,10.599510272311461,1
2025-07-02,StarSports,6,219,4242,9.760975896042076,1
2025-07-02,SonySports,58,199,4342,10.597535825232516,1
2025-07-02,Eurosport,35,219,4611,10.65906822022206,1
2025-07-02,CNBC,56,234,4571,9.746161900941969,1
2025-07-02,BloombergTV,17,217,4510,10.047398213096512,1
2025-07-02,BBCWorld,32,224,4209,9.80623228652567,1
2025-07-02,AlJazeera,43,217,4248,9.717069386262217,1
2025-07-02,France24,-7,198,4551,9.524258148497145,1
2025-07-02,VH1,51,207,4705,10.239439768884772,1
2025-07-02,MTV,34,194,4512,9.350291871057046,1
2025-07-03,News24,455,1,767,3.910686719696708,0
2025-07-03,StarTV,463,1,736,4.936971793054593,0
2025-07-03,ZeeTV,492,1,820,4.132524944409311,0
2025-07-03,SunTV,488,4,852,4.078700130008259,0
2025-07-03,ABPNews,466,1,656,4.636565777722874,0
2025-07-03,NDTV,456,2,694,4.69516976019511,0
2025-07-03,IndiaTV,501,1,937,4.5890522510468275,0
2025-07-03,CNNNews18,500,4,843,4.185642294486299,0
2025-07-03,TimesNow,490,5,726,4.08032381303486,0
2025-07-03,RepublicTV,499,5,1099,3.916828355920459,0
2025-07-03,TV9,507,1,1000,3.6202496250937433,0
2025-07-03,Asianet,495,1,669,4.109113766961984,0
2025-07-03,Colors,462,1,802,3.9998228550916464,0
2025-07-03,SonyTV,463,2,745,4.346357872621469,0
2025-07-03,StarPlus,502,14,860,4.339238724416379,0
2025-07-03,ZeeCinema,508,15,732,4.253325725375188,0
2025-07-03,StarMovies,459,3,630,3.6199590866125084,0
2025-07-03,HBO,494,1,880,4.5084959245691,0
2025-07-03,Discovery,478,1,590,3.429397414526163,0
2025-07-03,NationalGeographic,486,1,922,4.1919950331514695,0
2025-07-03,AnimalPlanet,487,1,920,3.913675193532595,0
2025-07-03,HistoryTV18,476,9,855,3.7563933789103947,0
2025-07-03,CartoonNetwork,492,1,658,3.7094663345435976,0
2025-07-03,Pogo,494,1,1081,4.21010640428627,0
2025-07-03,Nickelodeon,483,11,689,3.581803491183513,0
2025-07-03,SonyMax,451,1,740,3.9979404285191893,0
2025-07-03,ZeeTelugu,482,1,1014,4.351874420414703,0
2025-07-03,ETV,473,12,775,4.822525509804764,0
2025-07-03,GeminiTV,473,1,919,3.7446885085533075,0
2025-07-03,MaaTV,509,3,1042,4.613687632306938,0
2025-07-03,UdayaTV,447,1,973,3.9168910859527717,0
2025-07-03,SuryaTV,476,21,669,4.505734793300587,0
2025-07-03,KTV,490,16,701,4.586970928850139,0
2025-07-03,JayaTV,475,1,675,4.065133449385358,0
2025-07-03,RajTV,488,1,684,4.671615544770965,0
2025-07-03,KalaignarTV,470,1,722,3.9928429648243333,0
2025-07-03,DDNews,519,8,959,4.014783787104523,0
2025-07-03,DDNational,490,1,841,4.268642322613966,0
2025-07-03,DDSports,468,1,758,4.551196139930376,0
2025-07-03,TenSports,501,1,926,3.6910801728647895,0
2025-07-03,StarSports,461,1,784,4.831911115721728,0
2025-07-03,SonySports,503,1,680,3.7873835752387213,0
2025-07-03,Eurosport,483,20,766,4.826851793473962,0
2025-07-03,CNBC,464,7,873,4.729581082591958,0
2025-07-03,BloombergTV,468,1,810,3.5558465100445447,0
2025-07-03,BBCWorld,507,1,798,3.9766672061950366,0
2025-07-03,AlJazeera,483,1,1075,4.974981180858532,0
2025-07-03,France24,464,19,655,4.028750692901193,0
2025-07-03,VH1,499,1,810,3.3785603419056187,0
2025-07-03,MTV,462,1,705,3.938900031453177,0
2025-07-04,News24,60,223,4698,10.912893535939745,1
2025-07-04,StarTV,36,213,4668,9.71014451219076,1
2025-07-04,ZeeTV,35,217,4607,9.87837136318058,1
2025-07-04,SunTV,8,228,4617,10.102424280783373,1
2025-07-04,ABPNews,22,230,4952,10.373587934569988,1
2025-07-04,NDTV,50,198,4379,10.714496549154648,1
2025-07-04,IndiaTV,33,207,4493,10.15415722977629,1
2025-07-04,CNNNews18,-3,200,4884,9.914072833066825,1
2025-07-04,TimesNow,24,216,4699,10.77567724263004,1
2025-07-04,RepublicTV,0,223,4435,10.494651219028746,1
2025-07-04,TV9,50,233,4647,9.986567444526345,1
2025-07-04,Asianet,52,212,4613,10.652742472757353,1
2025-07-04,Colors,41,197,4468,10.14495091278451,1
2025-07-04,SonyTV,-5,204,4857,9.965813628559767,1
2025-07-04,StarPlus,39,226,4384,9.815042283499805,1
2025-07-04,ZeeCinema,14,221,4517,9.992105783036958,1
2025-07-04,StarMovies,22,203,4713,10.074253379344615,1
2025-07-04,HBO,14,211,4363,9.717048664802283,1
2025-07-04,Discovery,1,218,4652,10.309135845000315,1
2025-07-04,NationalGeographic,12,213,4764,10.2713639669252,1
2025-07-04,AnimalPlanet,27,204,4664,10.081033139917333,1
2025-07-04,HistoryTV18,7,239,4478,9.887951343864923,1
2025-07-04,CartoonNetwork,34,220,4666,10.355372877400582,1
2025-07-04,Pogo,40,205,4481,10.325867783159886,1
2025-07-04,Nickelodeon,-1,202,4289,10.031854534235599,1
2025-07-04,SonyMax,27,210,4461,10.149295930857415,1
2025-07-04,ZeeTelugu,48,205,4284,10.490837460689722,1
2025-07-04,ETV,4,211,4412,10.151709935453171,1
2025-07-04,GeminiTV,20,224,4396,9.320098763705214,1
2025-07-04,MaaTV,29,223,4787,9.387774906410458,1
2025-07-04,UdayaTV,19,200,4570,10.794136051221436,1
2025-07-04,SuryaTV,51,199,4641,10.263743454634293,1
2025-07-04,KTV,15,213,4580,10.545469567917564,1
2025-07-04,JayaTV,3,204,4725,10.19454391522363,1
2025-07-04,RajTV,47,227,4394,10.458003685686696,1
2025-07-04,KalaignarTV,39,204,4784,9.470638347399337,1
2025-07-04,DDNews,3,218,4444,10.070079033397224,1
2025-07-04,DDNational,38,223,4730,10.370170134545804,1
2025-07-04,DDSports,14,193,4614,9.375329358273047,1
2025-07-04,TenSports,14,193,4595,9.230562708779292,1
2025-07-04,StarSports,19,216,4608,9.255601159595692,1
2025-07-04,SonySports,41,202,4515,10.571606086085648,1
2025-07-04,Eurosport,30,224,4508,10.310790564930212,1
2025-07-04,CNBC,43,230,4733,9.820326336674132,1
2025-07-04,BloombergTV,22,215,4484,9.819691138781405,1
2025-07-04,BBCWorld,42,216,4347,10.276148856024832,1
2025-07-04,AlJazeera,33,203,4696,10.45870008451997,1
2025-07-04,France24,15,195,4404,10.167474417942813,1
2025-07-04,VH1,40,213,4765,9.811149223307522,1
2025-07-04,MTV,47,219,4505,9.851282806455991,1
2025-07-05,News24,497,1,699,4.223236901812043,0
2025-07-05,StarTV,550,1,925,5.267480695422828,0
2025-07-05,ZeeTV,520,3,858,4.693885989321902,0
2025-07-05,SunTV,542,5,880,5.617278661173132,0
2025-07-05,ABPNews,555,5,904,5.0135476779389005,0
2025-07-05,NDTV,497,1,1034,4.718592088997434,0
2025-07-05,IndiaTV,509,5,914,4.527833410639158,0
2025-07-05,CNNNews18,533,1,855,4.518117542399599,0
2025-07-05,TimesNow,545,1,823,4.178369127785755,0
2025-07-05,RepublicTV,546,1,1039,5.424673426220762,0
2025-07-05,TV9,493,1,781,4.371702393594644,0
2025-07-05,Asianet,494,5,1010,4.603275014858432,0
2025-07-05,Colors,543,1,833,5.279969141139707,0
2025-07-05,SonyTV,499,1,859,5.120245461131533,0
2025-07-05,StarPlus,556,1,1035,4.414283990442557,0
2025-07-05,ZeeCinema,548,1,696,4.760659860555862,0
2025-07-05,StarMovies,531,1,887,5.497365495989921,0
2025-07-05,HBO,551,1,957,4.78699640558029,0
2025-07-05,Discovery,522,1,1046,4.380541588665226,0
2025-07-05,NationalGeographic,542,1,721,4.9108855239336675,0
2025-07-05,AnimalPlanet,506,15,930,4.243907902544063,0
2025-07-05,HistoryTV18,520,1,1016,5.228217010237652,0
2025-07-05,CartoonNetwork,523,1,855,3.9063059132763427,0
2025-07-05,Pogo,542,1,732,4.7834165264233315,0
2025-07-05,Nickelodeon,525,1,971,4.383277635855628,0
2025-07-05,SonyMax,508,5,1187,5.3350587384738795,0
2025-07-05,ZeeTelugu,523,3,950,4.783253226560596,0
2025-07-05,ETV,492,1,968,4.846930006589472,0
2025-07-05,GeminiTV,543,15,944,5.167899813907166,0
2025-07-05,MaaTV,516,12,1012,4.961410426281122,0
2025-07-05,UdayaTV,545,1,1002,5.405046246616247,0
2025-07-05,SuryaTV,512,1,798,4.598000869582558,0
2025-07-05,KTV,515,3,969,4.134851949264374,0
2025-07-05,JayaTV,531,1,767,4.707805464779328,0
2025-07-05,RajTV,502,1,1023,4.485934033708633,0
2025-07-05,KalaignarTV,491,8,811,5.024837996106015,0
2025-07-05,DDNews,500,1,751,5.254854055314272,0
2025-07-05,DDNational,533,1,891,3.990196338737805,0
2025-07-05,DDSports,515,1,1117,5.1779721306438775,0
2025-07-05,TenSports,536,2,1049,4.159073934625355,0
2025-07-05,StarSports,509,1,1027,4.354270631453617,0
2025-07-05,SonySports,507,1,996,4.851995294579761,0
2025-07-05,Eurosport,511,1,935,5.053923654368212,0
2025-07-05,CNBC,533,1,854,5.240553549415594,0
2025-07-05,BloombergTV,546,1,918,5.330316699558,0
2025-07-05,BBCWorld,535,1,691,4.434718351716979,0
2025-07-05,AlJazeera,521,1,1094,5.1434139461252375,0
2025-07-05,France24,514,1,936,4.977380802416346,0
2025-07-05,VH1,523,1,917,4.5246093700166305,0
2025-07-05,MTV,507,3,922,5.17615854397441,0
2025-07-06,News24,52,211,4667,9.87419153438124,1
2025-07-06,StarTV,55,222,4297,9.054171610389691,1
2025-07-06,ZeeTV,54,200,4472,10.048306661045334,1
2025-07-06,SunTV,25,219,4852,9.954541658646368,1
2025-07-06,ABPNews,60,217,4262,9.594791050200369,1
2025-07-06,NDTV,44,227,4400,9.766227031469622,1
2025-07-06,IndiaTV,24,206,4580,10.310854741529175,1
2025-07-06,CNNNews18,23,199,4758,9.705860502798815,1
2025-07-06,TimesNow,11,206,4606,9.902521831455244,1
2025-07-06,RepublicTV,50,211,4412,9.91932996460364,1
2025-07-06,TV9,25,215,4338,10.172802156812056,1
2025-07-06,Asianet,55,216,4252,10.369205612924127,1
2025-07-06,Colors,36,239,4481,9.441271198708783,1
2025-07-06,SonyTV,17,207,4398,9.874949973639986,1
2025-07-06,StarPlus,21,211,4352,9.570108757010043,1
2025-07-06,ZeeCinema,42,209,4502,10.428451316781134,1
2025-07-06,StarMovies,65,200,4368,10.080998009801272,1
2025-07-06,HBO,32,226,4265,9.642240417560892,1
2025-07-06,Discovery,8,217,4841,9.81620192903494,1
2025-07-06,NationalGeographic,32,224,4582,9.41288222328074,1
2025-07-06,AnimalPlanet,3,216,4330,9.661514466627326,1
2025-07-06,HistoryTV18,-7,195,4264,9.575602631317821,1
2025-07-06,CartoonNetwork,28,185,4443,9.26198146272367,1
2025-07-06,Pogo,48,221,4472,9.921225480021452,1
2025-07-06,Nickelodeon,58,211,4904,9.983714258889993,1
2025-07-06,SonyMax,38,222,4581,9.886632466258808,1
2025-07-06,ZeeTelugu,46,204,4652,10.056028926864007,1
2025-07-06,ETV,3,204,4425,9.558849348087751,1
2025-07-06,GeminiTV,0,220,4720,8.816654341692674,1
2025-07-06,MaaTV,43,200,4603,10.721305910526109,1
2025-07-06,UdayaTV,24,211,4762,9.930678754878803,1
2025-07-06,SuryaTV,41,214,4240,10.688111501494303,1
2025-07-06,KTV,50,198,4796,9.330598300730896,1
2025-07-06,JayaTV,16,200,4738,9.84847068420614,1
2025-07-06,RajTV,1,192,4420,9.134528925183137,1
2025-07-06,KalaignarTV,7,212,4227,9.51043774497,1
2025-07-06,DDNews,27,210,4511,9.482855914664,1
2025-07-06,DDNational,8,184,4533,9.062341305340144,1
2025-07-06,DDSports,37,239,4294,10.310287188969939,1
2025-07-06,TenSports,12,202,4596,10.292257164157283,1
2025-07-06,StarSports,9,239,4244,8.841783323902392,1
2025-07-06,SonySports,63,229,4604,9.893202370587534,1
2025-07-06,Eurosport,66,202,4230,9.798165588307658,1
2025-07-06,CNBC,43,233,4422,9.068051677164467,1
2025-07-06,BloombergTV,19,213,4647,9.85239131469761,1
2025-07-06,BBCWorld,48,211,4248,10.139700596797558,1
2025-07-06,AlJazeera,14,220,4659,9.50166495405977,1
2025-07-06,France24,32,204,4623,10.599406446702275,1
2025-07-06,VH1,28,235,4307,10.129318792980776,1
2025-07-06,MTV,47,213,4628,9.114162842961022,1
2025-07-07,News24,488,10,672,4.088035548284951,0
2025-07-07,StarTV,519,18,694,4.048649462430601,0
2025-07-07,ZeeTV,483,1,990,4.58006978698677,0
2025-07-07,SunTV,524,1,835,4.595386560633846,0
2025-07-07,ABPNews,498,1,788,3.9337076471956434,0
2025-07-07,NDTV,459,11,1000,4.231115415848919,0
2025-07-07,IndiaTV,497,1,903,4.779628476428075,0
2025-07-07,CNNNews18,484,1,838,4.501634054730954,0
2025-07-07,TimesNow,501,17,831,4.701262371146175,0
2025-07-07,RepublicTV,495,5,737,4.214153731410774,0
2025-07-07,TV9,481,11,965,4.361224942510976,0
2025-07-07,Asianet,488,10,886,5.05108887539034,0
2025-07-07,Colors,512,2,735,4.507285220354064,0
2025-07-07,SonyTV,517,1,558,4.209084239215841,0
2025-07-07,StarPlus,471,14,817,4.925173315103816,0
2025-07-07,ZeeCinema,493,1,1111,3.9357253091639803,0
2025-07-07,StarMovies,472,1,932,3.8897007405163104,0
2025-07-07,HBO,512,3,755,3.5935840015869402,0
2025-07-07,Discovery,482,1,705,4.009514878891545,0
2025-07-07,NationalGeographic,486,11,642,4.6857152021405035,0
2025-07-07,AnimalPlanet,506,1,913,4.507308931398772,0
2025-07-07,HistoryTV18,466,1,731,4.494564871646683,0
2025-07-07,CartoonNetwork,474,12,680,5.002919828033415,0
2025-07-07,Pogo,494,1,759,4.401093768058868,0
2025-07-07,Nickelodeon,490,8,686,4.690040876336644,0
2025-07-07,SonyMax,486,1,854,4.368382306806743,0
2025-07-07,ZeeTelugu,478,13,881,4.393223561232202,0
2025-07-07,ETV,476,18,838,4.344653050672774,0
2025-07-07,GeminiTV,509,8,965,4.0878650994016414,0
2025-07-07,MaaTV,502,5,859,4.378599737598776,0
2025-07-07,UdayaTV,474,1,863,4.575608637793364,0
2025-07-07,SuryaTV,494,5,899,4.154150167268817,0
2025-07-07,KTV,499,15,908,4.602043224475968,0
2025-07-07,JayaTV,479,1,619,5.088555222011564,0
2025-07-07,RajTV,484,5,596,4.680619856185562,0
2025-07-07,KalaignarTV,506,1,666,3.8603306844536647,0
2025-07-07,DDNews,498,10,687,4.496229735318906,0
2025-07-07,DDNational,507,1,874,4.148014606926059,0
2025-07-07,DDSports,498,18,830,4.445600798947155,0
2025-07-07,TenSports,503,7,906,4.606416214890409,0
2025-07-07,StarSports,479,10,759,4.03008808229247,0
2025-07-07,SonySports,520,4,684,3.9264200798567153,0
2025-07-07,Eurosport,465,1,802,4.946609598922862,0
2025-07-07,CNBC,531,1,716,4.745535572625932,0
2025-07-07,BloombergTV,459,6,934,4.5670656251904,0
2025-07-07,BBCWorld,482,1,926,4.569143399013991,0
2025-07-07,AlJazeera,501,1,763,4.567106509799699,0
2025-07-07,France24,455,1,1058,3.771909089421446,0
2025-07-07,VH1,499,1,844,4.49679963520114,0
2025-07-07,MTV,502,1,588,3.9219665381699698,0
2025-07-08,News24,17,197,4714,10.301797749009442,1
2025-07-08,StarTV,4,215,4727,10.021358605158388,1
2025-07-08,ZeeTV,47,237,4373,9.268272712189539,1
2025-07-08,SunTV,48,233,4499,10.687181438063078,1
2025-07-08,ABPNews,-3,201,4600,9.980478878665526,1
2025-07-08,NDTV,8,230,4711,10.454258091898982,1
2025-07-08,IndiaTV,21,199,4618,9.501262052994065,1
2025-07-08,CNNNews18,49,214,4880,10.149907581208533,1
2025-07-08,TimesNow,10,212,4384,10.39854896912977,1
2025-07-08,RepublicTV,37,195,4536,10.52136316855508,1
2025-07-08,TV9,11,238,4411,10.161211501167978,1
2025-07-08,Asianet,26,207,4517,10.47387692948684,1
2025-07-08,Colors,37,235,4537,9.89854129203896,1
2025-07-08,SonyTV,48,221,4711,10.220590055343933,1
2025-07-08,StarPlus,10,216,4603,9.791610224895186,1
2025-07-08,ZeeCinema,26,198,4615,10.352312941348766,1
2025-07-08,StarMovies,46,215,4518,9.285961805103291,1
2025-07-08,HBO,26,234,4804,9.576528741951769,1
2025-07-08,Discovery,1,229,4402,9.761786863748968,1
2025-07-08,NationalGeographic,48,189,4853,10.08081005583449,1
2025-07-08,AnimalPlanet,16,243,4960,9.859138043567379,1
2025-07-08,HistoryTV18,-14,228,4640,10.037732811092482,1
2025-07-08,CartoonNetwork,49,197,4764,10.631466173954863,1
2025-07-08,Pogo,34,224,4682,9.971758536666748,1
2025-07-08,Nickelodeon,26,227,4514,10.071852966453207,1
2025-07-08,SonyMax,11,233,4630,10.44567773051668,1
2025-07-08,ZeeTelugu,5,205,4706,9.747356049795822,1
2025-07-08,ETV,44,237,4463,10.977009400478886,1
2025-07-08,GeminiTV,-9,213,4554,9.661274832611253,1
2025-07-08,MaaTV,25,230,4392,9.787686516879885,1
2025-07-08,UdayaTV,51,220,4714,9.745528549311077,1
2025-07-08,SuryaTV,44,237,4366,10.647154147404333,1
2025-07-08,KTV,8,245,4871,10.037082217001908,1
2025-07-08,JayaTV,11,220,4361,9.769469315009232,1
2025-07-08,RajTV,1,193,4855,10.617364621708965,1
2025-07-08,KalaignarTV,-1,214,4794,10.050193918989383,1
2025-07-08,DDNews,15,230,4451,10.035648565384323,1
2025-07-08,DDNational,23,221,4270,10.046410230737392,1
2025-07-08,DDSports,-11,201,4380,9.605706181418421,1
2025-07-08,TenSports,7,207,4937,9.90507226542591,1
2025-07-08,StarSports,28,230,4748,10.154747120544675,1
2025-07-08,SonySports,-6,206,4303,9.531718624795278,1
2025-07-08,Eurosport,16,197,4672,10.706911192159282,1
2025-07-08,CNBC,21,243,4800,9.697931527311997,1
2025-07-08,BloombergTV,0,219,4624,10.989995648143289,1
2025-07-08,BBCWorld,44,212,4441,9.531487991987115,1
2025-07-08,AlJazeera,2,205,4291,10.938964426702157,1
2025-07-08,France24,7,201,4245,9.950458363514889,1
2025-07-08,VH1,22,228,4545,9.741567842270046,1
2025-07-08,MTV,45,216,4764,9.7103055412666,1
2025-07-09,News24,532,1,993,5.007980393457816,0
2025-07-09,StarTV,526,1,1032,4.573766990383149,0
2025-07-09,ZeeTV,530,1,1132,4.420054917359451,0
2025-07-09,SunTV,519,1,804,4.755433343862037,0
2025-07-09,ABPNews,534,1,963,4.610605828923768,0
2025-07-09,NDTV,537,1,736,5.055631857932385,0
2025-07-09,IndiaTV,563,1,878,5.167086512808474,0
2025-07-09,CNNNews18,506,1,681,5.6371083674183335,0
2025-07-09,TimesNow,532,1,744,5.388778188078241,0
2025-07-09,RepublicTV,537,1,776,4.194160328693444,0
2025-07-09,TV9,523,1,890,5.004917553331512,0
2025-07-09,Asianet,532,1,909,5.48676979745021,0
2025-07-09,Colors,541,1,816,4.909001856517303,0
2025-07-09,SonyTV,552,1,1062,4.606451754200622,0
2025-07-09,StarPlus,512,8,742,5.485909563920761,0
2025-07-09,ZeeCinema,542,1,878,5.431889201038892,0
2025-07-09,StarMovies,543,10,953,5.306898647815022,0
2025-07-09,HBO,502,1,1023,4.457878896731416,0
2025-07-09,Discovery,549,1,771,4.630722086273442,0
2025-07-09,NationalGeographic,511,1,749,5.462428245050676,0
2025-07-09,AnimalPlanet,543,1,1082,5.012665846296186,0
2025-07-09,HistoryTV18,535,1,942,5.588347542942016,0
2025-07-09,CartoonNetwork,512,7,1055,4.798760886201248,0
2025-07-09,Pogo,519,2,862,5.773435752640725,0
2025-07-09,Nickelodeon,501,1,815,5.222616213621686,0
2025-07-09,SonyMax,512,1,775,4.334354195556903,0
2025-07-09,ZeeTelugu,525,3,1074,4.903990913424277,0
2025-07-09,ETV,511,1,730,5.227613684430373,0
2025-07-09,GeminiTV,526,1,1003,5.005602663495959,0
2025-07-09,MaaTV,513,1,727,4.5201118379781295,0
2025-07-09,UdayaTV,553,1,981,4.5811897883622805,0
2025-07-09,SuryaTV,532,1,1060,4.87806846168433,0
2025-07-09,KTV,528,1,882,5.191564474477611,0
2025-07-09,JayaTV,547,1,1047,4.879104006338821,0
2025-07-09,RajTV,545,3,877,4.513649754351912,0
2025-07-09,KalaignarTV,550,1,888,5.0613226497981785,0
2025-07-09,DDNews,544,1,908,4.874002197123849,0
2025-07-09,DDNational,519,1,977,5.427605034146849,0
2025-07-09,DDSports,564,1,875,5.003035515021232,0
2025-07-09,TenSports,555,1,936,4.859036522007144,0
2025-07-09,StarSports,535,1,894,5.4235847632329754,0
2025-07-09,SonySports,560,1,772,4.945025453902898,0
2025-07-09,Eurosport,541,1,914,4.957279198038936,0
2025-07-09,CNBC,510,1,864,5.8290511175425115,0
2025-07-09,BloombergTV,554,1,1042,5.38959901893424,0
2025-07-09,BBCWorld,544,1,1092,4.621101852943221,0
2025-07-09,AlJazeera,556,4,1119,4.8747834270829795,0
2025-07-09,France24,498,1,799,4.624377651712932,0
2025-07-09,VH1,529,1,897,5.101426409499739,0
2025-07-09,MTV,530,1,1017,4.401858054415919,0
2025-07-10,News24,32,221,4740,10.314976315384055,1
2025-07-10,StarTV,14,230,4405,10.638293627295672,1
2025-07-10,ZeeTV,31,239,4516,9.468606943523664,1
2025-07-10,SunTV,48,207,4674,10.959106338739712,1
2025-07-10,ABPNews,34,214,4865,10.17075355479218,1
2025-07-10,NDTV,59,215,4696,10.47787220079187,1
2025-07-10,IndiaTV,29,232,4784,10.153615812570955,1
2025-07-10,CNNNews18,51,212,4421,10.920815674554387,1
2025-07-10,TimesNow,27,239,4795,10.314150556311626,1
2025-07-10,RepublicTV,32,212,4311,9.551941531700407,1
2025-07-10,TV9,63,213,4885,10.74043439189895,1
2025-07-10,Asianet,28,204,4433,10.052807988803364,1
2025-07-10,Colors,-9,217,4833,10.01690962201248,1
2025-07-10,SonyTV,52,195,4548,10.782869779078215,1
2025-07-10,StarPlus,22,197,4734,10.247888953343086,1
2025-07-10,ZeeCinema,39,233,4866,10.554965401866777,1
2025-07-10,StarMovies,41,224,4466,10.436397572082575,1
2025-07-10,HBO,40,215,4707,9.498372336551066,1
2025-07-10,Discovery,41,237,4942,10.499783589927453,1
2025-07-10,NationalGeographic,62,217,4733,10.544804165577833,1
2025-07-10,AnimalPlanet,2,233,4646,10.045232150180619,1
2025-07-10,HistoryTV18,25,231,4786,11.036454600750748,1
2025-07-10,CartoonNetwork,48,227,4834,10.468680412570016,1
2025-07-10,Pogo,48,227,4567,10.05025401797008,1
2025-07-10,Nickelodeon,33,215,4753,11.224668170230633,1
2025-07-10,SonyMax,30,215,4557,9.906023479506269,1
2025-07-10,ZeeTelugu,8,216,4733,10.81269050634528,1
2025-07-10,ETV,41,210,4367,9.450642910204154,1
2025-07-10,GeminiTV,13,230,4646,9.885149256225766,1
2025-07-10,MaaTV,58,197,4406,10.649423976264696,1
2025-07-10,UdayaTV,63,223,4478,10.322357653597859,1
2025-07-10,SuryaTV,18,196,4826,10.411967267128144,1
2025-07-10,KTV,0,222,4491,9.67235750072109,1
2025-07-10,JayaTV,7,209,4916,10.637414797169475,1
2025-07-10,RajTV,31,214,4381,10.642062699394506,1
2025-07-10,KalaignarTV,19,214,4775,10.20170577574378,1
2025-07-10,DDNews,56,213,4506,9.36025395607847,1
2025-07-10,DDNational,43,223,4770,10.16647800394652,1
2025-07-10,DDSports,39,218,4367,10.6787368651221,1
2025-07-10,TenSports,44,229,4866,9.78815064678364,1
2025-07-10,StarSports,28,237,4449,10.06713635086291,1
2025-07-10,SonySports,22,217,4738,10.29791721859823,1
2025-07-10,Eurosport,17,207,4368,9.667045574984575,1
2025-07-10,CNBC,-7,219,4807,10.598500347190953,1
2025-07-10,BloombergTV,41,217,4530,9.890610791828585,1
2025-07-10,BBCWorld,6,213,4505,9.62629609036844,1
2025-07-10,AlJazeera,48,210,4586,10.03973078936508,1
2025-07-10,France24,53,203,4928,9.827207475885132,1
2025-07-10,VH1,57,225,4598,10.219477794304119,1
2025-07-10,MTV,32,201,4699,10.844591681346973,1
2025-07-11,News24,478,1,729,4.017767539924644,0
2025-07-11,StarTV,506,8,875,4.951433677543683,0
2025-07-11,ZeeTV,518,1,983,4.457094458808357,0
2025-07-11,SunTV,486,12,1050,3.8509890653163548,0
2025-07-11,ABPNews,527,1,929,5.1479677457056265,0
2025-07-11,NDTV,489,6,1045,4.571455980420771,0
2025-07-11,IndiaTV,487,2,694,3.8485094769248405,0
2025-07-11,CNNNews18,507,7,983,3.857334963603483,0
2025-07-11,TimesNow,538,11,1024,4.8133579292244955,0
2025-07-11,RepublicTV,518,1,689,4.298459158938274,0
2025-07-11,TV9,487,1,1068,4.033961696696347,0
2025-07-11,Asianet,491,1,654,4.33461449212625,0
2025-07-11,Colors,487,4,1031,4.559900549044351,0
2025-07-11,SonyTV,496,5,689,3.96000880908174,0
2025-07-11,StarPlus,487,1,878,4.5243824966931285,0
2025-07-11,ZeeCinema,480,2,906,4.4251522435973865,0
2025-07-11,StarMovies,539,1,892,4.871552319219062,0
2025-07-11,HBO,494,1,1143,4.060262987072495,0
2025-07-11,Discovery,484,1,1014,4.656008608816476,0
2025-07-11,NationalGeographic,535,1,929,4.524157947229226,0
2025-07-11,AnimalPlanet,502,1,653,4.799699410364208,0
2025-07-11,HistoryTV18,526,12,785,3.891462022656486,0
2025-07-11,CartoonNetwork,494,1,1057,3.9376476838884678,0
2025-07-11,Pogo,540,1,952,5.000583724434331,0
2025-07-11,Nickelodeon,522,3,788,4.334845211456848,0
2025-07-11,SonyMax,508,1,1042,3.7255221427763043,0
2025-07-11,ZeeTelugu,516,4,613,5.192725150094304,0
2025-07-11,ETV,508,1,778,4.126728184268629,0
2025-07-11,GeminiTV,528,1,725,5.125687445459167,0
2025-07-11,MaaTV,477,1,1140,3.7090103804622214,0
2025-07-11,UdayaTV,496,1,889,4.666383325632329,0
2025-07-11,SuryaTV,499,1,784,4.281198059815211,0
2025-07-11,KTV,523,5,821,3.9101638664794978,0
2025-07-11,JayaTV,491,1,904,3.9025423790955727,0
2025-07-11,RajTV,498,1,879,4.068506647583564,0
2025-07-11,KalaignarTV,504,1,934,4.973147691078092,0
2025-07-11,DDNews,497,5,775,4.712681396589088,0
2025-07-11,DDNational,508,1,817,3.9713365280670905,0
2025-07-11,DDSports,523,1,978,4.334816540117159,0
2025-07-11,TenSports,477,1,968,4.0652529162899596,0
2025-07-11,StarSports,530,8,681,4.958541053519889,0
2025-07-11,SonySports,513,1,816,5.208621093171353,0
2025-07-11,Eurosport,497,1,903,3.832736140171703,0
2025-07-11,CNBC,518,1,817,4.915975743400631,0
2025-07-11,BloombergTV,499,5,682,4.933875868686153,0
2025-07-11,BBCWorld,497,1,590,4.3884665613660925,0
2025-07-11,AlJazeera,521,3,592,4.611361321088349,0
2025-07-11,France24,521,16,1025,3.933705974740422,0
2025-07-11,VH1,504,4,837,4.4629478778372675,0
2025-07-11,MTV,540,16,696,5.313742858350229,0
2025-07-12,News24,59,239,4989,10.000935239728271,1
2025-07-12,StarTV,2,223,4525,9.425446894692717,1
2025-07-12,ZeeTV,2,230,4786,10.307541112637352,1
2025-07-12,SunTV,8,235,5071,10.419850449593113,1
2025-07-12,ABPNews,31,247,4378,10.317063736909715,1
2025-07-12,NDTV,9,234,4726,9.829861497495598,1
2025-07-12,IndiaTV,29,245,4409,9.590696587322505,1
2025-07-12,CNNNews18,29,234,4644,10.832938190155964,1
2025-07-12,TimesNow,27,200,4588,9.69752364136793,1
2025-07-12,RepublicTV,38,242,4581,10.432237276738991,1
2025-07-12,TV9,26,221,4923,9.737579140259482,1
2025-07-12,Asianet,39,234,5069,9.853304943564801,1
2025-07-12,Colors,3,207,4620,10.596393376328177,1
2025-07-12,SonyTV,-2,213,4690,10.537262784640204,1
2025-07-12,StarPlus,3,207,4502,10.430813792859205,1
2025-07-12,ZeeCinema,23,231,4742,9.56157457643924,1
2025-07-12,StarMovies,40,241,4833,9.801607692779722,1
2025-07-12,HBO,18,226,4625,9.505964217233489,1
2025-07-12,Discovery,39,217,4815,10.656587419342197,1
2025-07-12,NationalGeographic,46,209,4892,9.821433736431988,1
2025-07-12,AnimalPlanet,-8,210,4866,10.337937891688364,1
2025-07-12,HistoryTV18,9,208,4710,10.962862075383502,1
2025-07-12,CartoonNetwork,9,253,4735,9.806681040161694,1
2025-07-12,Pogo,19,236,4698,10.775833454320207,1
2025-07-12,Nickelodeon,16,222,4714,10.477281991428336,1
2025-07-12,SonyMax,45,238,4596,10.860505238748773,1
2025-07-12,ZeeTelugu,4,215,4987,10.301434205842536,1
2025-07-12,ETV,37,249,4712,11.189768796269437,1
2025-07-12,GeminiTV,-12,227,4803,10.11843295576043,1
2025-07-12,MaaTV,14,217,4909,10.809026813685861,1
2025-07-12,UdayaTV,34,220,4932,9.567317945762568,1
2025-07-12,SuryaTV,43,231,4454,10.548310289542162,1
2025-07-12,KTV,-8,232,4671,10.78447504942973,1
2025-07-12,JayaTV,46,211,4526,10.25552725032455,1
2025-07-12,RajTV,14,236,4655,9.960427503501961,1
2025-07-12,KalaignarTV,31,225,4568,10.261523924224143,1
2025-07-12,DDNews,-4,229,4835,10.705836856536695,1
2025-07-12,DDNational,15,229,4796,10.528219083026334,1
2025-07-12,DDSports,48,241,4987,10.77764582522005,1
2025-07-12,TenSports,6,230,4693,9.813287252795764,1
2025-07-12,StarSports,15,213,4740,10.860796562850574,1
2025-07-12,SonySports,46,213,5115,10.072854396713748,1
2025-07-12,Eurosport,56,223,4730,10.35654699256438,1
2025-07-12,CNBC,28,242,4813,11.277220693295199,1
2025-07-12,BloombergTV,13,231,4919,10.653782717231747,1
2025-07-12,BBCWorld,8,207,4949,9.5880849351428,1
2025-07-12,AlJazeera,30,214,4723,10.26439312283777,1
2025-07-12,France24,43,219,5023,11.09098600405761,1
2025-07-12,VH1,10,220,4543,10.965095924825969,1
2025-07-12,MTV,36,217,4378,10.001633580363208,1
2025-07-13,News24,568,2,912,5.141602049856053,0
2025-07-13,StarTV,550,1,984,5.520629451385155,0
2025-07-13,ZeeTV,578,9,878,4.974053437556003,0
2025-07-13,SunTV,559,6,968,4.053227604168519,0
2025-07-13,ABPNews,555,2,1111,5.325893596375,0
2025-07-13,NDTV,543,1,966,5.2117524459382345,0
2025-07-13,IndiaTV,555,1,731,4.210565382406749,0
2025-07-13,CNNNews18,558,1,1076,4.5990902734753805,0
2025-07-13,TimesNow,546,1,824,5.327213716966141,0
2025-07-13,RepublicTV,566,1,842,5.265209774780928,0
2025-07-13,TV9,517,1,927,5.170372436648568,0
2025-07-13,Asianet,554,1,875,5.331321957985194,0
2025-07-13,Colors,513,6,1144,5.084212311111417,0
2025-07-13,SonyTV,541,1,721,4.951032912918466,0
2025-07-13,StarPlus,582,7,928,5.034714356544803,0
2025-07-13,ZeeCinema,532,1,680,4.40279023931834,0
2025-07-13,StarMovies,517,1,1033,5.320681940723017,0
2025-07-13,HBO,533,1,1102,5.143829157472663,0
2025-07-13,Discovery,560,1,834,5.376178588388223,0
2025-07-13,NationalGeographic,569,1,1099,5.109820686248197,0
2025-07-13,AnimalPlanet,520,1,1135,5.049068307331318,0
2025-07-13,HistoryTV18,548,1,1046,4.413857265736629,0
2025-07-13,CartoonNetwork,549,1,957,5.323119073765682,0
2025-07-13,Pogo,552,1,1189,4.990042556676992,0
2025-07-13,Nickelodeon,555,1,975,5.176875634557536,0
2025-07-13,SonyMax,527,1,1074,5.058053429484421,0
2025-07-13,ZeeTelugu,559,1,698,5.428964423186232,0
2025-07-13,ETV,579,1,977,4.337399026470651,0
2025-07-13,GeminiTV,568,1,852,4.43171580054047,0
2025-07-13,MaaTV,565,1,1084,5.611282320357455,0
2025-07-13,UdayaTV,537,1,954,4.542677548851293,0
2025-07-13,SuryaTV,520,1,1089,5.2600806755495135,0
2025-07-13,KTV,550,2,1068,4.920179309631218,0
2025-07-13,JayaTV,540,3,869,4.930089124572278,0
2025-07-13,RajTV,574,1,1000,4.39793268782958,0
2025-07-13,KalaignarTV,555,1,1024,4.112661535017365,0
2025-07-13,DDNews,535,1,849,4.194603761108131,0
2025-07-13,DDNational,542,1,912,5.228040773322487,0
2025-07-13,DDSports,547,1,1028,4.605265732606722,0
2025-07-13,TenSports,518,1,823,4.79021087631608,0
2025-07-13,StarSports,536,5,1175,4.629070917898479,0
2025-07-13,SonySports,540,1,984,5.627618045093547,0
2025-07-13,Eurosport,518,9,815,4.267442882909915,0
2025-07-13,CNBC,537,1,913,4.260546045527744,0
2025-07-13,BloombergTV,576,1,985,5.25856216098618,0
2025-07-13,BBCWorld,547,1,953,4.496370473678671,0
2025-07-13,AlJazeera,551,5,750,5.364259635310135,0
2025-07-13,France24,556,1,1150,4.29590201243765,0
2025-07-13,VH1,509,1,1049,4.931976424703662,0
2025-07-13,MTV,566,1,1141,5.161382806655566,0
2025-07-14,News24,1,221,4399,9.928118659506648,1
2025-07-14,StarTV,56,247,4553,9.622353073996011,1
2025-07-14,ZeeTV,33,237,4445,10.437381041997847,1
2025-07-14,SunTV,54,207,4900,9.476139386438732,1
2025-07-14,ABPNews,25,214,4553,9.22593688029649,1
2025-07-14,NDTV,22,226,4780,9.94289546965717,1
2025-07-14,IndiaTV,15,223,4640,10.205108376656446,1
2025-07-14,CNNNews18,36,232,4577,10.361821942806305,1
2025-07-14,TimesNow,41,210,4689,10.341425439906637,1
2025-07-14,RepublicTV,1,210,4582,9.69266884121971,1
2025-07-14,TV9,31,245,4509,10.02654007468026,1
2025-07-14,Asianet,11,216,4754,10.85310371840184,1
2025-07-14,Colors,19,215,4991,10.383596820396178,1
2025-07-14,SonyTV,21,202,4695,9.5378488085459,1
2025-07-14,StarPlus,49,226,4811,10.31930047568319,1
2025-07-14,ZeeCinema,54,221,4487,10.269623806897284,1
2025-07-14,StarMovies,48,205,4419,9.948399340636326,1
2025-07-14,HBO,32,212,5047,10.525434733551194,1
2025-07-14,Discovery,27,235,4680,10.730988659926755,1
2025-07-14,NationalGeographic,26,211,4439,9.512301129324364,1
2025-07-14,AnimalPlanet,15,230,4835,10.126033261550347,1
2025-07-14,HistoryTV18,29,240,4661,9.49167347482374,1
2025-07-14,CartoonNetwork,28,211,4804,9.844312181277617,1
2025-07-14,Pogo,3,201,4868,9.078235075542327,1
2025-07-14,Nickelodeon,31,224,4606,9.343731375240663,1
2025-07-14,SonyMax,7,220,5032,9.093991584380163,1
2025-07-14,ZeeTelugu,41,231,4640,9.3818498934795,1
2025-07-14,ETV,24,235,4804,10.078126845292783,1
2025-07-14,GeminiTV,-8,229,4514,9.868878064050342,1
2025-07-14,MaaTV,55,203,4273,10.564581016169656,1
2025-07-14,UdayaTV,21,218,5082,10.97275284370761,1
2025-07-14,SuryaTV,32,220,5018,10.405276752354421,1
2025-07-14,KTV,-2,205,4895,9.457823398426376,1
2025-07-14,JayaTV,27,214,4562,9.72362732441565,1
2025-07-14,RajTV,19,224,4745,10.390910886361038,1
2025-07-14,KalaignarTV,22,202,4769,10.34921192687186,1
2025-07-14,DDNews,44,227,4803,9.750176718143393,1
2025-07-14,DDNational,5,220,4753,10.484222069926817,1
2025-07-14,DDSports,54,217,4873,10.612793684907281,1
2025-07-14,TenSports,49,206,4729,9.646805893896538,1
2025-07-14,StarSports,63,198,4819,10.012043281263137,1
2025-07-14,SonySports,37,206,4751,10.435912343983281,1
2025-07-14,Eurosport,10,219,4863,10.656738173693078,1
2025-07-14,CNBC,13,244,4889,10.165591761837575,1
2025-07-14,BloombergTV,47,210,4638,9.77756545034727,1
2025-07-14,BBCWorld,60,234,4459,10.579174164367993,1
2025-07-14,AlJazeera,61,217,4891,10.567232069618033,1
2025-07-14,France24,12,211,4729,10.257941731864447,1
2025-07-14,VH1,54,227,4592,9.987106857410508,1
2025-07-14,MTV,23,237,4694,9.991141872964487,1
2025-07-15,News24,552,1,794,4.860618642060706,0
2025-07-15,StarTV,515,9,993,4.361529324851925,0
2025-07-15,ZeeTV,511,1,738,4.804323356401923,0
2025-07-15,SunTV,549,6,866,4.6499947298185385,0
2025-07-15,ABPNews,520,9,648,4.5597507892483735,0
2025-07-15,NDTV,519,1,737,4.548839218283757,0
2025-07-15,IndiaTV,504,1,647,3.8941652933833013,0
2025-07-15,CNNNews18,513,1,757,5.047799649129709,0
2025-07-15,TimesNow,506,1,996,4.446443973614548,0
2025-07-15,RepublicTV,491,9,606,4.175634563991833,0
2025-07-15,TV9,496,1,649,5.063290830980771,0
2025-07-15,Asianet,526,1,632,4.1002742491436255,0
2025-07-15,Colors,510,7,1020,5.293296010134528,0
2025-07-15,SonyTV,514,15,910,4.4665889774390894,0
2025-07-15,StarPlus,508,13,1080,4.093378103416535,0
2025-07-15,ZeeCinema,503,1,708,4.785033797061812,0
2025-07-15,StarMovies,512,1,769,4.261630790457405,0
2025-07-15,HBO,514,1,755,4.532811591747522,0
2025-07-15,Discovery,520,3,901,4.529619231086477,0
2025-07-15,NationalGeographic,536,1,868,5.186928536782855,0
2025-07-15,AnimalPlanet,513,3,878,5.044373803293569,0
2025-07-15,HistoryTV18,522,3,887,4.463038276504464,0
2025-07-15,CartoonNetwork,487,1,1023,4.066741108058296,0
2025-07-15,Pogo,521,1,816,4.683451302676879,0
2025-07-15,Nickelodeon,489,1,967,4.320932703677048,0
2025-07-15,SonyMax,509,1,726,5.143166613329133,0
2025-07-15,ZeeTelugu,500,7,902,4.83938433229668,0
2025-07-15,ETV,495,1,931,5.078203497198109,0
2025-07-15,GeminiTV,528,10,860,4.170794309607841,0
2025-07-15,MaaTV,518,10,802,5.337110315453854,0
2025-07-15,UdayaTV,488,1,733,5.161723209104281,0
2025-07-15,SuryaTV,517,1,955,4.25511823580396,0
2025-07-15,KTV,528,6,698,4.345105243163765,0
2025-07-15,JayaTV,550,1,871,4.261935696655036,0
2025-07-15,RajTV,500,1,743,4.503524298487396,0
2025-07-15,KalaignarTV,538,4,879,4.765965477807729,0
2025-07-15,DDNews,525,1,818,4.508836320214124,0
2025-07-15,DDNational,504,1,757,5.342550544120851,0
2025-07-15,DDSports,487,1,1004,4.9957735000640735,0
2025-07-15,TenSports,531,8,845,4.735506258072916,0
2025-07-15,StarSports,523,6,1094,4.744413983349516,0
2025-07-15,SonySports,517,4,1012,4.914272237617525,0
2025-07-15,Eurosport,528,8,1119,5.241593507170785,0
2025-07-15,CNBC,543,2,809,4.23533227186479,0
2025-07-15,BloombergTV,509,3,1088,3.7142714660618674,0
2025-07-15,BBCWorld,545,8,888,4.940613284574129,0
2025-07-15,AlJazeera,500,1,817,4.555208575527124,0
2025-07-15,France24,542,1,1129,4.636918061208647,0
2025-07-15,VH1,541,1,865,4.635981808572904,0
2025-07-15,MTV,498,1,904,4.407376716500813,0
2025-07-16,News24,47,235,4711,10.84394999420917,1
2025-07-16,StarTV,27,254,4583,10.407237145838575,1
2025-07-16,ZeeTV,0,227,4811,10.461673195712782,1
2025-07-16,SunTV,36,231,4650,10.625365476723482,1
2025-07-16,ABPNews,48,204,4989,9.44370555242124,1
2025-07-16,NDTV,20,199,4761,10.243472643259517,1
2025-07-16,IndiaTV,56,240,4771,10.229018800708927,1
2025-07-16,CNNNews18,18,230,4810,10.880062609200287,1
2025-07-16,TimesNow,33,236,5027,9.956653225989493,1
2025-07-16,RepublicTV,18,218,4925,10.28251184451333,1
2025-07-16,TV9,-12,207,5166,10.352035944072137,1
2025-07-16,Asianet,36,213,4585,10.134068072933097,1
2025-07-16,Colors,44,247,5072,10.594041273335703,1
2025-07-16,SonyTV,13,221,4658,10.569620238518462,1
2025-07-16,StarPlus,39,215,4904,10.080341933949128,1
2025-07-16,ZeeCinema,10,255,4702,10.965098767934675,1
2025-07-16,StarMovies,57,217,4707,10.615936681376885,1
2025-07-16,HBO,35,232,4887,10.783689418045075,1
2025-07-16,Discovery,31,221,4977,10.537191469202758,1
2025-07-16,NationalGeographic,55,213,4685,11.035705790708967,1
2025-07-16,AnimalPlanet,20,234,5061,10.556479785036624,1
2025-07-16,HistoryTV18,36,243,4764,9.546948345360985,1
2025-07-16,CartoonNetwork,48,239,4795,10.866190075212863,1
2025-07-16,Pogo,40,211,4742,10.478863498669229,1
2025-07-16,Nickelodeon,61,241,5019,10.388956773457712,1
2025-07-16,SonyMax,32,208,4790,10.911894261095199,1
2025-07-16,ZeeTelugu,-1,208,4765,10.792099831337522,1
2025-07-16,ETV,5,221,4907,10.21578786763131,1
2025-07-16,GeminiTV,10,230,4628,10.218786232792132,1
2025-07-16,MaaTV,2,237,4752,10.124375364858894,1
2025-07-16,UdayaTV,2,220,4878,10.030591158497275,1
2025-07-16,SuryaTV,-12,249,4740,10.946175694626847,1
2025-07-16,KTV,34,204,5165,10.061235109477328,1
2025-07-16,JayaTV,-10,221,5012,10.669053519453954,1
2025-07-16,RajTV,41,217,4753,9.880828899516656,1
2025-07-16,KalaignarTV,21,238,4950,10.066252613977104,1
2025-07-16,DDNews,21,219,4713,10.542329715399546,1
2025-07-16,DDNational,-9,233,4996,9.9481250780053,1
2025-07-16,DDSports,39,230,4537,10.742490021472173,1
2025-07-16,TenSports,31,222,4627,9.78332866489924,1
2025-07-16,StarSports,9,241,4998,10.280795817728382,1
2025-07-16,SonySports,36,230,4814,10.115098021102582,1
2025-07-16,Eurosport,49,212,4850,9.887358981223905,1
2025-07-16,CNBC,10,236,4907,10.286754896254623,1
2025-07-16,BloombergTV,31,249,4558,10.35449614101342,1
2025-07-16,BBCWorld,36,232,4595,10.435309563863072,1
2025-07-16,AlJazeera,6,228,4856,10.056803540481281,1
2025-07-16,France24,40,208,4966,10.580338076942919,1
2025-07-16,VH1,9,237,4677,10.196182738283412,1
2025-07-16,MTV,28,214,5032,11.20232026729633,1
2025-07-17,News24,559,1,737,5.219822224608416,0
2025-07-17,StarTV,547,1,1080,4.993630443669068,0
2025-07-17,ZeeTV,575,1,731,4.594684508315515,0
2025-07-17,SunTV,529,1,864,4.997998699675167,0
2025-07-17,ABPNews,567,1,1054,5.084197702856366,0
2025-07-17,NDTV,544,1,850,4.9473864210173355,0
2025-07-17,IndiaTV,562,1,1162,4.389863484582525,0
2025-07-17,CNNNews18,575,1,737,5.2950741298271575,0
2025-07-17,TimesNow,528,1,1132,4.519647251599956,0
2025-07-17,RepublicTV,582,5,918,5.121468683901097,0
2025-07-17,TV9,558,1,831,5.599420318327898,0
2025-07-17,Asianet,564,1,1157,5.125190275480285,0
2025-07-17,Colors,560,1,883,4.752624659370167,0
2025-07-17,SonyTV,582,1,1161,5.6123624498461275,0
2025-07-17,StarPlus,577,1,1165,4.981821269142604,0
2025-07-17,ZeeCinema,562,1,1080,5.240168978233463,0
2025-07-17,StarMovies,533,1,850,4.421480078493841,0
2025-07-17,HBO,538,1,881,4.643549579492809,0
2025-07-17,Discovery,567,1,767,5.223336815829654,0
2025-07-17,NationalGeographic,546,2,1066,5.1547130452491166,0
2025-07-17,AnimalPlanet,522,1,1138,4.588735614237097,0
2025-07-17,HistoryTV18,573,9,853,5.074599975183868,0
2025-07-17,CartoonNetwork,552,1,914,5.669984330487996,0
2025-07-17,Pogo,545,1,856,4.852697482740582,0
2025-07-17,Nickelodeon,535,1,879,5.205328912512492,0
2025-07-17,SonyMax,522,1,909,4.569662201353893,0
2025-07-17,ZeeTelugu,577,2,904,5.591715502428312,0
2025-07-17,ETV,530,1,932,4.6219714308849875,0
2025-07-17,GeminiTV,567,1,898,5.4475592283591086,0
2025-07-17,MaaTV,536,1,1026,5.331864049793374,0
2025-07-17,UdayaTV,540,1,978,4.221419898079777,0
2025-07-17,SuryaTV,566,1,820,5.319538773772403,0
2025-07-17,KTV,553,1,1048,4.504323291372572,0
2025-07-17,JayaTV,544,1,980,5.089234600574168,0
2025-07-17,RajTV,533,8,797,4.746052739252842,0
2025-07-17,KalaignarTV,529,6,974,4.517198637599643,0
2025-07-17,DDNews,567,1,810,5.265903372545685,0
2025-07-17,DDNational,566,3,801,4.689942758929878,0
2025-07-17,DDSports,567,1,959,4.945634174719887,0
2025-07-17,TenSports,548,1,988,4.749486715083274,0
2025-07-17,StarSports,549,1,891,5.009561671569287,0
2025-07-17,SonySports,558,1,875,4.472795105365995,0
2025-07-17,Eurosport,542,1,694,4.682154864439431,0
2025-07-17,CNBC,532,1,1061,5.629535265218285,0
2025-07-17,BloombergTV,543,1,776,4.685551347735585,0
2025-07-17,BBCWorld,558,3,844,4.703892134837532,0
2025-07-17,AlJazeera,579,13,1026,4.963631051855464,0
2025-07-17,France24,567,1,985,4.755922702770285,0
2025-07-17,VH1,544,7,926,5.1562960370597954,0
2025-07-17,MTV,549,1,1155,5.723749881510652,0
2025-07-18,News24,8,217,4667,10.698322755086577,1
2025-07-18,StarTV,15,236,4424,10.291761725540468,1
2025-07-18,ZeeTV,43,227,4703,9.84425578604386,1
2025-07-18,SunTV,23,219,4583,9.943294807107357,1
2025-07-18,ABPNews,65,226,4942,9.696659254321444,1
2025-07-18,NDTV,29,215,4531,10.230119246506279,1
2025-07-18,IndiaTV,37,226,4709,9.381877671925853,1
2025-07-18,CNNNews18,35,251,4797,10.004287072218084,1
2025-07-18,TimesNow,51,236,4820,10.112425973082926,1
2025-07-18,RepublicTV,5,209,4821,9.317182987687278,1
2025-07-18,TV9,28,240,4942,9.566932226055288,1
2025-07-18,Asianet,53,205,4844,10.290343495400318,1
2025-07-18,Colors,52,215,4836,9.748825263677912,1
2025-07-18,SonyTV,27,212,4753,10.403270739083354,1
2025-07-18,StarPlus,25,209,4602,10.043946743772201,1
2025-07-18,ZeeCinema,6,206,4789,10.86585928589727,1
2025-07-18,StarMovies,13,212,5027,10.673896752240106,1
2025-07-18,HBO,22,232,4917,9.882970825262651,1
2025-07-18,Discovery,34,202,5047,10.581734585415848,1
2025-07-18,NationalGeographic,11,200,4648,10.625305506393886,1
2025-07-18,AnimalPlanet,5,221,4991,9.988846323917322,1
2025-07-18,HistoryTV18,18,223,4849,10.473611137440269,1
2025-07-18,CartoonNetwork,48,203,5139,10.862981552265465,1
2025-07-18,Pogo,19,227,4814,9.380972878358891,1
2025-07-18,Nickelodeon,25,227,4401,10.588405390064157,1
2025-07-18,SonyMax,15,217,4871,9.367966712594665,1
2025-07-18,ZeeTelugu,46,240,4738,10.261338282217972,1
2025-07-18,ETV,11,226,5136,9.404537520697273,1
2025-07-18,GeminiTV,11,197,4497,10.586865495375994,1
2025-07-18,MaaTV,29,233,4558,10.828713875888063,1
2025-07-18,UdayaTV,28,226,5020,10.099950138862544,1
2025-07-18,SuryaTV,5,211,4472,10.718009983742336,1
2025-07-18,KTV,46,222,4790,9.705658466819582,1
2025-07-18,JayaTV,12,212,4558,9.70415344772224,1
2025-07-18,RajTV,26,221,4903,9.610850809083637,1
2025-07-18,KalaignarTV,61,220,4950,9.94734188885407,1
2025-07-18,DDNews,32,221,4732,10.798177672886771,1
2025-07-18,DDNational,7,211,4885,10.161952057218548,1
2025-07-18,DDSports,5,237,4453,11.038332971733773,1
2025-07-18,TenSports,14,213,4519,10.78032701957305,1
2025-07-18,StarSports,31,215,4606,10.630593073560998,1
2025-07-18,SonySports,18,219,4832,10.080404221958275,1
2025-07-18,Eurosport,21,215,4720,10.909337290646137,1
2025-07-18,CNBC,29,221,4601,10.360585886197626,1
2025-07-18,BloombergTV,6,213,4960,10.062852153240067,1
2025-07-18,BBCWorld,42,236,4586,10.683982656122366,1
2025-07-18,AlJazeera,9,224,5053,10.421168516688054,1
2025-07-18,France24,53,238,4676,9.977533186760695,1
2025-07-18,VH1,19,224,4382,9.849404696745061,1
2025-07-18,MTV,4,243,4824,10.914187431923295,1
2025-07-19,News24,495,1,862,4.91983279531865,0
2025-07-19,StarTV,494,5,763,5.201592339086694,0
2025-07-19,ZeeTV,515,2,745,4.69397607501469,0
2025-07-19,SunTV,538,1,830,4.56333751049277,0
2025-07-19,ABPNews,503,2,851,4.0345805429726935,0
2025-07-19,NDTV,537,1,1103,4.349451958671264,0
2025-07-19,IndiaTV,537,8,824,5.142147402358377,0
2025-07-19,CNNNews18,520,1,931,4.934134280038037,0
2025-07-19,TimesNow,546,1,1075,3.844955746026501,0
2025-07-19,RepublicTV,533,8,781,5.03158539822108,0
2025-07-19,TV9,543,1,887,4.240341383144247,0
2025-07-19,Asianet,548,1,886,4.2936608955066085,0
2025-07-19,Colors,523,1,1170,4.744309136619943,0
2025-07-19,SonyTV,528,1,701,4.83523538250856,0
2025-07-19,StarPlus,522,1,880,4.784543271751788,0
2025-07-19,ZeeCinema,544,1,1035,4.148380723564357,0
2025-07-19,StarMovies,531,7,827,4.9930578746111385,0
2025-07-19,HBO,553,1,829,5.375572967753276,0
2025-07-19,Discovery,516,1,732,4.546404161089187,0
2025-07-19,NationalGeographic,537,1,758,4.626143069143115,0
2025-07-19,AnimalPlanet,517,1,820,5.032438825647267,0
2025-07-19,HistoryTV18,501,8,869,4.5962025531743596,0
2025-07-19,CartoonNetwork,501,1,929,4.413283512823085,0
2025-07-19,Pogo,515,10,823,4.591685836965284,0
2025-07-19,Nickelodeon,541,1,1105,4.822573233443036,0
2025-07-19,SonyMax,519,1,977,5.228330621964344,0
2025-07-19,ZeeTelugu,539,8,921,5.306334736973114,0
2025-07-19,ETV,522,11,778,4.241036131748862,0
2025-07-19,GeminiTV,543,1,806,4.001510507948075,0
2025-07-19,MaaTV,521,1,1031,3.719352649336795,0
2025-07-19,UdayaTV,540,1,900,4.307891895706045,0
2025-07-19,SuryaTV,539,1,985,4.229748778563044,0
2025-07-19,KTV,515,1,680,4.454491747602066,0
2025-07-19,JayaTV,515,6,719,4.312107622378686,0
2025-07-19,RajTV,493,1,873,3.860538970439668,0
2025-07-19,KalaignarTV,496,2,860,4.854878447648735,0
2025-07-19,DDNews,526,1,1014,4.5718065007832385,0
2025-07-19,DDNational,533,1,888,4.121363346420925,0
2025-07-19,DDSports,553,1,966,4.129792974297518,0
2025-07-19,TenSports,521,5,890,4.19195138085658,0
2025-07-19,StarSports,529,1,825,4.172102118236925,0
2025-07-19,SonySports,510,1,940,4.265297461409774,0
2025-07-19,Eurosport,509,1,981,4.266897814783059,0
2025-07-19,CNBC,529,4,843,4.995551253437118,0
2025-07-19,BloombergTV,523,1,789,4.503806382452488,0
2025-07-19,BBCWorld,512,3,999,4.052233752758775,0
2025-07-19,AlJazeera,555,7,822,4.903160299610046,0
2025-07-19,France24,548,1,846,3.796534084711488,0
2025-07-19,VH1,526,5,878,4.896807307314155,0
2025-07-19,MTV,526,1,1035,3.799438178351247,0
2025-07-20,News24,-3,236,4891,10.070067147829727,1
2025-07-20,StarTV,34,215,5023,9.89628139993608,1
2025-07-20,ZeeTV,15,222,4714,10.40270660318169,1
2025-07-20,SunTV,33,239,5083,10.429131243727134,1
2025-07-20,ABPNews,9,230,4901,10.590205387620621,1
2025-07-20,NDTV,20,221,5119,10.476561965649644,1
2025-07-20,IndiaTV,45,253,4840,10.361336573705907,1
2025-07-20,CNNNews18,40,236,4685,10.798410766341707,1
2025-07-20,TimesNow,37,218,5028,10.698768992149631,1
2025-07-20,RepublicTV,26,253,4859,11.369495529376518,1
2025-07-20,TV9,-1,226,4613,10.99821239453906,1
2025-07-20,Asianet,43,214,4804,10.840638645157908,1
2025-07-20,Colors,15,235,4876,10.277963678146223,1
2025-07-20,SonyTV,4,232,5054,11.06404156528817,1
2025-07-20,StarPlus,29,227,5144,10.161281665403784,1
2025-07-20,ZeeCinema,39,208,4725,10.623989628236018,1
2025-07-20,StarMovies,30,226,4782,10.78227580445884,1
2025-07-20,HBO,16,215,4886,9.891576411934471,1
2025-07-20,Discovery,46,218,4949,11.377445165100701,1
2025-07-20,NationalGeographic,9,217,4436,9.94272517486502,1
2025-07-20,AnimalPlanet,-6,216,4728,10.927834552353907,1
2025-07-20,HistoryTV18,3,230,4787,11.124667073675198,1
2025-07-20,CartoonNetwork,18,229,5098,10.598245816683312,1
2025-07-20,Pogo,12,237,4658,10.087087377989082,1
2025-07-20,Nickelodeon,24,234,4807,10.636901072876604,1
2025-07-20,SonyMax,7,233,4740,10.25585793259162,1
2025-07-20,ZeeTelugu,-3,221,4763,10.176085781934557,1
2025-07-20,ETV,35,212,4977,10.408883063441353,1
2025-07-20,GeminiTV,48,226,4958,10.204119056910049,1
2025-07-20,MaaTV,37,205,5165,10.843752795948067,1
2025-07-20,UdayaTV,35,250,4836,11.407588018819684,1
2025-07-20,SuryaTV,13,215,5051,9.783376095042378,1
2025-07-20,KTV,15,243,4658,10.804535369885624,1
2025-07-20,JayaTV,1,244,4840,11.05152535416049,1
2025-07-20,RajTV,22,244,5081,10.614165121105398,1
2025-07-20,KalaignarTV,-3,224,4920,11.006870418763786,1
2025-07-20,DDNews,15,219,5092,10.048976480595826,1
2025-07-20,DDNational,2,217,4814,10.939850146629045,1
2025-07-20,DDSports,3,239,4814,10.875285103873574,1
2025-07-20,TenSports,29,229,5209,11.351305718770082,1
2025-07-20,StarSports,21,227,4522,10.608958797669073,1
2025-07-20,SonySports,17,227,4978,11.02894838123583,1
2025-07-20,Eurosport,51,222,5059,10.71371364687469,1
2025-07-20,CNBC,-3,240,4896,9.682728328151734,1
2025-07-20,BloombergTV,11,225,4458,10.39836515415052,1
2025-07-20,BBCWorld,0,226,4554,10.168917778671922,1
2025-07-20,AlJazeera,-8,215,4510,11.029917188954375,1
2025-07-20,France24,13,227,5083,9.861948957017342,1
2025-07-20,VH1,1,216,4489,11.144445866484531,1
2025-07-20,MTV,2,249,4732,11.063767973965783,1
2025-07-21,News24,577,1,1073,5.0747510309578585,0
2025-07-21,StarTV,533,1,1029,4.879523088708277,0
2025-07-21,ZeeTV,583,1,1148,5.365265350976526,0
2025-07-21,SunTV,537,1,1126,5.124697668830099,0
2025-07-21,ABPNews,571,1,979,4.916893155064143,0
2025-07-21,NDTV,548,1,1061,5.5299859660012265,0
2025-07-21,IndiaTV,560,1,970,4.919215965225871,0
2025-07-21,CNNNews18,562,1,899,5.812465974957017,0
2025-07-21,TimesNow,541,1,878,4.253996972550877,0
2025-07-21,RepublicTV,568,1,1011,5.67743630712822,0
2025-07-21,TV9,571,1,909,5.925140411906771,0
2025-07-21,Asianet,572,1,811,4.635185099719801,0
2025-07-21,Colors,546,1,1163,4.58241012673722,0
2025-07-21,SonyTV,561,1,836,4.608905887791527,0
2025-07-21,StarPlus,593,1,1064,4.224019985654685,0
2025-07-21,ZeeCinema,527,1,1075,5.232342495640034,0
2025-07-21,StarMovies,539,5,1123,5.4714815939662405,0
2025-07-21,HBO,576,1,890,5.104761818387913,0
2025-07-21,Discovery,533,4,1009,4.960779109001595,0
2025-07-21,NationalGeographic,588,1,1121,4.9931361692072,0
2025-07-21,AnimalPlanet,555,1,855,5.330531007083071,0
2025-07-21,HistoryTV18,577,1,924,4.580164690906236,0
2025-07-21,CartoonNetwork,541,1,963,5.076794974856704,0
2025-07-21,Pogo,573,1,823,4.881035600959392,0
2025-07-21,Nickelodeon,530,1,1140,4.792193601236373,0
2025-07-21,SonyMax,599,1,940,5.474189967169903,0
2025-07-21,ZeeTelugu,549,1,708,5.468691548756181,0
2025-07-21,ETV,553,1,806,4.988489979901668,0
2025-07-21,GeminiTV,559,1,977,5.953087848836139,0
2025-07-21,MaaTV,542,1,995,5.006480797491461,0
2025-07-21,UdayaTV,564,1,948,4.477876476350094,0
2025-07-21,SuryaTV,531,1,948,4.381582270200064,0
2025-07-21,KTV,558,1,987,4.682462488247885,0
2025-07-21,JayaTV,577,1,873,5.183335523545037,0
2025-07-21,RajTV,544,1,894,4.498000469125977,0
2025-07-21,KalaignarTV,533,1,849,4.990706223918722,0
2025-07-21,DDNews,587,1,886,4.494806769567167,0
2025-07-21,DDNational,596,1,1004,5.118219375388081,0
2025-07-21,DDSports,541,1,986,4.74990727828224,0
2025-07-21,TenSports,541,1,1125,5.340585302717536,0
2025-07-21,StarSports,557,1,1085,4.489970921163432,0
2025-07-21,SonySports,559,1,1142,4.91919373447212,0
2025-07-21,Eurosport,548,1,742,5.181968461998787,0
2025-07-21,CNBC,553,1,911,4.746061629013805,0
2025-07-21,BloombergTV,560,1,946,5.400835736598808,0
2025-07-21,BBCWorld,584,1,1033,4.618966240258496,0
2025-07-21,AlJazeera,565,6,1119,4.851842500017138,0
2025-07-21,France24,560,1,1142,4.898040185844244,0
2025-07-21,VH1,581,1,915,5.5707285237762125,0
2025-07-21,MTV,587,1,849,4.509250945707344,0
2025-07-22,News24,8,238,4488,10.484890738787541,1
2025-07-22,StarTV,12,232,4867,10.800096496955407,1
2025-07-22,ZeeTV,-7,223,4608,10.122529082250782,1
2025-07-22,SunTV,52,250,4509,9.95341365277513,1
2025-07-22,ABPNews,54,240,4718,10.912568072482042,1
2025-07-22,NDTV,39,226,4612,10.283155175627241,1
2025-07-22,IndiaTV,32,227,5088,10.224698471633484,1
2025-07-22,CNNNews18,34,219,4590,9.826810802150064,1
2025-07-22,TimesNow,16,220,4948,10.73871966081989,1
2025-07-22,RepublicTV,58,210,4552,10.506848013419834,1
2025-07-22,TV9,34,250,4864,10.941427323077473,1
2025-07-22,Asianet,5,228,4668,10.30188837802698,1
2025-07-22,Colors,40,201,4412,10.130293647084558,1
2025-07-22,SonyTV,16,212,4800,10.00183196291674,1
2025-07-22,StarPlus,7,241,4818,10.643134741748293,1
2025-07-22,ZeeCinema,47,232,4648,10.916337220523149,1
2025-07-22,StarMovies,42,228,5135,10.471800967876122,1
2025-07-22,HBO,43,219,4788,10.893558826432669,1
2025-07-22,Discovery,19,241,4528,9.872952904739115,1
2025-07-22,NationalGeographic,52,232,4741,10.416350768452906,1
2025-07-22,AnimalPlanet,35,232,4856,10.532772938346808,1
2025-07-22,HistoryTV18,28,229,4935,10.707062840658748,1
2025-07-22,CartoonNetwork,18,234,4501,11.17973049001535,1
2025-07-22,Pogo,34,215,4920,9.787803479226977,1
2025-07-22,Nickelodeon,16,242,4967,9.786263508005772,1
2025-07-22,SonyMax,47,214,4872,9.55808136839041,1
2025-07-22,ZeeTelugu,22,219,4734,10.015683128489725,1
2025-07-22,ETV,9,237,4610,10.178400656289806,1
2025-07-22,GeminiTV,14,217,5104,9.455265194039406,1
2025-07-22,MaaTV,21,234,4946,10.82134792553296,1
2025-07-22,UdayaTV,39,218,4667,9.71733361652254,1
2025-07-22,SuryaTV,-4,241,5099,10.30369703061848,1
2025-07-22,KTV,48,230,4918,10.519073037362194,1
2025-07-22,JayaTV,21,218,4711,10.039556570244649,1
2025-07-22,RajTV,24,224,4712,10.43348439014149,1
2025-07-22,KalaignarTV,18,237,4739,9.914107108970082,1
2025-07-22,DDNews,15,221,4471,9.343575412959018,1
2025-07-22,DDNational,18,237,5084,10.265484272858346,1
2025-07-22,DDSports,44,236,4734,9.75398159807486,1
2025-07-22,TenSports,25,219,4479,9.849841285405589,1
2025-07-22,StarSports,46,236,4377,10.052497320980217,1
2025-07-22,SonySports,31,214,4725,10.730817293868949,1
2025-07-22,Eurosport,43,242,4773,9.96916130297959,1
2025-07-22,CNBC,13,232,5154,10.448479436456338,1
2025-07-22,BloombergTV,9,254,5121,10.691786498459937,1
2025-07-22,BBCWorld,2,214,4870,9.605038817511206,1
2025-07-22,AlJazeera,40,219,5014,10.2691831022766,1
2025-07-22,France24,-13,234,4961,10.856190602014168,1
2025-07-22,VH1,39,213,4683,9.694113437711778,1
2025-07-22,MTV,50,236,4508,10.64777387231126,1
2025-07-23,News24,536,4,656,5.397578785193647,0
2025-07-23,StarTV,534,1,980,4.324252343593104,0
2025-07-23,ZeeTV,507,11,682,4.95235115618939,0
2025-07-23,SunTV,510,1,789,4.995710105404946,0
2025-07-23,ABPNews,551,1,955,5.278517739853489,0
2025-07-23,NDTV,521,1,1063,4.437412495845076,0
2025-07-23,IndiaTV,529,8,1045,4.690458116798364,0
2025-07-23,CNNNews18,553,1,1014,4.455445308910059,0
2025-07-23,TimesNow,508,1,828,4.1268159153277955,0
2025-07-23,RepublicTV,520,1,909,5.147523455245625,0
2025-07-23,TV9,556,1,822,4.1185290660617415,0
2025-07-23,Asianet,522,1,1044,4.255415512571396,0
2025-07-23,Colors,519,1,1068,5.186919081238029,0
2025-07-23,SonyTV,500,9,820,4.082882991455413,0
2025-07-23,StarPlus,545,4,842,4.730274038436646,0
2025-07-23,ZeeCinema,557,1,891,5.586684485316572,0
2025-07-23,StarMovies,555,7,787,4.64276596015755,0
2025-07-23,HBO,526,1,1112,4.45889734332077,0
2025-07-23,Discovery,534,1,1056,5.360376368625877,0
2025-07-23,NationalGeographic,528,6,1013,5.23378968098798,0
2025-07-23,AnimalPlanet,518,1,737,4.193599033286174,0
2025-07-23,HistoryTV18,555,2,994,4.034246050262727,0
2025-07-23,CartoonNetwork,545,7,1086,4.711199250531316,0
2025-07-23,Pogo,540,1,885,5.1144983973928735,0
2025-07-23,Nickelodeon,509,1,638,3.8869044538995605,0
2025-07-23,SonyMax,535,1,901,4.982992224853208,0
2025-07-23,ZeeTelugu,522,1,750,4.818146078042623,0
2025-07-23,ETV,567,1,882,4.676627710081056,0
2025-07-23,GeminiTV,548,5,953,5.0667261305594185,0
2025-07-23,MaaTV,516,12,692,4.794603692576855,0
2025-07-23,UdayaTV,558,11,777,4.0370409556641045,0
2025-07-23,SuryaTV,540,1,1042,4.7349693695204635,0
2025-07-23,KTV,509,1,1035,4.9951522412077995,0
2025-07-23,JayaTV,563,1,1005,4.1120364886225325,0
2025-07-23,RajTV,511,12,773,4.79666327375996,0
2025-07-23,KalaignarTV,524,1,1100,5.225573102138787,0
2025-07-23,DDNews,524,1,1010,4.181718937871171,0
2025-07-23,DDNational,540,12,997,4.309354269202107,0
2025-07-23,DDSports,522,2,944,4.767904543887779,0
2025-07-23,TenSports,524,1,1164,5.148552270479011,0
2025-07-23,StarSports,555,1,791,5.209386670700108,0
2025-07-23,SonySports,522,14,1131,4.833117866101611,0
2025-07-23,Eurosport,566,14,979,5.387429931213839,0
2025-07-23,CNBC,534,1,1109,4.699759457461773,0
2025-07-23,BloombergTV,534,4,1169,5.369335664186312,0
2025-07-23,BBCWorld,536,1,827,4.803753150063201,0
2025-07-23,AlJazeera,520,2,949,3.9594918696364934,0
2025-07-23,France24,523,1,1003,4.87705485557379,0
2025-07-23,VH1,517,1,809,5.360582778048708,0
2025-07-23,MTV,553,1,705,4.905526468222041,0
2025-07-24,News24,22,219,4858,10.274454069920804,1
2025-07-24,StarTV,-20,235,4655,9.939100113147168,1
2025-07-24,ZeeTV,11,211,5289,10.243682546114584,1
2025-07-24,SunTV,7,230,5124,10.08580203644113,1
2025-07-24,ABPNews,33,226,4764,10.411676266302006,1
2025-07-24,NDTV,27,218,5045,10.660087018461658,1
2025-07-24,IndiaTV,27,250,4663,10.461905856986803,1
2025-07-24,CNNNews18,55,238,4746,10.794778341148119,1
2025-07-24,TimesNow,37,219,4701,10.181492720284401,1
2025-07-24,RepublicTV,27,230,4578,9.868909288304497,1
2025-07-24,TV9,-9,235,5060,10.356019973635043,1
2025-07-24,Asianet,8,229,4853,11.081910679348365,1
2025-07-24,Colors,-2,224,4872,10.393974021329932,1
2025-07-24,SonyTV,49,244,5014,10.259175317168912,1
2025-07-24,StarPlus,-15,217,4998,10.444751417191942,1
2025-07-24,ZeeCinema,-5,205,4925,11.328829693346615,1
2025-07-24,StarMovies,45,221,5154,9.718528551298734,1
2025-07-24,HBO,10,242,4798,10.00981366777922,1
2025-07-24,Discovery,25,248,4821,10.548465198086976,1
2025-07-24,NationalGeographic,43,240,4881,10.70410344262738,1
2025-07-24,AnimalPlanet,39,234,4675,10.135174553987556,1
2025-07-24,HistoryTV18,16,250,4853,9.893010390674606,1
2025-07-24,CartoonNetwork,21,222,5004,10.030393028565394,1
2025-07-24,Pogo,7,246,4689,9.777421084297721,1
2025-07-24,Nickelodeon,22,248,5082,10.411900765129674,1
2025-07-24,SonyMax,37,216,4962,10.471507932057037,1
2025-07-24,ZeeTelugu,-11,215,4835,10.118537762979134,1
2025-07-24,ETV,14,208,4739,10.299971588899686,1
2025-07-24,GeminiTV,12,220,5081,10.009675956487817,1
2025-07-24,MaaTV,-5,227,5070,10.37407870443324,1
2025-07-24,UdayaTV,-4,227,4582,10.487823936610189,1
2025-07-24,SuryaTV,13,243,4997,10.637078235767467,1
2025-07-24,KTV,-2,233,4621,9.767349430319358,1
2025-07-24,JayaTV,35,232,4536,10.465234826667874,1
2025-07-24,RajTV,14,247,5009,10.196302963839972,1
2025-07-24,KalaignarTV,33,251,4875,9.349467733215654,1
2025-07-24,DDNews,28,237,4887,9.797248184848641,1
2025-07-24,DDNational,15,210,5038,10.950701661723393,1
2025-07-24,DDSports,4,225,5301,10.884102394654768,1
2025-07-24,TenSports,7,239,5056,9.781052492729065,1
2025-07-24,StarSports,-3,216,4780,10.759438050190273,1
2025-07-24,SonySports,29,221,4732,10.60853128570822,1
2025-07-24,Eurosport,-1,236,4763,9.612452669526935,1
2025-07-24,CNBC,24,223,4911,10.023570608311147,1
2025-07-24,BloombergTV,37,241,4464,10.005311080935428,1
2025-07-24,BBCWorld,-11,222,5054,10.152213355354867,1
2025-07-24,AlJazeera,-5,235,5011,9.794509884490347,1
2025-07-24,France24,-12,212,4694,10.409208731890445,1
2025-07-24,VH1,-5,235,4570,10.552806045557537,1
2025-07-24,MTV,4,247,4865,10.454481927492369,1
2025-07-25,News24,548,1,1095,4.767973322116942,0
2025-07-25,StarTV,566,1,1127,5.760735363575594,0
2025-07-25,ZeeTV,597,11,1096,5.483961305735437,0
2025-07-25,SunTV,576,1,1038,5.241740772605098,0
2025-07-25,ABPNews,582,1,1097,4.371836245990487,0
2025-07-25,NDTV,544,1,962,5.0970779742406505,0
2025-07-25,IndiaTV,602,1,926,5.715207748304493,0
2025-07-25,CNNNews18,598,1,956,5.196218001189097,0
2025-07-25,TimesNow,590,1,1013,5.594195491388724,0
2025-07-25,RepublicTV,572,1,1113,5.057478359692313,0
2025-07-25,TV9,563,1,947,5.821310452721902,0
2025-07-25,Asianet,588,1,773,4.753364939190673,0
2025-07-25,Colors,572,1,996,5.0639382925856165,0
2025-07-25,SonyTV,546,1,1134,5.055876850505056,0
2025-07-25,StarPlus,577,1,944,4.973189610217563,0
2025-07-25,ZeeCinema,575,1,855,5.503107150675209,0
2025-07-25,StarMovies,584,1,744,5.361034554885175,0
2025-07-25,HBO,559,1,984,5.033143874813664,0
2025-07-25,Discovery,583,1,1152,5.037267399313791,0
2025-07-25,NationalGeographic,568,1,1135,5.593270057493477,0
2025-07-25,AnimalPlanet,549,1,1199,5.789197726927097,0
2025-07-25,HistoryTV18,572,1,866,5.265446221247588,0
2025-07-25,CartoonNetwork,548,1,1175,5.473617940763959,0
2025-07-25,Pogo,588,1,1205,4.965962335613756,0
2025-07-25,Nickelodeon,543,1,787,5.286134878514487,0
2025-07-25,SonyMax,592,1,1004,5.10707536046351,0
2025-07-25,ZeeTelugu,579,1,948,5.013190375259221,0
2025-07-25,ETV,551,1,847,4.587229523933284,0
2025-07-25,GeminiTV,572,1,1032,5.9728932140625925,0
2025-07-25,MaaTV,575,1,986,5.626293989662623,0
2025-07-25,UdayaTV,582,1,923,4.405158286347773,0
2025-07-25,SuryaTV,559,1,951,5.280107943465739,0
2025-07-25,KTV,553,1,1113,4.530531002058591,0
2025-07-25,JayaTV,594,11,839,5.057054574403834,0
2025-07-25,RajTV,573,1,966,5.0069264371303195,0
2025-07-25,KalaignarTV,556,1,967,4.409728860049474,0
2025-07-25,DDNews,550,1,895,5.749103767271587,0
2025-07-25,DDNational,610,1,1186,5.79539289655714,0
2025-07-25,DDSports,566,1,1146,5.304045003638145,0
2025-07-25,TenSports,568,1,1101,4.578700206198721,0
2025-07-25,StarSports,578,1,864,5.43444834533237,0
2025-07-25,SonySports,549,1,1038,5.239975879233619,0
2025-07-25,Eurosport,584,1,1060,5.596590143234846,0
2025-07-25,CNBC,583,1,1280,5.736555719637499,0
2025-07-25,BloombergTV,585,1,851,5.7865295029702555,0
2025-07-25,BBCWorld,599,1,1046,4.415105750451301,0
2025-07-25,AlJazeera,579,1,1082,5.668148995034008,0
2025-07-25,France24,600,1,942,5.1513159878906745,0
2025-07-25,VH1,548,5,790,5.376655605710626,0
2025-07-25,MTV,576,1,1221,4.523191291773322,0
2025-07-26,News24,43,208,4815,10.36769775435404,1
2025-07-26,StarTV,38,233,4931,9.81540403466481,1
2025-07-26,ZeeTV,39,206,4835,10.411148241796592,1
2025-07-26,SunTV,5,217,4755,10.651936222473708,1
2025-07-26,ABPNews,8,235,5189,10.544700480307863,1
2025-07-26,NDTV,55,206,5039,10.08499823984115,1
2025-07-26,IndiaTV,24,218,5084,10.85398518902924,1
2025-07-26,CNNNews18,46,226,4870,10.530290851065631,1
2025-07-26,TimesNow,5,211,4664,10.56136375160109,1
2025-07-26,RepublicTV,8,241,4582,10.826951767726545,1
2025-07-26,TV9,41,224,5036,9.985621324105768,1
2025-07-26,Asianet,24,203,4653,9.651829572744559,1
2025-07-26,Colors,41,211,4813,9.83473225329453,1
2025-07-26,SonyTV,42,214,5020,11.24057675005195,1
2025-07-26,StarPlus,5,233,4833,9.636061841226605,1
2025-07-26,ZeeCinema,7,201,4883,10.358743368078537,1
2025-07-26,StarMovies,28,233,4724,10.574387178102882,1
2025-07-26,HBO,0,212,5120,11.14531659135358,1
2025-07-26,Discovery,32,247,4901,10.76724202759238,1
2025-07-26,NationalGeographic,51,238,4517,10.711475638922625,1
2025-07-26,AnimalPlanet,-19,247,4960,10.643402421897372,1
2025-07-26,HistoryTV18,4,234,4992,10.495038903491777,1
2025-07-26,CartoonNetwork,37,235,4571,9.984476705334487,1
2025-07-26,Pogo,52,239,4763,10.043748920852913,1
2025-07-26,Nickelodeon,6,210,4922,10.39940886967745,1
2025-07-26,SonyMax,21,240,4952,10.383172771512948,1
2025-07-26,ZeeTelugu,34,234,4825,10.757940227860605,1
2025-07-26,ETV,8,228,4879,10.211985460058013,1
2025-07-26,GeminiTV,4,236,5044,9.979174406870996,1
2025-07-26,MaaTV,3,224,5096,10.12834428669765,1
2025-07-26,UdayaTV,2,239,4534,10.98435971897058,1
2025-07-26,SuryaTV,-7,232,4546,10.875738391762248,1
2025-07-26,KTV,25,236,4908,10.40128143386983,1
2025-07-26,JayaTV,57,219,4934,9.934054120451803,1
2025-07-26,RajTV,-7,243,4905,11.168906917152846,1
2025-07-26,KalaignarTV,2,245,4973,10.879240938357524,1
2025-07-26,DDNews,32,229,4918,10.552240057965108,1
2025-07-26,DDNational,-14,224,5034,10.558464341134957,1
2025-07-26,DDSports,60,206,5021,9.757987874346775,1
2025-07-26,TenSports,37,221,5033,10.00198399256885,1
2025-07-26,StarSports,52,242,4938,10.345126013908471,1
2025-07-26,SonySports,11,224,4856,10.983337007289812,1
2025-07-26,Eurosport,41,219,5064,10.739205840691257,1
2025-07-26,CNBC,23,235,5025,10.747962057231069,1
2025-07-26,BloombergTV,28,217,4475,10.639604806975411,1
2025-07-26,BBCWorld,-9,221,4860,10.616826689609239,1
2025-07-26,AlJazeera,22,235,4781,10.489224046081548,1
2025-07-26,France24,37,237,4962,10.54079186750032,1
2025-07-26,VH1,-8,229,4851,9.811161980517317,1
2025-07-26,MTV,22,245,4557,11.227128463481558,1
2025-07-27,News24,526,1,1118,4.814655799691198,0
2025-07-27,StarTV,541,1,861,4.964093541301813,0
2025-07-27,ZeeTV,526,1,909,5.08606867524097,0
2025-07-27,SunTV,544,5,781,4.3437843276658095,0
2025-07-27,ABPNews,520,1,903,4.298461686326428,0
2025-07-27,NDTV,542,1,1035,5.363382396591439,0
2025-07-27,IndiaTV,580,4,821,4.44075929859051,0
2025-07-27,CNNNews18,517,4,782,4.925538597459218,0
2025-07-27,TimesNow,540,1,1077,5.446717189300004,0
2025-07-27,RepublicTV,554,4,995,5.055351835887721,0
2025-07-27,TV9,547,1,959,5.0706253314724705,0
2025-07-27,Asianet,576,4,829,4.7933276259532756,0
2025-07-27,Colors,540,1,1063,4.80794164636206,0
2025-07-27,SonyTV,541,6,984,5.228625853947414,0
2025-07-27,StarPlus,542,1,1034,4.891402598685731,0
2025-07-27,ZeeCinema,543,4,1110,5.147633344512242,0
2025-07-27,StarMovies,565,1,1154,5.114209870129946,0
2025-07-27,HBO,541,1,1046,4.484494474703551,0
2025-07-27,Discovery,527,1,926,5.275259479195291,0
2025-07-27,NationalGeographic,514,1,1056,5.243080459207054,0
2025-07-27,AnimalPlanet,538,1,1142,5.520969053452437,0
2025-07-27,HistoryTV18,517,1,790,5.512888305326305,0
2025-07-27,CartoonNetwork,548,12,1045,4.841254674426836,0
2025-07-27,Pogo,549,1,1015,4.9966471183345,0
2025-07-27,Nickelodeon,537,1,861,5.013535631675188,0
2025-07-27,SonyMax,550,1,1138,5.066877238465139,0
2025-07-27,ZeeTelugu,572,1,875,5.396154638938403,0
2025-07-27,ETV,570,12,726,5.5258514151666525,0
2025-07-27,GeminiTV,560,8,1073,4.365191615074276,0
2025-07-27,MaaTV,522,1,781,4.141893944101039,0
2025-07-27,UdayaTV,529,1,841,5.2611940833329705,0
2025-07-27,SuryaTV,570,1,1060,4.882764368728753,0
2025-07-27,KTV,517,1,1144,4.636472017067333,0
2025-07-27,JayaTV,559,1,921,4.771436071432151,0
2025-07-27,RajTV,547,13,959,4.743582457928611,0
2025-07-27,KalaignarTV,565,1,732,5.576561327349614,0
2025-07-27,DDNews,523,1,927,4.38765995986314,0
2025-07-27,DDNational,572,1,1002,5.609528055070104,0
2025-07-27,DDSports,520,1,1066,5.5894833180779955,0
2025-07-27,TenSports,558,1,833,4.097607881927316,0
2025-07-27,StarSports,520,2,963,5.558449867312423,0
2025-07-27,SonySports,517,14,1194,4.487747910052433,0
2025-07-27,Eurosport,565,1,828,5.055488345759578,0
2025-07-27,CNBC,526,1,842,4.8572688829597475,0
2025-07-27,BloombergTV,550,1,929,5.194309955708517,0
2025-07-27,BBCWorld,564,1,899,5.599530044968999,0
2025-07-27,AlJazeera,541,1,1138,4.933994125746619,0
2025-07-27,France24,560,1,885,5.4791987675966,0
2025-07-27,VH1,553,1,1087,4.328229210739248,0
2025-07-27,MTV,533,1,855,4.997543936690781,0
2025-07-28,News24,22,210,5062,10.284701521063848,1
2025-07-28,StarTV,-19,223,4924,10.03491146242047,1
2025-07-28,ZeeTV,-8,256,5033,9.78396000839299,1
2025-07-28,SunTV,25,241,4818,11.172830453010432,1
2025-07-28,ABPNews,-6,232,4892,10.369111685066967,1
2025-07-28,NDTV,13,209,5128,10.917957521057756,1
2025-07-28,IndiaTV,35,254,5054,10.682866580273219,1
2025-07-28,CNNNews18,-7,222,5314,10.648719165282177,1
2025-07-28,TimesNow,27,218,4905,10.380646651101399,1
2025-07-28,RepublicTV,28,248,4895,10.453699971360168,1
2025-07-28,TV9,2,233,4927,10.347592734927426,1
2025-07-28,Asianet,44,226,4787,11.189114230264142,1
2025-07-28,Colors,23,251,4713,11.25089698149297,1
2025-07-28,SonyTV,24,239,4704,11.172134787963964,1
2025-07-28,StarPlus,41,228,4949,10.917776478818555,1
2025-07-28,ZeeCinema,12,256,5087,9.971063554428028,1
2025-07-28,StarMovies,41,229,4759,10.497947121542598,1
2025-07-28,HBO,33,230,4991,10.16597926911765,1
2025-07-28,Discovery,-2,233,4796,10.475388462068299,1
2025-07-28,NationalGeographic,-4,228,4812,11.221045760537045,1
2025-07-28,AnimalPlanet,-6,255,5308,10.392885647962704,1
2025-07-28,HistoryTV18,0,235,5052,10.793280502774671,1
2025-07-28,CartoonNetwork,47,230,5192,9.618146460388362,1
2025-07-28,Pogo,37,231,5124,10.563439095120744,1
2025-07-28,Nickelodeon,12,239,4742,10.39476758251295,1
2025-07-28,SonyMax,24,218,4926,10.343812468938953,1
2025-07-28,ZeeTelugu,29,244,5005,10.159880056508673,1
2025-07-28,ETV,4,226,4951,10.069941218869397,1
2025-07-28,GeminiTV,34,240,4881,10.294361570018003,1
2025-07-28,MaaTV,15,259,5087,10.839081265067362,1
2025-07-28,UdayaTV,55,234,5020,10.877558463694193,1
2025-07-28,SuryaTV,3,224,5031,10.626504367059024,1
2025-07-28,KTV,42,237,4884,9.954101014987794,1
2025-07-28,JayaTV,46,241,4959,10.883556920856568,1
2025-07-28,RajTV,46,240,4996,11.27832980583967,1
2025-07-28,KalaignarTV,11,241,4696,10.04656481116791,1
2025-07-28,DDNews,-2,248,4989,10.796936128007333,1
2025-07-28,DDNational,22,241,4785,9.995205599606328,1
2025-07-28,DDSports,16,243,4869,11.209182445909365,1
2025-07-28,TenSports,17,225,5283,10.469761780654284,1
2025-07-28,StarSports,-5,246,4610,10.078489856677665,1
2025-07-28,SonySports,33,213,4952,10.141746984793544,1
2025-07-28,Eurosport,-3,228,5148,10.275436390199088,1
2025-07-28,CNBC,16,254,4999,10.062044591278417,1
2025-07-28,BloombergTV,3,239,5060,11.150359532072088,1
2025-07-28,BBCWorld,9,213,4665,10.435808612513004,1
2025-07-28,AlJazeera,-4,212,4741,10.043107414962915,1
2025-07-28,France24,27,229,4839,10.204000804146478,1
2025-07-28,VH1,17,256,4669,11.224026385752968,1
2025-07-28,MTV,30,232,4800,10.918908718289806,1
2025-07-29,News24,572,1,776,4.4442129820331795,0
2025-07-29,StarTV,584,1,1078,5.037643031234285,0
2025-07-29,ZeeTV,571,1,845,5.348554015887934,0
2025-07-29,SunTV,576,1,1028,5.217030713576735,0
2025-07-29,ABPNews,562,1,1066,5.420336301421382,0
2025-07-29,NDTV,566,1,819,4.715460327516296,0
2025-07-29,IndiaTV,597,2,1057,5.058651876326706,0
2025-07-29,CNNNews18,556,1,802,4.655398130054283,0
2025-07-29,TimesNow,583,1,1148,5.216650470329318,0
2025-07-29,RepublicTV,593,1,812,4.637776260739576,0
2025-07-29,TV9,593,1,872,5.934721943944651,0
2025-07-29,Asianet,610,1,1293,5.606487253621885,0
2025-07-29,Colors,568,1,977,5.753872348149281,0
2025-07-29,SonyTV,600,1,1213,4.6080041264006715,0
2025-07-29,StarPlus,572,1,894,5.256290904802739,0
2025-07-29,ZeeCinema,550,5,1089,5.0410460045655565,0
2025-07-29,StarMovies,577,1,996,4.747071986612787,0
2025-07-29,HBO,583,4,1206,4.549434114470508,0
2025-07-29,Discovery,611,1,1103,5.059802986731153,0
2025-07-29,NationalGeographic,582,1,1067,5.123009707732535,0
2025-07-29,AnimalPlanet,580,1,986,5.609408967336051,0
2025-07-29,HistoryTV18,598,1,917,4.988210524721701,0
2025-07-29,CartoonNetwork,594,1,971,5.260338746508979,0
2025-07-29,Pogo,604,1,1078,5.505024008451193,0
2025-07-29,Nickelodeon,591,1,1132,4.833024430211234,0
2025-07-29,SonyMax,586,1,1055,4.3842577876969235,0
2025-07-29,ZeeTelugu,585,1,1161,4.975664711602779,0
2025-07-29,ETV,599,1,1267,5.214733629642935,0
2025-07-29,GeminiTV,595,1,869,4.892191079188571,0
2025-07-29,MaaTV,578,4,1023,5.008336039190523,0
2025-07-29,UdayaTV,559,1,1235,5.132432331468862,0
2025-07-29,SuryaTV,601,1,1073,4.4853490521717,0
2025-07-29,KTV,603,7,1112,5.153913933329567,0
2025-07-29,JayaTV,560,1,1050,5.5152424845071195,0
2025-07-29,RajTV,564,1,1129,4.763005303480897,0
2025-07-29,KalaignarTV,604,1,1006,5.042162385762051,0
2025-07-29,DDNews,605,1,1115,5.305379639016022,0
2025-07-29,DDNational,607,1,1166,5.575264393595874,0
2025-07-29,DDSports,596,1,955,5.967384844506325,0
2025-07-29,TenSports,577,1,973,5.069191247878016,0
2025-07-29,StarSports,613,5,939,4.968702573026473,0
2025-07-29,SonySports,567,1,1213,4.494531106785196,0
2025-07-29,Eurosport,571,1,872,5.467197561820482,0
2025-07-29,CNBC,568,1,971,4.376646717536297,0
2025-07-29,BloombergTV,556,2,1038,5.130969964757058,0
2025-07-29,BBCWorld,613,1,926,5.550133648583808,0
2025-07-29,AlJazeera,596,1,1265,4.732865926974768,0
2025-07-29,France24,614,1,810,5.718041570753654,0
2025-07-29,VH1,593,1,1155,4.698930084127787,0
2025-07-29,MTV,610,1,1169,5.244289392825375,0
2025-07-30,News24,-5,241,4761,10.127547721531204,1
2025-07-30,StarTV,-2,231,4921,11.197350136799809,1
2025-07-30,ZeeTV,2,226,4671,10.286884517560306,1
2025-07-30,SunTV,-1,207,4996,10.047136293688165,1
2025-07-30,ABPNews,38,230,4852,10.064257037475445,1
2025-07-30,NDTV,40,233,4824,11.05681567072431,1
2025-07-30,IndiaTV,48,226,4833,10.665231570266778,1
2025-07-30,CNNNews18,32,232,5104,10.190458213976875,1
2025-07-30,TimesNow,25,218,5242,10.03466956451602,1
2025-07-30,RepublicTV,12,222,5172,10.678103439020118,1
2025-07-30,TV9,11,231,4679,9.606721898038154,1
2025-07-30,Asianet,-5,232,5000,10.98729925243636,1
2025-07-30,Colors,-8,228,5116,10.503023878307424,1
2025-07-30,SonyTV,13,244,5249,9.581287524202377,1
2025-07-30,StarPlus,-5,221,5173,10.0429034566674,1
2025-07-30,ZeeCinema,44,229,5178,10.58059637142277,1
2025-07-30,StarMovies,46,234,5182,10.03047638118989,1
2025-07-30,HBO,-1,249,5039,9.9649976643197,1
2025-07-30,Discovery,50,215,5104,9.69561434897462,1
2025-07-30,NationalGeographic,-5,231,4958,10.72541854317681,1
2025-07-30,AnimalPlanet,42,237,4825,10.65049179864713,1
2025-07-30,HistoryTV18,-13,235,4916,9.824134079011877,1
2025-07-30,CartoonNetwork,23,242,5190,11.14921264494989,1
2025-07-30,Pogo,18,228,4785,10.427602138969858,1
2025-07-30,Nickelodeon,43,229,5159,9.515164688631785,1
2025-07-30,SonyMax,16,228,4986,10.20431309877971,1
2025-07-30,ZeeTelugu,51,238,4661,10.540799939701131,1
2025-07-30,ETV,14,242,5133,9.658213213192726,1
2025-07-30,GeminiTV,32,254,4919,10.800548961015108,1
2025-07-30,MaaTV,-5,218,5002,10.740554959676903,1
2025-07-30,UdayaTV,39,234,4994,10.794756568006962,1
2025-07-30,SuryaTV,30,243,4734,9.71985633163262,1
2025-07-30,KTV,58,217,5038,10.113924375447665,1
2025-07-30,JayaTV,51,225,5009,9.531459020484206,1
2025-07-30,RajTV,46,233,5141,10.362720976587076,1
2025-07-30,KalaignarTV,40,208,4841,11.128178103030814,1
2025-07-30,DDNews,11,230,4766,10.235515750711489,1
2025-07-30,DDNational,12,249,4956,9.946323479628937,1
2025-07-30,DDSports,18,231,5199,10.927951876029285,1
2025-07-30,TenSports,-2,203,4880,9.893275118592376,1
2025-07-30,StarSports,22,204,4899,10.169093868410357,1
2025-07-30,SonySports,14,243,5145,10.359784636128225,1
2025-07-30,Eurosport,38,236,5063,10.38380161402325,1
2025-07-30,CNBC,-11,210,5218,10.35586945381171,1
2025-07-30,BloombergTV,16,211,5437,11.100721700883032,1
2025-07-30,BBCWorld,20,235,4904,10.861406507486793,1
2025-07-30,AlJazeera,-11,241,5221,10.336354178805257,1
2025-07-30,France24,2,247,4836,10.111362393019242,1
2025-07-30,VH1,12,222,5152,10.60769952024712,1
2025-07-30,MTV,32,256,4949,10.876137694187289,1
2025-07-31,News24,526,1,942,5.506661344883311,0
2025-07-31,StarTV,548,10,771,4.999397000820911,0
2025-07-31,ZeeTV,563,1,911,5.538372397804611,0
2025-07-31,SunTV,551,1,793,5.552599575470374,0
2025-07-31,ABPNews,577,6,1209,4.633434898194494,0
2025-07-31,NDTV,568,4,1062,5.05519919038946,0
2025-07-31,IndiaTV,555,1,1251,4.13573454532129,0
2025-07-31,CNNNews18,530,1,953,4.144506140375702,0
2025-07-31,TimesNow,577,1,835,4.290693712388173,0
2025-07-31,RepublicTV,528,1,1129,4.927595784227802,0
2025-07-31,TV9,554,13,839,5.272401759730252,0
2025-07-31,Asianet,534,7,966,4.340421445902863,0
2025-07-31,Colors,562,1,891,4.837327505345245,0
2025-07-31,SonyTV,562,1,927,4.199882446056887,0
2025-07-31,StarPlus,539,14,1007,4.437534195970621,0
2025-07-31,ZeeCinema,552,1,1075,4.829737908927456,0
2025-07-31,StarMovies,523,1,1003,4.670196301801302,0
2025-07-31,HBO,575,1,905,5.235811513010781,0
2025-07-31,Discovery,538,10,1124,5.020375872323784,0
2025-07-31,NationalGeographic,538,12,1052,5.357574298375846,0
2025-07-31,AnimalPlanet,534,1,977,4.26863539185442,0
2025-07-31,HistoryTV18,565,8,827,4.8235261337767525,0
2025-07-31,CartoonNetwork,543,8,1077,4.366441730869788,0
2025-07-31,Pogo,579,1,776,4.641574421058419,0
2025-07-31,Nickelodeon,583,1,931,4.425692818656599,0
2025-07-31,SonyMax,545,14,1068,4.050536206374537,0
2025-07-31,ZeeTelugu,583,1,1070,4.776278286746329,0
2025-07-31,ETV,555,1,897,5.011975330200239,0
2025-07-31,GeminiTV,566,1,807,4.231260263618937,0
2025-07-31,MaaTV,558,1,1091,4.191058689371077,0
2025-07-31,UdayaTV,553,1,801,4.976584094434084,0
2025-07-31,SuryaTV,538,1,887,4.914342793645232,0
2025-07-31,KTV,552,1,806,5.179965810081086,0
2025-07-31,JayaTV,572,2,696,4.911037519005025,0
2025-07-31,RajTV,590,1,925,4.975469655849827,0
2025-07-31,KalaignarTV,541,15,883,5.583397899071151,0
2025-07-31,DDNews,528,3,886,4.294204904368736,0
2025-07-31,DDNational,555,3,905,5.650915596079938,0
2025-07-31,DDSports,534,1,976,5.320584351169057,0
2025-07-31,TenSports,534,1,1013,4.7608997375823705,0
2025-07-31,StarSports,573,1,932,5.0722492241357084,0
2025-07-31,SonySports,539,1,853,5.136565036146106,0
2025-07-31,Eurosport,581,4,896,5.213189809314539,0
2025-07-31,CNBC,526,1,820,4.649039878391795,0
2025-07-31,BloombergTV,561,1,936,5.074340629870828,0
2025-07-31,BBCWorld,563,1,1126,4.564440364492593,0
2025-07-31,AlJazeera,566,1,1111,4.6106889562258395,0
2025-07-31,France24,529,1,944,4.800638741397612,0
2025-07-31,VH1,583,8,903,4.293143292425578,0
2025-07-31,MTV,568,5,1109,5.041980247895548,0
2025-08-01,News24,549,1,848,5.074519284375229,0
2025-08-01,StarTV,544,1,833,4.5826479344540525,0
2025-08-01,ZeeTV,572,3,959,4.4105608606772275,0
2025-08-01,SunTV,553,7,738,4.573029330215524,0
2025-08-01,ABPNews,550,1,772,4.4896683530326,0
2025-08-01,NDTV,500,1,1060,4.88947417504959,0
2025-08-01,IndiaTV,501,9,686,4.073465748865796,0
2025-08-01,CNNNews18,535,1,1162,4.094147678956494,0
2025-08-01,TimesNow,499,1,1075,4.6054327841618,0
2025-08-01,RepublicTV,549,1,737,4.067296328375184,0
2025-08-01,TV9,543,1,1035,4.167744960067615,0
2025-08-01,Asianet,513,1,801,5.0983621853033565,0
2025-08-01,Colors,545,5,946,4.180015391482252,0
2025-08-01,SonyTV,513,1,776,4.011290224562578,0
2025-08-01,StarPlus,532,1,899,4.418928267416963,0
2025-08-01,ZeeCinema,535,7,986,5.170655179390882,0
2025-08-01,StarMovies,504,5,1139,4.51400858388755,0
2025-08-01,HBO,530,1,596,4.33610983413009,0
2025-08-01,Discovery,539,10,958,4.240605003706197,0
2025-08-01,NationalGeographic,509,1,666,4.317051918914315,0
2025-08-01,AnimalPlanet,516,11,721,5.063173822850362,0
2025-08-01,HistoryTV18,518,1,1067,3.9211182079567357,0
2025-08-01,CartoonNetwork,558,9,992,3.90488499751393,0
2025-08-01,Pogo,525,2,952,5.3117429191617935,0
2025-08-01,Nickelodeon,511,1,949,3.9209617911220325,0
2025-08-01,SonyMax,570,6,943,4.320899417028468,0
2025-08-01,ZeeTelugu,530,1,815,3.9984149510749756,0
2025-08-01,ETV,516,6,994,4.77947634401865,0
2025-08-01,GeminiTV,530,1,877,4.161165326086077,0
2025-08-01,MaaTV,558,5,981,4.337012823398855,0
2025-08-01,UdayaTV,509,6,922,5.101763327375372,0
2025-08-01,SuryaTV,542,1,944,4.267189966828192,0
2025-08-01,KTV,517,1,962,5.330386274930252,0
2025-08-01,JayaTV,516,12,1057,4.317414290738937,0
2025-08-01,RajTV,503,1,727,4.73042125209434,0
2025-08-01,KalaignarTV,542,14,954,3.660138805289012,0
2025-08-01,DDNews,517,5,964,4.184386982998182,0
2025-08-01,DDNational,525,1,988,4.518294658757155,0
2025-08-01,DDSports,546,12,983,4.642495337535817,0
2025-08-01,TenSports,517,1,860,5.164411020469372,0
2025-08-01,StarSports,543,5,866,4.797190541125756,0
2025-08-01,SonySports,535,7,668,4.366633281671642,0
2025-08-01,Eurosport,542,1,883,3.903405208561304,0
2025-08-01,CNBC,513,4,691,5.11336796869009,0
2025-08-01,BloombergTV,519,1,1120,3.850394364619135,0
2025-08-01,BBCWorld,554,1,934,4.851497722169372,0
2025-08-01,AlJazeera,552,1,1029,4.047300073109339,0
2025-08-01,France24,529,4,933,4.474055328507614,0
2025-08-01,VH1,528,1,721,4.085395347052561,0
2025-08-01,MTV,544,1,621,4.145853253764598,0
2025-08-02,News24,19,218,4188,9.275809148013213,1
2025-08-02,StarTV,28,199,4559,9.874432499245545,1
2025-08-02,ZeeTV,50,215,4245,10.170967627661723,1
2025-08-02,SunTV,-1,208,4789,9.802508089711148,1
2025-08-02,ABPNews,51,209,4143,9.579649589979631,1
2025-08-02,NDTV,34,229,4089,10.499313264511414,1
2025-08-02,IndiaTV,0,210,4096,10.663760005069621,1
2025-08-02,CNNNews18,21,184,4428,10.508442488255296,1
2025-08-02,TimesNow,59,188,4498,10.767896655568666,1
2025-08-02,RepublicTV,49,194,4718,10.455511479210227,1
2025-08-02,TV9,34,202,4433,9.656232809779432,1
2025-08-02,Asianet,67,183,4388,8.9752787649012,1
2025-08-02,Colors,27,209,4315,9.847660023282643,1
2025-08-02,SonyTV,21,218,4353,10.05691732932952,1
2025-08-02,StarPlus,11,197,4310,10.252975225250637,1
2025-08-02,ZeeCinema,23,191,4284,10.236984824778323,1
2025-08-02,StarMovies,27,223,4826,9.939307990179183,1
2025-08-02,HBO,36,221,4498,9.759906379973323,1
2025-08-02,Discovery,47,195,4137,9.843832398970857,1
2025-08-02,NationalGeographic,59,233,4575,9.095038162930793,1
2025-08-02,AnimalPlanet,45,187,4556,10.044248396396267,1
2025-08-02,HistoryTV18,13,213,4322,9.191957692175066,1
2025-08-02,CartoonNetwork,23,204,4414,9.36523944802896,1
2025-08-02,Pogo,46,203,4243,9.432833629812357,1
2025-08-02,Nickelodeon,8,209,4317,9.482439577347597,1
2025-08-02,SonyMax,48,188,4386,9.285728516529371,1
2025-08-02,ZeeTelugu,70,233,4230,10.099063391361236,1
2025-08-02,ETV,41,191,4141,9.854979420853532,1
2025-08-02,GeminiTV,56,198,4636,9.592352441722703,1
2025-08-02,MaaTV,38,220,4544,9.844535241604804,1
2025-08-02,UdayaTV,13,210,4762,10.015722833905533,1
2025-08-02,SuryaTV,-3,204,4493,10.626041885649254,1
2025-08-02,KTV,40,202,4619,9.436886532651489,1
2025-08-02,JayaTV,49,215,4484,9.806800320705085,1
2025-08-02,RajTV,8,216,4578,10.73296841047918,1
2025-08-02,KalaignarTV,35,220,4146,10.420615314176906,1
2025-08-02,DDNews,35,217,4628,10.299771742506653,1
2025-08-02,DDNational,43,191,4760,9.797882345227068,1
2025-08-02,DDSports,1,190,4436,9.55650820750399,1
2025-08-02,TenSports,18,214,4605,10.191096943902636,1
2025-08-02,StarSports,15,212,4812,9.544036470805368,1
2025-08-02,SonySports,49,220,4345,9.808189684968873,1
2025-08-02,Eurosport,36,194,4558,9.513595469099943,1
2025-08-02,CNBC,31,210,4701,10.295278408849759,1
2025-08-02,BloombergTV,0,205,4662,9.825287349143522,1
2025-08-02,BBCWorld,12,210,4499,9.763802978180578,1
2025-08-02,AlJazeera,34,199,4597,10.309820404201005,1
2025-08-02,France24,10,229,4401,10.398370385542414,1
2025-08-02,VH1,68,193,4422,9.918225089856147,1
2025-08-02,MTV,23,198,4262,9.365252264833579,1
2025-08-03,News24,496,3,728,3.6868170694003783,0
2025-08-03,StarTV,523,19,762,3.696037527108987,0
2025-08-03,ZeeTV,488,11,1025,3.6870820376209656,0
2025-08-03,SunTV,513,5,776,3.8835068068733167,0
2025-08-03,ABPNews,460,2,737,4.123821956962728,0
2025-08-03,NDTV,475,7,941,4.55943019077469,0
2025-08-03,IndiaTV,490,1,1056,4.7776515585811,0
2025-08-03,CNNNews18,499,2,954,4.4264349198941515,0
2025-08-03,TimesNow,468,6,957,3.469525977006104,0
2025-08-03,RepublicTV,485,4,776,4.18318474276016,0
2025-08-03,TV9,493,1,857,3.4392814125288256,0
2025-08-03,Asianet,485,16,618,4.103786243141414,0
2025-08-03,Colors,480,10,781,4.710451390034358,0
2025-08-03,SonyTV,506,14,988,3.8524607276473035,0
2025-08-03,StarPlus,479,1,1076,3.596397718519614,0
2025-08-03,ZeeCinema,462,11,921,3.7291484326468325,0
2025-08-03,StarMovies,496,10,731,3.754774076490563,0
2025-08-03,HBO,500,12,928,3.732899660871308,0
2025-08-03,Discovery,473,9,832,4.537480641227753,0
2025-08-03,NationalGeographic,452,3,866,4.859598555726209,0
2025-08-03,AnimalPlanet,489,1,948,4.13263596242432,0
2025-08-03,HistoryTV18,517,5,923,3.70454733566105,0
2025-08-03,CartoonNetwork,506,1,1003,3.8731158194102466,0
2025-08-03,Pogo,479,1,571,4.54765422268493,0
2025-08-03,Nickelodeon,469,1,1008,4.158026880649676,0
2025-08-03,SonyMax,487,1,581,4.485465767985236,0
2025-08-03,ZeeTelugu,494,1,1064,4.248833953569382,0
2025-08-03,ETV,491,13,840,3.2575084230604645,0
2025-08-03,GeminiTV,470,1,675,4.054278365374663,0
2025-08-03,MaaTV,480,1,816,4.88379278522963,0
2025-08-03,UdayaTV,498,3,891,3.401522247921278,0
2025-08-03,SuryaTV,462,1,841,4.4353159076908515,0
2025-08-03,KTV,467,1,594,3.8203240991608833,0
2025-08-03,JayaTV,475,1,873,4.474809213348728,0
2025-08-03,RajTV,502,1,918,3.85152843539653,0
2025-08-03,KalaignarTV,490,8,870,3.5932087834910327,0
2025-08-03,DDNews,482,1,698,4.711728186052013,0
2025-08-03,DDNational,457,5,887,3.8029008855588664,0
2025-08-03,DDSports,488,4,1002,3.541024010946226,0
2025-08-03,TenSports,465,7,577,3.7189223898245234,0
2025-08-03,StarSports,469,3,832,3.541991628042378,0
2025-08-03,SonySports,462,1,750,4.661091077764852,0
2025-08-03,Eurosport,482,1,641,3.997516638546032,0
2025-08-03,CNBC,464,1,886,4.695588774056545,0
2025-08-03,BloombergTV,480,1,865,3.8541470551273713,0
2025-08-03,BBCWorld,458,1,909,3.9129220480056586,0
2025-08-03,AlJazeera,493,1,781,3.6064691298371865,0
2025-08-03,France24,515,1,891,4.0192880666213,0
2025-08-03,VH1,460,4,867,3.475516875663177,0
2025-08-03,MTV,458,17,714,4.612758975325324,0
2025-08-04,News24,19,226,4142,10.772526107252814,1
2025-08-04,StarTV,33,204,4710,9.961962151091887,1
2025-08-04,ZeeTV,44,207,4468,10.407634171401384,1
2025-08-04,SunTV,11,217,4849,10.681841295120023,1
2025-08-04,ABPNews,33,215,4561,9.942981423183149,1
2025-08-04,NDTV,51,204,4241,9.997412406969502,1
2025-08-04,IndiaTV,43,225,4536,9.81142159316282,1
2025-08-04,CNNNews18,19,222,4740,9.371380480318571,1
2025-08-04,TimesNow,35,204,4205,9.647217320374072,1
2025-08-04,RepublicTV,47,199,4518,10.733695402512225,1
2025-08-04,TV9,13,237,4422,10.508454952204366,1
2025-08-04,Asianet,2,228,4730,10.442906168458002,1
2025-08-04,Colors,49,185,4556,10.013652931899278,1
2025-08-04,SonyTV,41,235,4772,9.768717352020234,1
2025-08-04,StarPlus,45,241,4483,9.724124213579085,1
2025-08-04,ZeeCinema,-3,202,4602,10.101437923824264,1
2025-08-04,StarMovies,38,204,4475,9.406838771449333,1
2025-08-04,HBO,33,195,4580,10.006209244200878,1
2025-08-04,Discovery,14,225,4660,9.810688141823002,1
2025-08-04,NationalGeographic,44,206,4562,9.933092764651382,1
2025-08-04,AnimalPlanet,36,221,4562,10.199346436610828,1
2025-08-04,HistoryTV18,47,202,4424,10.001326599172117,1
2025-08-04,CartoonNetwork,45,226,4825,10.279538157610132,1
2025-08-04,Pogo,23,223,4635,9.969931896893456,1
2025-08-04,Nickelodeon,55,212,4565,10.758327967073402,1
2025-08-04,SonyMax,41,239,4761,10.095943887181924,1
2025-08-04,ZeeTelugu,7,227,4276,9.890927281473713,1
2025-08-04,ETV,5,217,4218,9.383929351055732,1
2025-08-04,GeminiTV,11,204,4425,9.162655684709947,1
2025-08-04,MaaTV,3,225,4276,9.511776008931191,1
2025-08-04,UdayaTV,-3,188,4416,9.38930550772165,1
2025-08-04,SuryaTV,24,211,4672,9.4491728307055,1
2025-08-04,KTV,15,218,4799,10.338576064971932,1
2025-08-04,JayaTV,9,196,4644,10.4330615247269,1
2025-08-04,RajTV,41,211,4542,10.513832989113533,1
2025-08-04,KalaignarTV,57,229,4237,9.134188171957705,1
2025-08-04,DDNews,55,211,4582,10.37694686854619,1
2025-08-04,DDNational,1,210,4867,9.831563693925405,1
2025-08-04,DDSports,20,227,4303,10.296291302716927,1
2025-08-04,TenSports,48,222,4708,10.163043010734768,1
2025-08-04,StarSports,26,228,4724,10.138715792204415,1
2025-08-04,SonySports,13,224,4276,9.763269716236817,1
2025-08-04,Eurosport,16,211,4322,10.682263927707474,1
2025-08-04,CNBC,46,235,4241,10.41046922792735,1
2025-08-04,BloombergTV,5,224,4773,10.68335122881774,1
2025-08-04,BBCWorld,-6,208,4377,10.495083207639277,1
2025-08-04,AlJazeera,23,213,4568,9.697796898681267,1
2025-08-04,France24,11,228,4492,10.728054828579886,1
2025-08-04,VH1,-12,233,4541,9.90078397419944,1
2025-08-04,MTV,47,222,4620,9.785108758253726,1
2025-08-05,News24,536,7,953,4.894638822932181,0
2025-08-05,StarTV,542,7,784,4.5723146327432636,0
2025-08-05,ZeeTV,530,5,978,4.699253349202485,0
2025-08-05,SunTV,503,1,830,4.77217669362839,0
2025-08-05,ABPNews,533,1,1022,4.73178846438255,0
2025-08-05,NDTV,535,1,991,4.491998645860134,0
2025-08-05,IndiaTV,520,1,1008,5.461008414307855,0
2025-08-05,CNNNews18,538,10,1077,4.3701737390476465,0
2025-08-05,TimesNow,502,1,1122,4.7188011388596,0
2025-08-05,RepublicTV,538,1,983,5.351266685156415,0
2025-08-05,TV9,551,1,912,4.649996617507619,0
2025-08-05,Asianet,504,1,802,4.862628813691181,0
2025-08-05,Colors,540,1,762,4.489962101952835,0
2025-08-05,SonyTV,511,1,696,5.349763178816605,0
2025-08-05,StarPlus,551,1,1050,4.3246040151419,0
2025-08-05,ZeeCinema,500,1,1051,4.460676012726063,0
2025-08-05,StarMovies,537,1,1112,5.018876384781575,0
2025-08-05,HBO,522,1,926,5.18783375998996,0
2025-08-05,Discovery,545,1,960,4.8954530011276285,0
2025-08-05,NationalGeographic,517,1,916,5.322256112528984,0
2025-08-05,AnimalPlanet,542,1,901,5.01249758665787,0
2025-08-05,HistoryTV18,522,9,792,5.020806010179025,0
2025-08-05,CartoonNetwork,547,1,1085,3.9489672946123258,0
2025-08-05,Pogo,501,1,778,4.215927837713902,0
2025-08-05,Nickelodeon,545,1,1034,5.206382648915578,0
2025-08-05,SonyMax,495,5,921,4.318462647947879,0
2025-08-05,ZeeTelugu,511,1,871,4.119430902472116,0
2025-08-05,ETV,490,1,1077,5.041748061711184,0
2025-08-05,GeminiTV,542,1,1043,4.685496006899645,0
2025-08-05,MaaTV,521,1,901,5.063057552868337,0
2025-08-05,UdayaTV,544,3,701,5.204822129700216,0
2025-08-05,SuryaTV,537,1,784,4.378942703144081,0
2025-08-05,KTV,504,1,793,5.258918683677592,0
2025-08-05,JayaTV,541,1,868,4.681553700295716,0
2025-08-05,RajTV,500,10,856,5.043409956847041,0
2025-08-05,KalaignarTV,539,1,1076,4.280338430277335,0
2025-08-05,DDNews,542,1,687,4.648554088635531,0
2025-08-05,DDNational,539,1,740,4.233695963715348,0
2025-08-05,DDSports,515,1,852,4.1687247088571375,0
2025-08-05,TenSports,526,1,1012,4.313090001436208,0
2025-08-05,StarSports,505,1,794,4.189201446973827,0
2025-08-05,SonySports,546,7,845,4.325348954764142,0
2025-08-05,Eurosport,542,1,914,4.546691451734616,0
2025-08-05,CNBC,500,1,920,5.157612510666737,0
2025-08-05,BloombergTV,530,11,1037,4.473039045652664,0
2025-08-05,BBCWorld,532,8,790,4.852086443326454,0
2025-08-05,AlJazeera,537,3,989,5.123737957307387,0
2025-08-05,France24,507,1,717,5.1906742748626336,0
2025-08-05,VH1,504,1,1055,4.803368977576838,0
2025-08-05,MTV,530,1,796,4.491391913077786,0
2025-08-06,News24,55,208,4492,9.72917368746318,1
2025-08-06,StarTV,12,194,4487,9.2956587656358,1
2025-08-06,ZeeTV,55,201,4802,9.850362969747767,1
2025-08-06,SunTV,17,218,4157,9.461779181494133,1
2025-08-06,ABPNews,32,225,4580,9.327502740122506,1
2025-08-06,NDTV,-5,213,4580,10.71133100365172,1
2025-08-06,IndiaTV,47,209,4380,9.390399836048763,1
2025-08-06,CNNNews18,41,230,4772,9.539976581792802,1
2025-08-06,TimesNow,25,238,4439,9.15212599168257,1
2025-08-06,RepublicTV,-1,219,4537,10.16312463098663,1
2025-08-06,TV9,20,214,4477,9.448022949498954,1
2025-08-06,Asianet,60,207,4140,10.44623677333761,1
2025-08-06,Colors,20,211,4739,9.816108840644976,1
2025-08-06,SonyTV,46,210,4404,10.239536368457674,1
2025-08-06,StarPlus,12,200,4436,9.220422117227296,1
2025-08-06,ZeeCinema,17,203,4399,10.362335826092686,1
2025-08-06,StarMovies,35,209,4303,9.622744181374578,1
2025-08-06,HBO,9,196,4726,10.088134928620695,1
2025-08-06,Discovery,26,229,4661,10.63358485462462,1
2025-08-06,NationalGeographic,41,209,4169,9.440403975637816,1
2025-08-06,AnimalPlanet,37,233,4525,9.963013544983044,1
2025-08-06,HistoryTV18,6,183,4306,10.61356028178579,1
2025-08-06,CartoonNetwork,27,232,4526,9.95296034657638,1
2025-08-06,Pogo,40,200,4263,9.881929818614871,1
2025-08-06,Nickelodeon,70,208,4819,10.353800503178617,1
2025-08-06,SonyMax,7,187,4829,9.405066506092412,1
2025-08-06,ZeeTelugu,14,223,4619,9.712017263971749,1
2025-08-06,ETV,57,186,4443,10.074727830557755,1
2025-08-06,GeminiTV,36,194,4681,9.962897216976335,1
2025-08-06,MaaTV,20,191,4820,10.116769495884697,1
2025-08-06,UdayaTV,39,226,4479,10.213767719347944,1
2025-08-06,SuryaTV,13,202,4676,9.897140326940438,1
2025-08-06,KTV,30,217,4205,10.038568335526946,1
2025-08-06,JayaTV,42,190,4883,10.72882176521723,1
2025-08-06,RajTV,-7,217,4344,9.601372414703754,1
2025-08-06,KalaignarTV,10,210,4669,10.3300864595708,1
2025-08-06,DDNews,39,226,4366,9.7121682325328,1
2025-08-06,DDNational,55,224,4731,10.53148103181862,1
2025-08-06,DDSports,50,216,4501,10.208876475933707,1
2025-08-06,TenSports,11,212,4844,10.671482116049594,1
2025-08-06,StarSports,41,213,4821,10.365678000335228,1
2025-08-06,SonySports,13,224,4355,10.028848725376136,1
2025-08-06,Eurosport,49,213,4408,9.09842850662737,1
2025-08-06,CNBC,23,209,4595,9.223493399133067,1
2025-08-06,BloombergTV,9,230,4658,9.990608714381116,1
2025-08-06,BBCWorld,67,222,4283,9.462944759011338,1
2025-08-06,AlJazeera,23,193,4090,9.65486474354253,1
2025-08-06,France24,7,233,4478,10.129175459861493,1
2025-08-06,VH1,31,203,4707,9.538874242127013,1
2025-08-06,MTV,39,231,4688,10.580287044327573,1
2025-08-07,News24,509,4,740,4.877394414718552,0
2025-08-07,StarTV,514,1,979,4.733681591763967,0
2025-08-07,ZeeTV,491,1,1082,4.10453963945732,0
2025-08-07,SunTV,516,1,824,3.9410812684196523,0
2025-08-07,ABPNews,514,1,813,4.27143311109554,0
2025-08-07,NDTV,476,1,757,4.168224090088455,0
2025-08-07,IndiaTV,462,9,928,4.440066378117622,0
2025-08-07,CNNNews18,522,10,661,3.739737806072469,0
2025-08-07,TimesNow,525,1,990,4.122790140627406,0
2025-08-07,RepublicTV,493,4,744,4.207498635024485,0
2025-08-07,TV9,514,1,818,4.114416069356932,0
2025-08-07,Asianet,468,3,709,3.966981775839725,0
2025-08-07,Colors,504,1,985,3.987557983015427,0
2025-08-07,SonyTV,467,1,741,4.643695581037801,0
2025-08-07,StarPlus,482,1,582,4.672606882284555,0
2025-08-07,ZeeCinema,503,1,823,4.385829542677233,0
2025-08-07,StarMovies,519,11,686,3.897301797103799,0
2025-08-07,HBO,480,6,666,4.888482475146643,0
2025-08-07,Discovery,480,1,676,4.308016431607958,0
2025-08-07,NationalGeographic,484,1,830,4.500880668887927,0
2025-08-07,AnimalPlanet,510,20,861,4.89929195881421,0
2025-08-07,HistoryTV18,494,1,1034,4.788767976253746,0
2025-08-07,CartoonNetwork,516,1,566,4.576736333118638,0
2025-08-07,Pogo,508,1,1013,3.944298987044691,0
2025-08-07,Nickelodeon,502,1,934,4.088629247389477,0
2025-08-07,SonyMax,487,1,687,5.194220008540645,0
2025-08-07,ZeeTelugu,506,1,935,3.629899465722004,0
2025-08-07,ETV,505,8,974,3.507760864102807,0
2025-08-07,GeminiTV,496,1,788,4.221181091406106,0
2025-08-07,MaaTV,498,1,996,3.6536712562992943,0
2025-08-07,UdayaTV,493,1,762,4.693866563738727,0
2025-08-07,SuryaTV,501,1,965,5.188876838906924,0
2025-08-07,KTV,471,1,685,3.9395180409937187,0
2025-08-07,JayaTV,461,1,827,4.425471641984905,0
2025-08-07,RajTV,497,1,942,4.6252523103873475,0
2025-08-07,KalaignarTV,532,6,900,4.0637717924572225,0
2025-08-07,DDNews,503,10,905,4.867284692348645,0
2025-08-07,DDNational,509,1,621,4.2627340367230975,0
2025-08-07,DDSports,518,1,879,3.662055467905777,0
2025-08-07,TenSports,475,9,934,4.88570702692907,0
2025-08-07,StarSports,512,1,894,3.7635504999010307,0
2025-08-07,SonySports,495,2,694,4.876346548949704,0
2025-08-07,Eurosport,475,4,1001,3.979820379073825,0
2025-08-07,CNBC,481,1,867,4.743340331663802,0
2025-08-07,BloombergTV,483,1,954,4.201354557894481,0
2025-08-07,BBCWorld,499,11,859,3.883303340424525,0
2025-08-07,AlJazeera,502,1,698,4.727807156080028,0
2025-08-07,France24,478,1,991,3.7471061334701385,0
2025-08-07,VH1,523,8,1046,4.427757504506126,0
2025-08-07,MTV,491,1,838,4.714200447138708,0
2025-08-08,News24,23,227,4474,10.06905770593986,1
2025-08-08,StarTV,42,235,4524,9.831703941773856,1
2025-08-08,ZeeTV,28,207,4711,9.363168287318144,1
2025-08-08,SunTV,8,233,4545,10.667203434940557,1
2025-08-08,ABPNews,50,220,4605,10.407062778282807,1
2025-08-08,NDTV,27,222,4733,10.505748981361553,1
2025-08-08,IndiaTV,54,200,4377,10.329111666160307,1
2025-08-08,CNNNews18,33,195,4462,10.446084232351378,1
2025-08-08,TimesNow,17,199,4777,10.341325357124905,1
2025-08-08,RepublicTV,-2,235,4696,9.580419450440397,1
2025-08-08,TV9,6,236,4815,9.921773008983171,1
2025-08-08,Asianet,23,224,4413,10.626486714691609,1
2025-08-08,Colors,15,228,4724,10.314285304364434,1
2025-08-08,SonyTV,52,196,4399,10.6392318003259,1
2025-08-08,StarPlus,1,201,4475,10.161001267546052,1
2025-08-08,ZeeCinema,37,225,4589,10.674698894031431,1
2025-08-08,StarMovies,-2,229,4887,9.789880083757694,1
2025-08-08,HBO,-10,228,4489,10.80098780556467,1
2025-08-08,Discovery,20,195,4314,9.987519274415098,1
2025-08-08,NationalGeographic,7,200,4373,10.905411870273339,1
2025-08-08,AnimalPlanet,59,196,4398,10.324488125306726,1
2025-08-08,HistoryTV18,9,213,4932,10.678923607500884,1
2025-08-08,CartoonNetwork,25,220,4581,10.543052835412267,1
2025-08-08,Pogo,20,214,4495,10.45391808033765,1
2025-08-08,Nickelodeon,-9,224,4438,9.96988684688055,1
2025-08-08,SonyMax,-11,207,4530,9.493110941998324,1
2025-08-08,ZeeTelugu,46,218,4639,9.544035809634364,1
2025-08-08,ETV,1,237,4427,9.569009180476172,1
2025-08-08,GeminiTV,14,220,4554,11.05801396999562,1
2025-08-08,MaaTV,33,237,4356,10.04784605697088,1
2025-08-08,UdayaTV,45,211,4681,10.140511376236095,1
2025-08-08,SuryaTV,32,228,4472,9.593810269530358,1
2025-08-08,KTV,1,217,4737,10.772081731939958,1
2025-08-08,JayaTV,0,217,4976,10.110559476541379,1
2025-08-08,RajTV,33,233,4380,9.887894632118906,1
2025-08-08,KalaignarTV,30,244,4518,10.63610154456462,1
2025-08-08,DDNews,19,196,4945,10.734046874186905,1
2025-08-08,DDNational,30,221,4244,10.883825881389527,1
2025-08-08,DDSports,12,217,4465,10.212366273071607,1
2025-08-08,TenSports,12,225,4201,11.100635597997197,1
2025-08-08,StarSports,38,227,4412,9.848790865144787,1
2025-08-08,SonySports,38,207,4527,10.179688840513808,1
2025-08-08,Eurosport,40,203,4527,10.877199604204892,1
2025-08-08,CNBC,32,239,4754,10.95033989108798,1
2025-08-08,BloombergTV,16,212,4685,9.912734600022336,1
2025-08-08,BBCWorld,-9,198,4604,10.489582498237972,1
2025-08-08,AlJazeera,31,208,4818,9.879204968685908,1
2025-08-08,France24,17,221,4766,10.576874709532307,1
2025-08-08,VH1,46,235,4451,9.612938012581395,1
2025-08-08,MTV,38,228,4610,9.931634127202836,1
2025-08-09,News24,544,1,822,5.217023402605948,0
2025-08-09,StarTV,517,3,1153,5.26904557808968,0
2025-08-09,ZeeTV,527,1,1100,4.546300817585036,0
2025-08-09,SunTV,530,7,996,5.22495695429105,0
2025-08-09,ABPNews,518,1,791,5.064272720856387,0
2025-08-09,NDTV,568,1,967,5.51799442807768,0
2025-08-09,IndiaTV,527,1,940,4.69996199067259,0
2025-08-09,CNNNews18,503,1,967,4.82887192276762,0
2025-08-09,TimesNow,530,1,681,5.3452098229765905,0
2025-08-09,RepublicTV,525,2,1065,5.120083852040773,0
2025-08-09,TV9,540,8,1100,5.044918608710924,0
2025-08-09,Asianet,539,1,951,5.077977528264978,0
2025-08-09,Colors,527,1,932,5.0587535408095805,0
2025-08-09,SonyTV,529,1,964,4.774003787597831,0
2025-08-09,StarPlus,516,14,1030,4.518598937305679,0
2025-08-09,ZeeCinema,516,2,797,5.504450622378534,0
2025-08-09,StarMovies,526,3,919,4.652360775104541,0
2025-08-09,HBO,553,6,1038,5.21760053405527,0
2025-08-09,Discovery,502,1,918,4.756957317975063,0
2025-08-09,NationalGeographic,502,1,761,4.38775993240382,0
2025-08-09,AnimalPlanet,535,1,1112,5.525249880279933,0
2025-08-09,HistoryTV18,516,1,923,5.295309669986825,0
2025-08-09,CartoonNetwork,523,1,1015,4.152344730089376,0
2025-08-09,Pogo,527,1,787,4.564768125773188,0
2025-08-09,Nickelodeon,526,1,1064,5.016733517202283,0
2025-08-09,SonyMax,508,1,762,4.9450576086816,0
2025-08-09,ZeeTelugu,565,1,1041,4.206280383310472,0
2025-08-09,ETV,547,1,676,4.90393134311405,0
2025-08-09,GeminiTV,512,1,833,4.602131558767335,0
2025-08-09,MaaTV,522,1,1035,4.3852272210287415,0
2025-08-09,UdayaTV,553,1,1064,4.512067510446887,0
2025-08-09,SuryaTV,559,1,1004,5.312415523908032,0
2025-08-09,KTV,507,1,721,4.5890298826762965,0
2025-08-09,JayaTV,520,1,873,4.610452259056217,0
2025-08-09,RajTV,550,1,963,5.356246733128949,0
2025-08-09,KalaignarTV,528,1,878,5.1651143713235355,0
2025-08-09,DDNews,533,1,1054,5.4475142841182,0
2025-08-09,DDNational,541,1,1040,5.435994974077878,0
2025-08-09,DDSports,557,1,757,4.6768029629143495,0
2025-08-09,TenSports,570,1,864,5.417715462579494,0
2025-08-09,StarSports,515,8,765,5.077208572981994,0
2025-08-09,SonySports,499,5,948,4.906904822602037,0
2025-08-09,Eurosport,514,1,1122,4.63878772969412,0
2025-08-09,CNBC,528,1,1021,5.160786796094328,0
2025-08-09,BloombergTV,556,1,968,5.234275110067983,0
2025-08-09,BBCWorld,499,1,766,5.599496946700961,0
2025-08-09,AlJazeera,518,1,941,5.162230399773608,0
2025-08-09,France24,510,1,654,5.112641217648923,0
2025-08-09,VH1,529,1,1039,5.121939634769987,0
2025-08-09,MTV,556,1,1119,4.274855711119803,0
2025-08-10,News24,9,237,4728,9.752842410400813,1
2025-08-10,StarTV,51,232,4949,10.903886922945343,1
2025-08-10,ZeeTV,28,216,4820,9.87787400840484,1
2025-08-10,SunTV,61,193,4706,10.7188023089545,1
2025-08-10,ABPNews,8,217,4382,10.273204623766631,1
2025-08-10,NDTV,4,205,4502,10.662740742233751,1
2025-08-10,IndiaTV,55,227,4560,11.242709677054915,1
2025-08-10,CNNNews18,11,218,4240,10.269409509272668,1
2025-08-10,TimesNow,22,222,4612,10.443070270978037,1
2025-08-10,RepublicTV,38,214,4748,10.433685011125204,1
2025-08-10,TV9,24,194,4688,9.465622746449958,1
2025-08-10,Asianet,17,208,4626,10.54904816533782,1
2025-08-10,Colors,13,221,4620,9.90643256230386,1
2025-08-10,SonyTV,24,211,4555,10.844250448701551,1
2025-08-10,StarPlus,7,224,4768,10.110597588206183,1
2025-08-10,ZeeCinema,17,229,4657,9.408044128061702,1
2025-08-10,StarMovies,12,216,4335,9.931875087682501,1
2025-08-10,HBO,31,229,4653,10.621983639872605,1
2025-08-10,Discovery,47,229,4937,10.126739309318644,1
2025-08-10,NationalGeographic,2,231,4587,9.640082563214275,1
2025-08-10,AnimalPlanet,18,223,4345,9.924036891328933,1
2025-08-10,HistoryTV18,51,202,4810,10.833497927213863,1
2025-08-10,CartoonNetwork,5,212,4548,9.992239868334085,1
2025-08-10,Pogo,0,236,4482,9.803130301522009,1
2025-08-10,Nickelodeon,59,195,4849,10.228556855767998,1
2025-08-10,SonyMax,54,218,4483,9.82335586682121,1
2025-08-10,ZeeTelugu,49,203,4962,10.246621202278343,1
2025-08-10,ETV,31,223,4799,10.426777511641461,1
2025-08-10,GeminiTV,18,203,4954,10.872961470656879,1
2025-08-10,MaaTV,-1,239,4824,10.807043905269559,1
2025-08-10,UdayaTV,47,223,4520,9.778746222334204,1
2025-08-10,SuryaTV,52,205,4589,10.756698924929976,1
2025-08-10,KTV,30,220,4703,10.600151515399965,1
2025-08-10,JayaTV,23,206,4908,10.847671431114724,1
2025-08-10,RajTV,31,218,4978,10.418362855277714,1
2025-08-10,KalaignarTV,37,212,4761,10.02275308002265,1
2025-08-10,DDNews,49,225,4509,10.395552772463956,1
2025-08-10,DDNational,32,235,4861,9.41070601996479,1
2025-08-10,DDSports,10,216,4640,10.105441656497474,1
2025-08-10,TenSports,-5,232,4526,9.466226173982673,1
2025-08-10,StarSports,19,205,4884,10.406235601208333,1
2025-08-10,SonySports,54,206,4556,9.887287367592789,1
2025-08-10,Eurosport,33,240,4982,10.452749269386402,1
2025-08-10,CNBC,35,220,4324,9.86343559988329,1
2025-08-10,BloombergTV,30,221,4855,9.959805837327256,1
2025-08-10,BBCWorld,2,214,4702,10.11830747756327,1
2025-08-10,AlJazeera,32,201,4883,9.79150902575535,1
2025-08-10,France24,67,205,4662,10.076117181302529,1
2025-08-10,VH1,15,201,4564,11.186258114940363,1
2025-08-10,MTV,6,228,4747,10.307465882891655,1
2025-08-11,News24,513,8,1069,4.355378644056637,0
2025-08-11,StarTV,520,1,941,4.471963494143144,0
2025-08-11,ZeeTV,508,18,994,4.732329449877115,0
2025-08-11,SunTV,495,3,1005,4.650722824515678,0
2025-08-11,ABPNews,532,16,607,4.129572766238002,0
2025-08-11,NDTV,519,1,734,4.513006916427711,0
2025-08-11,IndiaTV,513,1,731,5.082917184080195,0
2025-08-11,CNNNews18,497,1,933,4.146128527969544,0
2025-08-11,TimesNow,534,1,719,4.517652774104963,0
2025-08-11,RepublicTV,529,7,981,4.410192672914764,0
2025-08-11,TV9,473,6,893,3.906312836379985,0
2025-08-11,Asianet,490,18,930,4.097162389450556,0
2025-08-11,Colors,520,1,964,4.2518491382870955,0
2025-08-11,SonyTV,504,10,938,4.737895535607205,0
2025-08-11,StarPlus,539,1,1157,3.8521508961971875,0
2025-08-11,ZeeCinema,528,12,1032,4.905515792945275,0
2025-08-11,StarMovies,496,1,856,3.9857812981876792,0
2025-08-11,HBO,507,1,728,4.482415847990226,0
2025-08-11,Discovery,518,11,759,5.356605766894851,0
2025-08-11,NationalGeographic,491,1,991,4.459992499636219,0
2025-08-11,AnimalPlanet,505,1,1023,5.133534600830468,0
2025-08-11,HistoryTV18,517,1,785,4.369794017792634,0
2025-08-11,CartoonNetwork,521,1,686,5.148031548233625,0
2025-08-11,Pogo,487,14,927,4.617263892825529,0
2025-08-11,Nickelodeon,505,1,947,4.614709643637327,0
2025-08-11,SonyMax,524,1,959,4.83121765722857,0
2025-08-11,ZeeTelugu,493,2,826,4.687454074686188,0
2025-08-11,ETV,520,11,932,4.329595355829359,0
2025-08-11,GeminiTV,480,10,672,4.7592867358535775,0
2025-08-11,MaaTV,529,1,706,5.185808762044083,0
2025-08-11,UdayaTV,503,1,1053,4.818491001596197,0
2025-08-11,SuryaTV,494,8,979,4.9381492570030305,0
2025-08-11,KTV,499,6,813,4.1305239699646075,0
2025-08-11,JayaTV,513,1,822,4.340583473420095,0
2025-08-11,RajTV,532,6,746,4.238775747905322,0
2025-08-11,KalaignarTV,513,1,1027,4.618491707008309,0
2025-08-11,DDNews,491,12,883,3.9653465703624993,0
2025-08-11,DDNational,510,5,938,3.815190477934529,0
2025-08-11,DDSports,508,5,867,4.481745501861188,0
2025-08-11,TenSports,488,1,1104,4.0911039693804385,0
2025-08-11,StarSports,517,1,843,4.676720339284466,0
2025-08-11,SonySports,529,10,760,3.895398090312758,0
2025-08-11,Eurosport,492,1,1078,4.591061946450917,0
2025-08-11,CNBC,505,14,722,5.149938526821423,0
2025-08-11,BloombergTV,528,1,1048,4.192378620517558,0
2025-08-11,BBCWorld,500,1,903,4.484706067954472,0
2025-08-11,AlJazeera,483,7,875,3.988271437699454,0
2025-08-11,France24,524,1,976,4.526499147103105,0
2025-08-11,VH1,479,5,940,4.353457682772254,0
2025-08-11,MTV,487,9,970,4.050816553616622,0
2025-08-12,News24,46,209,4806,10.660155423233645,1
2025-08-12,StarTV,5,230,4598,9.975515782789321,1
2025-08-12,ZeeTV,45,207,4472,11.047813573216386,1
2025-08-12,SunTV,1,220,4872,9.9486875336045,1
2025-08-12,ABPNews,45,218,5053,10.517878511788002,1
2025-08-12,NDTV,2,226,4481,9.54374644919123,1
2025-08-12,IndiaTV,35,221,5053,10.118020201083052,1
2025-08-12,CNNNews18,10,206,4698,10.33821653408973,1
2025-08-12,TimesNow,21,220,4649,11.010096473932746,1
2025-08-12,RepublicTV,24,208,4596,9.92284806061583,1
2025-08-12,TV9,48,223,4800,10.809540881747425,1
2025-08-12,Asianet,4,212,4757,9.874411075547275,1
2025-08-12,Colors,5,228,4786,9.941067830493061,1
2025-08-12,SonyTV,1,202,4756,10.912965029087635,1
2025-08-12,StarPlus,53,238,4387,11.243290980830078,1
2025-08-12,ZeeCinema,25,244,4750,10.507398888380568,1
2025-08-12,StarMovies,32,222,4633,9.835262875385636,1
2025-08-12,HBO,47,234,5119,10.314875674458037,1
2025-08-12,Discovery,18,232,4980,9.548765589927013,1
2025-08-12,NationalGeographic,19,207,4877,9.72777572602178,1
2025-08-12,AnimalPlanet,28,222,4964,10.5740674784638,1
2025-08-12,HistoryTV18,25,223,4410,10.114262538389577,1
2025-08-12,CartoonNetwork,27,203,4892,9.806840561993637,1
2025-08-12,Pogo,8,229,4848,10.496144600540834,1
2025-08-12,Nickelodeon,21,222,4860,10.113917491881613,1
2025-08-12,SonyMax,45,230,4982,10.085857577197553,1
2025-08-12,ZeeTelugu,21,223,4767,10.326450613257286,1
2025-08-12,ETV,54,224,4518,10.086186793652663,1
2025-08-12,GeminiTV,-9,218,5051,10.358637761433476,1
2025-08-12,MaaTV,31,231,4724,10.624379496088745,1
2025-08-12,UdayaTV,46,221,4595,11.005943416006254,1
2025-08-12,SuryaTV,39,203,4949,9.927668165256485,1
2025-08-12,KTV,43,217,4488,10.316136948411646,1
2025-08-12,JayaTV,13,226,4663,11.32858007879633,1
2025-08-12,RajTV,46,216,4900,11.176917109993997,1
2025-08-12,KalaignarTV,22,216,4799,10.735807592551906,1
2025-08-12,DDNews,-2,226,4860,10.622271167526351,1
2025-08-12,DDNational,1,227,4459,9.782342496733058,1
2025-08-12,DDSports,20,225,4942,10.96613438559137,1
2025-08-12,TenSports,23,240,4748,9.85073914602207,1
2025-08-12,StarSports,32,223,4536,11.199094780702355,1
2025-08-12,SonySports,3,234,4540,9.904055668314529,1
2025-08-12,Eurosport,27,209,4551,10.794643196950606,1
2025-08-12,CNBC,31,245,4944,10.995936279889353,1
2025-08-12,BloombergTV,49,232,4733,10.39344772512109,1
2025-08-12,BBCWorld,43,231,4631,10.936966071706692,1
2025-08-12,AlJazeera,18,236,4395,10.544695882579017,1
2025-08-12,France24,9,241,5011,10.029447344169457,1
2025-08-12,VH1,27,210,4564,9.816234577526085,1
2025-08-12,MTV,19,229,5127,10.233721894030191,1
2025-08-13,News24,568,1,995,4.706253671058722,0
2025-08-13,StarTV,543,7,1080,5.648973979239679,0
2025-08-13,ZeeTV,527,1,873,4.9583297155859,0
2025-08-13,SunTV,526,1,941,5.598773415612216,0
2025-08-13,ABPNews,540,1,1024,5.013206818950894,0
2025-08-13,NDTV,527,4,859,4.362895561579459,0
2025-08-13,IndiaTV,561,1,1194,4.329446163780343,0
2025-08-13,CNNNews18,563,1,839,4.213349395591514,0
2025-08-13,TimesNow,537,1,940,4.025386480760526,0
2025-08-13,RepublicTV,537,1,948,5.595300173196897,0
2025-08-13,TV9,544,4,843,5.175844556938997,0
2025-08-13,Asianet,538,1,957,4.558965000200635,0
2025-08-13,Colors,520,1,845,4.234058381039828,0
2025-08-13,SonyTV,542,1,743,5.180123944505787,0
2025-08-13,StarPlus,554,5,878,5.027342512389088,0
2025-08-13,ZeeCinema,523,9,982,4.63945285792429,0
2025-08-13,StarMovies,555,1,902,4.44602312328777,0
2025-08-13,HBO,557,1,958,4.644215608258711,0
2025-08-13,Discovery,517,1,997,4.2753252189195745,0
2025-08-13,NationalGeographic,530,1,1017,4.738965577441201,0
2025-08-13,AnimalPlanet,549,1,1152,4.56918777839587,0
2025-08-13,HistoryTV18,532,1,1121,5.41283710836551,0
2025-08-13,CartoonNetwork,546,1,907,5.2969508621041514,0
2025-08-13,Pogo,514,7,1006,5.406810506349771,0
2025-08-13,Nickelodeon,550,1,1159,4.972030791585991,0
2025-08-13,SonyMax,538,13,783,5.25579375169011,0
2025-08-13,ZeeTelugu,525,6,1214,4.74124292536863,0
2025-08-13,ETV,510,3,848,4.897763218010073,0
2025-08-13,GeminiTV,550,1,1012,5.64802419456509,0
2025-08-13,MaaTV,557,1,699,5.314144447103285,0
2025-08-13,UdayaTV,540,1,1070,4.717772002647458,0
2025-08-13,SuryaTV,546,4,1002,4.149872994571562,0
2025-08-13,KTV,530,1,656,5.457251347396452,0
2025-08-13,JayaTV,521,1,702,4.239576883551779,0
2025-08-13,RajTV,538,1,926,4.3289982094989625,0
2025-08-13,KalaignarTV,568,1,799,4.63589876639483,0
2025-08-13,DDNews,569,1,711,4.410757695408619,0
2025-08-13,DDNational,549,1,815,5.047336101332697,0
2025-08-13,DDSports,532,1,983,4.810566696219362,0
2025-08-13,TenSports,553,1,912,4.229307060445482,0
2025-08-13,StarSports,542,1,912,4.005657651322787,0
2025-08-13,SonySports,520,3,1000,4.273999908337449,0
2025-08-13,Eurosport,526,11,976,4.245542773375894,0
2025-08-13,CNBC,561,1,984,5.616357386332147,0
2025-08-13,BloombergTV,550,2,938,5.004889703267133,0
2025-08-13,BBCWorld,522,1,1129,5.145555136866772,0
2025-08-13,AlJazeera,555,1,1100,5.3800565959475195,0
2025-08-13,France24,536,1,871,5.194044106112453,0
2025-08-13,VH1,537,1,1164,4.236421723394461,0
2025-08-13,MTV,556,1,1046,5.401455960869388,0
2025-08-14,News24,35,206,4680,9.373415314824582,1
2025-08-14,StarTV,34,223,4751,10.616073185154537,1
2025-08-14,ZeeTV,20,202,4835,9.94101527309006,1
2025-08-14,SunTV,35,209,4580,10.712280400042266,1
2025-08-14,ABPNews,47,223,4849,9.414734143320636,1
2025-08-14,NDTV,36,225,5050,9.775126431767406,1
2025-08-14,IndiaTV,15,231,4664,9.32575781110807,1
2025-08-14,CNNNews18,5,232,4816,9.762278883583662,1
2025-08-14,TimesNow,34,220,4945,10.574223661323648,1
2025-08-14,RepublicTV,24,205,4575,10.675464885248228,1
2025-08-14,TV9,4,229,4613,10.116908082073522,1
2025-08-14,Asianet,16,229,4717,10.051328726281866,1
2025-08-14,Colors,16,217,4570,10.066734923000528,1
2025-08-14,SonyTV,50,220,4969,9.502524985128522,1
2025-08-14,StarPlus,26,198,4311,10.623086771003278,1
2025-08-14,ZeeCinema,27,201,4692,9.722977923816796,1
2025-08-14,StarMovies,-10,206,4570,10.562746814121963,1
2025-08-14,HBO,44,206,4823,9.83684881871682,1
2025-08-14,Discovery,2,216,4269,9.840446681429627,1
2025-08-14,NationalGeographic,14,210,4843,10.408223179430026,1
2025-08-14,AnimalPlanet,42,243,4714,10.042734114756692,1
2025-08-14,HistoryTV18,50,235,4475,9.956422415565761,1
2025-08-14,CartoonNetwork,42,235,4791,10.77254127491826,1
2025-08-14,Pogo,36,211,4784,10.352307881494536,1
2025-08-14,Nickelodeon,21,221,4884,10.511093448175329,1
2025-08-14,SonyMax,18,198,4426,10.817231392693722,1
2025-08-14,ZeeTelugu,40,224,4837,9.843323643163028,1
2025-08-14,ETV,42,215,4616,9.533164427449822,1
2025-08-14,GeminiTV,26,213,4586,10.383449095695957,1
2025-08-14,MaaTV,35,212,4486,10.442900542600032,1
2025-08-14,UdayaTV,5,207,4598,10.740597782930433,1
2025-08-14,SuryaTV,30,230,4620,9.311770158977748,1
2025-08-14,KTV,43,224,4347,9.328579387942826,1
2025-08-14,JayaTV,60,238,4652,10.357082861265308,1
2025-08-14,RajTV,50,212,4469,10.21080216543978,1
2025-08-14,KalaignarTV,3,220,4804,10.187683030192105,1
2025-08-14,DDNews,58,239,4727,9.978827060478634,1
2025-08-14,DDNational,-3,219,4777,9.846814952028508,1
2025-08-14,DDSports,19,230,4972,10.45400703576063,1
2025-08-14,TenSports,42,237,4897,9.55414837814452,1
2025-08-14,StarSports,-3,244,4773,10.03658130867168,1
2025-08-14,SonySports,13,231,4610,9.94771740287849,1
2025-08-14,Eurosport,12,226,4792,10.279037124286399,1
2025-08-14,CNBC,25,237,4454,9.925943760594532,1
2025-08-14,BloombergTV,58,209,4681,10.528441847778534,1
2025-08-14,BBCWorld,15,214,4586,10.58101570532866,1
2025-08-14,AlJazeera,58,226,4298,10.259587549643456,1
2025-08-14,France24,40,213,4720,9.74248429430534,1
2025-08-14,VH1,17,221,4349,10.219398383064863,1
2025-08-14,MTV,52,234,4515,9.410840335184993,1
2025-08-15,News24,535,1,713,4.358800803853327,0
2025-08-15,StarTV,490,1,707,4.498672093996105,0
2025-08-15,ZeeTV,485,10,862,4.088302677817564,0
2025-08-15,SunTV,483,1,673,4.53364214995208,0
2025-08-15,ABPNews,526,1,934,5.175633701255955,0
2025-08-15,NDTV,532,1,1050,4.576281805442619,0
2025-08-15,IndiaTV,551,6,790,5.134944887642179,0
2025-08-15,CNNNews18,523,1,1088,4.926074924647688,0
2025-08-15,TimesNow,536,9,1037,4.213932771045869,0
2025-08-15,RepublicTV,543,5,938,5.213031227153113,0
2025-08-15,TV9,512,2,962,4.876507662789317,0
2025-08-15,Asianet,541,1,936,5.190340995525201,0
2025-08-15,Colors,486,10,781,4.218687125867605,0
2025-08-15,SonyTV,486,1,998,5.053691093126405,0
2025-08-15,StarPlus,508,4,889,4.021427713697571,0
2025-08-15,ZeeCinema,537,1,845,4.322076975934689,0
2025-08-15,StarMovies,491,16,1098,4.158585377736657,0
2025-08-15,HBO,545,1,1102,4.184613660865826,0
2025-08-15,Discovery,535,1,1096,4.660041797239369,0
2025-08-15,NationalGeographic,549,1,818,4.78989798819699,0
2025-08-15,AnimalPlanet,545,14,871,4.695000148738152,0
2025-08-15,HistoryTV18,501,1,809,4.265391788676203,0
2025-08-15,CartoonNetwork,536,1,965,5.471163343960249,0
2025-08-15,Pogo,490,1,950,4.66334777786558,0
2025-08-15,Nickelodeon,512,6,722,4.6296045275077535,0
2025-08-15,SonyMax,512,1,896,5.0185108266229035,0
2025-08-15,ZeeTelugu,485,10,900,5.2310879516138655,0
2025-08-15,ETV,486,1,727,3.940404496334598,0
2025-08-15,GeminiTV,505,5,1091,4.284324248725574,0
2025-08-15,MaaTV,517,17,1023,3.9537700551738015,0
2025-08-15,UdayaTV,526,1,1016,4.923831445126139,0
2025-08-15,SuryaTV,501,1,873,4.032507343531808,0
2025-08-15,KTV,489,3,675,4.549449654672471,0
2025-08-15,JayaTV,531,1,751,3.987349745670314,0
2025-08-15,RajTV,478,1,1044,3.834429340379548,0
2025-08-15,KalaignarTV,505,1,947,4.173823102837506,0
2025-08-15,DDNews,520,14,893,3.97149936719296,0
2025-08-15,DDNational,481,1,924,4.889967518370004,0
2025-08-15,DDSports,517,6,1088,4.476156144111417,0
2025-08-15,TenSports,514,7,945,4.0045625282143416,0
2025-08-15,StarSports,505,4,1037,4.498393021681429,0
2025-08-15,SonySports,534,1,886,4.766286747184034,0
2025-08-15,Eurosport,539,1,816,5.047775246611492,0
2025-08-15,CNBC,522,13,986,4.329001561342039,0
2025-08-15,BloombergTV,488,1,907,5.466395841752059,0
2025-08-15,BBCWorld,534,16,927,5.01284470789912,0
2025-08-15,AlJazeera,522,4,923,5.413076688283919,0
2025-08-15,France24,497,6,829,5.120721974631212,0
2025-08-15,VH1,489,3,1004,3.7559890810459042,0
2025-08-15,MTV,487,8,688,4.029186293157688,0
2025-08-16,News24,-17,209,4666,10.462903942809822,1
2025-08-16,StarTV,-9,229,4823,10.542963652322559,1
2025-08-16,ZeeTV,11,235,5019,10.674944749363764,1
2025-08-16,SunTV,-11,227,4891,9.708745315651674,1
2025-08-16,ABPNews,48,247,4820,10.390317895014558,1
2025-08-16,NDTV,50,227,4871,10.778801902857776,1
2025-08-16,IndiaTV,46,226,4582,10.87312224666213,1
2025-08-16,CNNNews18,28,201,5004,10.75718091863316,1
2025-08-16,TimesNow,5,207,4745,9.928997407723601,1
2025-08-16,RepublicTV,9,230,4742,10.62359371239093,1
2025-08-16,TV9,37,237,5008,10.040450578070036,1
2025-08-16,Asianet,5,228,4760,10.632710951898469,1
2025-08-16,Colors,24,241,4916,9.68511734205846,1
2025-08-16,SonyTV,17,237,4876,10.874438364000033,1
2025-08-16,StarPlus,-8,229,5006,9.979902208091938,1
2025-08-16,ZeeCinema,32,232,4475,9.439795387119325,1
2025-08-16,StarMovies,-7,226,4743,10.17265753010312,1
2025-08-16,HBO,15,226,4696,9.975398061469717,1
2025-08-16,Discovery,53,236,5076,9.97464567504845,1
2025-08-16,NationalGeographic,12,228,5127,9.949688982525196,1
2025-08-16,AnimalPlanet,34,251,4757,9.87103461695808,1
2025-08-16,HistoryTV18,6,233,5125,10.391379465135085,1
2025-08-16,CartoonNetwork,0,228,4779,10.5578379527217,1
2025-08-16,Pogo,6,223,4913,10.45812803922254,1
2025-08-16,Nickelodeon,4,230,4739,10.49378138590831,1
2025-08-16,SonyMax,15,256,4698,10.740253462115524,1
2025-08-16,ZeeTelugu,40,209,5072,10.276730184753877,1
2025-08-16,ETV,4,227,4831,10.774473451364763,1
2025-08-16,GeminiTV,32,240,4653,9.939084071332184,1
2025-08-16,MaaTV,24,205,4657,10.808565524389701,1
2025-08-16,UdayaTV,15,239,4641,10.617597514156756,1
2025-08-16,SuryaTV,55,224,4643,9.98522392211132,1
2025-08-16,KTV,34,236,4590,9.645950735159511,1
2025-08-16,JayaTV,52,237,4942,10.199467203473292,1
2025-08-16,RajTV,5,240,4912,11.053750369113242,1
2025-08-16,KalaignarTV,30,251,4862,9.94676257245214,1
2025-08-16,DDNews,29,213,4481,10.475830492085175,1
2025-08-16,DDNational,6,227,4751,9.668166897597278,1
2025-08-16,DDSports,15,231,4560,10.622653593588048,1
2025-08-16,TenSports,1,250,4486,10.873828127368121,1
2025-08-16,StarSports,-20,229,4780,11.116465652977274,1
2025-08-16,SonySports,6,233,4799,10.406670866693705,1
2025-08-16,Eurosport,49,229,4425,10.928964910456964,1
2025-08-16,CNBC,10,203,4911,11.08500114262924,1
2025-08-16,BloombergTV,5,226,4755,10.405735781884562,1
2025-08-16,BBCWorld,5,205,4976,10.492222240522725,1
2025-08-16,AlJazeera,54,209,4990,10.602673645601557,1
2025-08-16,France24,13,242,4780,10.607194998978834,1
2025-08-16,VH1,39,218,4920,10.104991014154704,1
2025-08-16,MTV,1,223,4852,10.087188929057984,1
2025-08-17,News24,536,1,793,4.482607816436218,0
2025-08-17,StarTV,552,1,1078,5.086702213290208,0
2025-08-17,ZeeTV,554,1,880,5.453861514137685,0
2025-08-17,SunTV,559,1,933,5.07144933991242,0
2025-08-17,ABPNews,524,1,879,5.362939817330991,0
2025-08-17,NDTV,566,1,838,5.606108807675582,0
2025-08-17,IndiaTV,545,1,1030,4.5557623757864,0
2025-08-17,CNNNews18,544,1,921,4.277811637892409,0
2025-08-17,TimesNow,538,3,999,5.710503576249865,0
2025-08-17,RepublicTV,539,1,1045,4.696452828917097,0
2025-08-17,TV9,533,1,1117,5.1807365476736615,0
2025-08-17,Asianet,566,1,802,5.538420858061165,0
2025-08-17,Colors,553,1,885,4.433283663456562,0
2025-08-17,SonyTV,572,1,865,5.005350259733759,0
2025-08-17,StarPlus,589,1,1113,4.873348480183435,0
2025-08-17,ZeeCinema,538,1,973,5.327832593573277,0
2025-08-17,StarMovies,535,1,1106,5.5556746612824215,0
2025-08-17,HBO,569,1,913,4.9313228853550655,0
2025-08-17,Discovery,562,11,1077,5.113978818972867,0
2025-08-17,NationalGeographic,557,5,898,4.831839914562444,0
2025-08-17,AnimalPlanet,569,1,776,5.035046294882116,0
2025-08-17,HistoryTV18,570,1,983,5.469471236791662,0
2025-08-17,CartoonNetwork,573,1,1065,5.568699519728441,0
2025-08-17,Pogo,542,1,1097,4.811339268021375,0
2025-08-17,Nickelodeon,553,1,882,4.933995627110067,0
2025-08-17,SonyMax,549,6,829,5.149312030227109,0
2025-08-17,ZeeTelugu,541,1,1125,5.82514944571529,0
2025-08-17,ETV,575,3,908,5.446825119703399,0
2025-08-17,GeminiTV,568,1,953,5.243210739832051,0
2025-08-17,MaaTV,558,1,969,4.921687986123512,0
2025-08-17,UdayaTV,575,1,877,5.004791538694887,0
2025-08-17,SuryaTV,541,5,885,5.173476075923475,0
2025-08-17,KTV,532,1,984,5.570956146557257,0
2025-08-17,JayaTV,577,1,1009,4.6580444836759805,0
2025-08-17,RajTV,556,1,908,4.928178373251328,0
2025-08-17,KalaignarTV,539,1,911,5.530978899976217,0
2025-08-17,DDNews,522,6,742,5.507567249681482,0
2025-08-17,DDNational,564,1,798,5.0756944329706,0
2025-08-17,DDSports,556,1,925,4.587914377360512,0
2025-08-17,TenSports,550,1,792,5.203904550603037,0
2025-08-17,StarSports,537,1,950,4.453924015438137,0
2025-08-17,SonySports,537,1,1129,4.697258456190094,0
2025-08-17,Eurosport,579,2,1128,4.7780193141482625,0
2025-08-17,CNBC,578,3,1026,5.689780026329513,0
2025-08-17,BloombergTV,550,1,1023,5.719703636576286,0
2025-08-17,BBCWorld,565,1,865,5.696877756503883,0
2025-08-17,AlJazeera,575,3,1089,5.04713178458191,0
2025-08-17,France24,580,9,1037,5.54896029385803,0
2025-08-17,VH1,537,1,1071,4.687990674923055,0
2025-08-17,MTV,525,1,871,5.756290542299048,0
2025-08-18,News24,8,219,4574,10.058067449239479,1
2025-08-18,StarTV,44,199,4923,10.870628262604926,1
2025-08-18,ZeeTV,-1,247,4936,9.441420855391511,1
2025-08-18,SunTV,36,197,4468,10.51596954542432,1
2025-08-18,ABPNews,2,237,4860,9.86598224159226,1
2025-08-18,NDTV,9,229,4819,9.289520486133094,1
2025-08-18,IndiaTV,25,234,4391,10.404877868200817,1
2025-08-18,CNNNews18,-15,213,4747,10.268582452513792,1
2025-08-18,TimesNow,33,230,4912,9.404698710266544,1
2025-08-18,RepublicTV,43,226,4538,10.550697785628538,1
2025-08-18,TV9,35,237,5057,9.565141347719077,1
2025-08-18,Asianet,20,203,4529,10.560334370380064,1
2025-08-18,Colors,-8,234,4622,10.805738323320327,1
2025-08-18,SonyTV,49,237,4931,10.233188138402383,1
2025-08-18,StarPlus,16,237,4560,10.065554285533404,1
2025-08-18,ZeeCinema,25,226,4924,9.444608899005893,1
2025-08-18,StarMovies,36,222,4787,10.84753531640905,1
2025-08-18,HBO,27,245,4588,10.045762018464977,1
2025-08-18,Discovery,-10,233,4907,11.085035117765301,1
2025-08-18,NationalGeographic,2,225,4949,9.838571515113722,1
2025-08-18,AnimalPlanet,39,219,4634,10.695609916898787,1
2025-08-18,HistoryTV18,26,223,4548,10.227265615902478,1
2025-08-18,CartoonNetwork,25,231,4741,10.745715550675708,1
2025-08-18,Pogo,56,226,4659,10.067037779371699,1
2025-08-18,Nickelodeon,29,208,4849,9.702751924648627,1
2025-08-18,SonyMax,3,212,5042,11.146314229045474,1
2025-08-18,ZeeTelugu,14,215,4785,10.552790145305265,1
2025-08-18,ETV,44,233,5013,9.957364281672458,1
2025-08-18,GeminiTV,20,242,4861,10.436043692387802,1
2025-08-18,MaaTV,21,222,4661,10.83439246995447,1
2025-08-18,UdayaTV,13,243,4915,10.572306400454421,1
2025-08-18,SuryaTV,38,221,4616,10.820240908453561,1
2025-08-18,KTV,5,246,4731,10.04433672965324,1
2025-08-18,JayaTV,14,225,4957,10.152783029512618,1
2025-08-18,RajTV,32,205,4682,9.257304059916102,1
2025-08-18,KalaignarTV,42,232,4678,10.170110946521406,1
2025-08-18,DDNews,-2,219,4736,10.330676696820284,1
2025-08-18,DDNational,20,230,4654,9.884367890545857,1
2025-08-18,DDSports,-10,252,4442,9.333820285882588,1
2025-08-18,TenSports,-9,226,4666,9.621038057422828,1
2025-08-18,StarSports,19,214,4818,9.913598049274082,1
2025-08-18,SonySports,19,234,4921,9.933930956505845,1
2025-08-18,Eurosport,4,225,4740,9.571287481582782,1
2025-08-18,CNBC,21,229,4486,10.517719379883918,1
2025-08-18,BloombergTV,18,214,4402,10.554520448938149,1
2025-08-18,BBCWorld,48,234,4980,10.259805259937087,1
2025-08-18,AlJazeera,32,227,4984,10.905315155358545,1
2025-08-18,France24,1,207,4738,10.405085066600419,1
2025-08-18,VH1,4,248,5092,9.376886749044651,1
2025-08-18,MTV,36,217,4670,10.43305253544088,1
2025-08-19,News24,540,1,645,4.515917364072827,0
2025-08-19,StarTV,493,1,745,4.561966366555687,0
2025-08-19,ZeeTV,497,6,1131,4.6056556101938035,0
2025-08-19,SunTV,542,16,681,5.404658593982257,0
2025-08-19,ABPNews,530,1,984,4.472516301197018,0
2025-08-19,NDTV,532,1,802,4.785459205881691,0
2025-08-19,IndiaTV,508,1,1018,4.952635430864206,0
2025-08-19,CNNNews18,493,1,773,4.789592321625967,0
2025-08-19,TimesNow,523,1,1067,4.672032442527028,0
2025-08-19,RepublicTV,533,7,905,4.983225326456125,0
2025-08-19,TV9,540,6,658,5.050213047830116,0
2025-08-19,Asianet,505,8,768,4.677103277243527,0
2025-08-19,Colors,517,1,965,4.490968270781543,0
2025-08-19,SonyTV,540,5,1172,4.688219528715749,0
2025-08-19,StarPlus,555,1,826,4.183812699171887,0
2025-08-19,ZeeCinema,537,11,971,4.467536250349712,0
2025-08-19,StarMovies,527,5,984,4.458107962275703,0
2025-08-19,HBO,499,1,954,4.098513811157971,0
2025-08-19,Discovery,533,1,890,5.14809830089641,0
2025-08-19,NationalGeographic,528,1,1039,4.295238623218177,0
2025-08-19,AnimalPlanet,495,1,1038,4.2625607920124615,0
2025-08-19,HistoryTV18,560,1,989,3.7637478486110654,0
2025-08-19,CartoonNetwork,507,13,860,4.207795101415718,0
2025-08-19,Pogo,536,7,1076,4.046099913325844,0
2025-08-19,Nickelodeon,531,14,866,4.0908000359645795,0
2025-08-19,SonyMax,527,1,966,4.871118187670031,0
2025-08-19,ZeeTelugu,521,1,773,4.577749607258359,0
2025-08-19,ETV,505,3,950,3.8995409870240776,0
2025-08-19,GeminiTV,535,1,1015,4.647279004195625,0
2025-08-19,MaaTV,508,5,752,4.106837247509813,0
2025-08-19,UdayaTV,538,1,870,4.936160717129984,0
2025-08-19,SuryaTV,530,1,811,5.190008127304619,0
2025-08-19,KTV,509,1,915,4.650311650906674,0
2025-08-19,JayaTV,533,1,790,4.455408307443436,0
2025-08-19,RajTV,503,1,768,4.465589416822908,0
2025-08-19,KalaignarTV,537,1,828,4.1320191600046945,0
2025-08-19,DDNews,530,8,639,3.794389488284996,0
2025-08-19,DDNational,513,2,817,4.672889539583949,0
2025-08-19,DDSports,540,1,775,4.510566959669434,0
2025-08-19,TenSports,496,4,821,4.486964461896162,0
2025-08-19,StarSports,549,1,783,4.1534688611527235,0
2025-08-19,SonySports,496,1,1014,5.149501308711247,0
2025-08-19,Eurosport,545,1,776,5.221462338487846,0
2025-08-19,CNBC,536,1,1050,4.430708264074328,0
2025-08-19,BloombergTV,497,2,1014,5.278294699830808,0
2025-08-19,BBCWorld,514,1,619,4.0174974139687825,0
2025-08-19,AlJazeera,485,9,869,4.288575398615733,0
2025-08-19,France24,495,1,1068,4.949486166644381,0
2025-08-19,VH1,530,9,755,4.654434203761302,0
2025-08-19,MTV,508,1,827,4.99362817114602,0
2025-08-20,News24,26,222,4832,10.139835090653968,1
2025-08-20,StarTV,31,231,4838,9.625793155530129,1
2025-08-20,ZeeTV,-1,218,4692,10.83335044484601,1
2025-08-20,SunTV,18,230,4483,10.168437091223986,1
2025-08-20,ABPNews,10,231,4740,10.26294619969451,1
2025-08-20,NDTV,5,224,5121,9.885209594293856,1
2025-08-20,IndiaTV,55,238,4902,10.216479929855357,1
2025-08-20,CNNNews18,6,208,4927,11.487120393031802,1
2025-08-20,TimesNow,12,213,4685,10.03988885480018,1
2025-08-20,RepublicTV,40,226,4743,10.693237420545893,1
2025-08-20,TV9,48,232,4834,10.867114141270848,1
2025-08-20,Asianet,34,230,4882,10.387112338575514,1
2025-08-20,Colors,7,214,4958,9.904320409038041,1
2025-08-20,SonyTV,12,247,4534,11.104324114047238,1
2025-08-20,StarPlus,30,216,5013,10.197193466797955,1
2025-08-20,ZeeCinema,18,217,4653,11.33385379449004,1
2025-08-20,StarMovies,9,209,4725,10.094317800789458,1
2025-08-20,HBO,40,245,4655,10.11560824302371,1
2025-08-20,Discovery,42,223,4915,10.987539690849747,1
2025-08-20,NationalGeographic,-6,209,4929,9.652810313083245,1
2025-08-20,AnimalPlanet,13,224,5024,10.240814257882969,1
2025-08-20,HistoryTV18,48,247,5175,10.81512306233181,1
2025-08-20,CartoonNetwork,18,228,4749,9.63774687946094,1
2025-08-20,Pogo,45,248,4718,9.978808776853963,1
2025-08-20,Nickelodeon,11,241,4843,10.824825481277225,1
2025-08-20,SonyMax,46,230,4848,10.186220987668728,1
2025-08-20,ZeeTelugu,30,253,4906,10.817742882255843,1
2025-08-20,ETV,-2,215,4961,10.979693043457164,1
2025-08-20,GeminiTV,15,218,5031,10.638568449558655,1
2025-08-20,MaaTV,8,248,5145,9.659209808537554,1
2025-08-20,UdayaTV,7,225,4758,10.542947419284715,1
2025-08-20,SuryaTV,31,210,4790,10.399268146572219,1
2025-08-20,KTV,8,224,4870,10.622642222175736,1
2025-08-20,JayaTV,-5,205,4788,11.123859754898438,1
2025-08-20,RajTV,1,237,5004,10.245434687350269,1
2025-08-20,KalaignarTV,33,238,4893,10.511713013572221,1
2025-08-20,DDNews,39,240,4796,10.582018823111785,1
2025-08-20,DDNational,-8,239,4881,10.930992729304013,1
2025-08-20,DDSports,13,231,4555,11.092663436215492,1
2025-08-20,TenSports,38,228,4974,10.077196706342578,1
2025-08-20,StarSports,5,247,4970,10.495306629375026,1
2025-08-20,SonySports,-4,228,4751,11.176623110207535,1
2025-08-20,Eurosport,19,237,4819,9.945300874657248,1
2025-08-20,CNBC,30,209,5170,10.553388445436612,1
2025-08-20,BloombergTV,13,230,5011,11.119863549832006,1
2025-08-20,BBCWorld,45,224,5007,10.596981037138374,1
2025-08-20,AlJazeera,-3,246,4667,10.895004030853288,1
2025-08-20,France24,32,220,4527,10.317952544531217,1
2025-08-20,VH1,44,224,4696,10.622511729895393,1
2025-08-20,MTV,15,208,4500,10.971924549827698,1
2025-08-21,News24,557,1,931,5.222829404331027,0
2025-08-21,StarTV,590,1,915,5.3813029895878675,0
2025-08-21,ZeeTV,572,1,1052,4.6502472729872695,0
2025-08-21,SunTV,533,7,896,4.534225000868403,0
2025-08-21,ABPNews,597,1,895,5.808316301771242,0
2025-08-21,NDTV,533,1,887,5.312074738760865,0
2025-08-21,IndiaTV,585,1,1122,5.423550215364292,0
2025-08-21,CNNNews18,580,1,976,4.6072754530815,0
2025-08-21,TimesNow,589,1,818,5.044324907762335,0
2025-08-21,RepublicTV,531,1,857,4.864801438655863,0
2025-08-21,TV9,577,4,991,5.719718143307004,0
2025-08-21,Asianet,574,1,1108,5.453183669673162,0
2025-08-21,Colors,572,1,1174,5.218883821293405,0
2025-08-21,SonyTV,571,1,863,4.474125529023403,0
2025-08-21,StarPlus,584,1,957,5.345544757409093,0
2025-08-21,ZeeCinema,553,1,721,5.603788109032371,0
2025-08-21,StarMovies,565,1,866,5.686921423287519,0
2025-08-21,HBO,547,1,1069,4.710715981583787,0
2025-08-21,Discovery,591,1,1164,4.740939147566936,0
2025-08-21,NationalGeographic,572,1,945,5.305124657932614,0
2025-08-21,AnimalPlanet,536,1,1154,5.223300074819124,0
2025-08-21,HistoryTV18,570,1,713,5.095549349719846,0
2025-08-21,CartoonNetwork,535,8,1019,5.67219013228368,0
2025-08-21,Pogo,560,8,754,5.6670180540331705,0
2025-08-21,Nickelodeon,567,1,966,5.087613894657408,0
2025-08-21,SonyMax,563,1,1005,4.978156995121772,0
2025-08-21,ZeeTelugu,574,1,1027,5.677162805293056,0
2025-08-21,ETV,569,1,978,5.159368143843452,0
2025-08-21,GeminiTV,587,1,909,4.312698604324871,0
2025-08-21,MaaTV,601,1,1047,5.683549587152638,0
2025-08-21,UdayaTV,569,1,887,5.514012865423942,0
2025-08-21,SuryaTV,578,2,948,5.513390823306085,0
2025-08-21,KTV,570,1,1088,5.120765771122462,0
2025-08-21,JayaTV,544,3,1259,5.157339305638006,0
2025-08-21,RajTV,589,1,1158,5.932029444755058,0
2025-08-21,KalaignarTV,542,1,762,4.6975643291730655,0
2025-08-21,DDNews,564,1,885,4.768075280652224,0
2025-08-21,DDNational,571,1,979,5.786821866833676,0
2025-08-21,DDSports,550,1,835,5.395306274951041,0
2025-08-21,TenSports,577,1,943,5.03846313263102,0
2025-08-21,StarSports,586,1,803,4.512356061469295,0
2025-08-21,SonySports,559,1,771,5.1680999560832435,0
2025-08-21,Eurosport,548,2,960,5.087924937699553,0
2025-08-21,CNBC,586,1,1044,5.847129833271714,0
2025-08-21,BloombergTV,560,1,923,4.760622255175471,0
2025-08-21,BBCWorld,574,1,957,5.323057133723225,0
2025-08-21,AlJazeera,557,1,785,4.757555788818744,0
2025-08-21,France24,548,1,1063,5.7203704265317725,0
2025-08-21,VH1,598,1,825,5.020679399992312,0
2025-08-21,MTV,541,1,928,4.838323109433107,0
2025-08-22,News24,13,228,5010,9.539777460656726,1
2025-08-22,StarTV,7,220,5012,10.125295964045446,1
2025-08-22,ZeeTV,-13,252,4932,10.032014656498152,1
2025-08-22,SunTV,11,231,4772,10.692642993279671,1
2025-08-22,ABPNews,21,214,4944,10.613275337015578,1
2025-08-22,NDTV,7,215,4957,10.341796001366808,1
2025-08-22,IndiaTV,43,251,4946,10.023808503235918,1
2025-08-22,CNNNews18,36,228,4814,9.904561601964211,1
2025-08-22,TimesNow,24,218,4407,9.770023828675399,1
2025-08-22,RepublicTV,24,224,4679,10.024079074649688,1
2025-08-22,TV9,37,214,4697,10.417482747714148,1
2025-08-22,Asianet,48,232,5056,9.431080809302205,1
2025-08-22,Colors,3,224,4897,9.95785330101864,1
2025-08-22,SonyTV,55,221,4851,10.298299931782402,1
2025-08-22,StarPlus,28,228,4813,9.815354623064737,1
2025-08-22,ZeeCinema,2,228,4737,10.792125246603362,1
2025-08-22,StarMovies,1,202,4875,10.34075701445339,1
2025-08-22,HBO,48,231,4744,9.415567926894978,1
2025-08-22,Discovery,13,236,4882,10.30532193990982,1
2025-08-22,NationalGeographic,27,233,5021,9.3780708762011,1
2025-08-22,AnimalPlanet,9,211,4515,10.106041559772205,1
2025-08-22,HistoryTV18,1,218,4535,10.160491498309483,1
2025-08-22,CartoonNetwork,13,250,4820,10.245947982303075,1
2025-08-22,Pogo,34,242,4641,10.173296855721173,1
2025-08-22,Nickelodeon,62,216,4788,10.815612360115903,1
2025-08-22,SonyMax,30,238,4651,10.924062975748296,1
2025-08-22,ZeeTelugu,27,218,4472,9.50838419375021,1
2025-08-22,ETV,44,227,4777,10.67181728582694,1
2025-08-22,GeminiTV,27,214,5006,11.09451655498514,1
2025-08-22,MaaTV,-15,256,4537,9.713717659621679,1
2025-08-22,UdayaTV,-18,207,4586,11.016692575333366,1
2025-08-22,SuryaTV,22,227,5081,9.907215166445928,1
2025-08-22,KTV,9,233,4717,10.393879206400818,1
2025-08-22,JayaTV,54,215,5024,9.865962315176196,1
2025-08-22,RajTV,21,222,4522,10.510928252208377,1
2025-08-22,KalaignarTV,-8,232,4588,9.806842562940078,1
2025-08-22,DDNews,1,219,4722,10.55801798262892,1
2025-08-22,DDNational,-4,204,4821,10.780568711021024,1
2025-08-22,DDSports,46,226,4671,10.012680320915743,1
2025-08-22,TenSports,29,222,4618,10.02164775517218,1
2025-08-22,StarSports,46,233,4980,10.008822065197947,1
2025-08-22,SonySports,35,240,4843,9.938855144566704,1
2025-08-22,Eurosport,36,227,5010,9.7275353371272,1
2025-08-22,CNBC,31,220,5103,10.468772041517905,1
2025-08-22,BloombergTV,56,234,4630,11.222831912019233,1
2025-08-22,BBCWorld,51,227,4808,10.874905786628613,1
2025-08-22,AlJazeera,25,232,5004,9.982843957169207,1
2025-08-22,France24,-8,211,4432,9.917268969369067,1
2025-08-22,VH1,-13,226,4442,10.826985808120597,1
2025-08-22,MTV,37,227,4876,11.176937883396075,1
2025-08-23,News24,525,1,1180,4.585446970169442,0
2025-08-23,StarTV,532,1,973,5.112145030736436,0
2025-08-23,ZeeTV,551,1,916,4.923689578457625,0
2025-08-23,SunTV,540,4,1152,4.855859590655772,0
2025-08-23,ABPNews,498,1,728,5.045626860779911,0
2025-08-23,NDTV,507,1,803,4.904325461129597,0
2025-08-23,IndiaTV,502,12,891,4.889015407142062,0
2025-08-23,CNNNews18,524,1,880,4.801436478020535,0
2025-08-23,TimesNow,507,1,846,5.063110415415246,0
2025-08-23,RepublicTV,509,1,1121,4.836660478926398,0
2025-08-23,TV9,526,1,971,4.540847189375371,0
2025-08-23,Asianet,537,1,1090,4.207659078896659,0
2025-08-23,Colors,562,1,934,5.042231038396854,0
2025-08-23,SonyTV,549,1,930,4.895166945597345,0
2025-08-23,StarPlus,507,1,788,4.744404456673627,0
2025-08-23,ZeeCinema,523,1,693,4.306217843880934,0
2025-08-23,StarMovies,505,1,1134,4.714291636895966,0
2025-08-23,HBO,516,1,703,4.601441138895092,0
2025-08-23,Discovery,535,1,739,5.345224502266862,0
2025-08-23,NationalGeographic,564,1,701,4.805320430215312,0
2025-08-23,AnimalPlanet,560,1,1004,4.8857928201587075,0
2025-08-23,HistoryTV18,555,1,937,4.289136602156343,0
2025-08-23,CartoonNetwork,555,1,870,4.493087456035021,0
2025-08-23,Pogo,546,1,978,4.29262281829864,0
2025-08-23,Nickelodeon,523,1,1052,5.644123198931927,0
2025-08-23,SonyMax,551,3,1034,4.768948890017219,0
2025-08-23,ZeeTelugu,504,3,771,3.967430218780838,0
2025-08-23,ETV,501,1,960,4.7734650671912044,0
2025-08-23,GeminiTV,528,1,913,4.530214757371208,0
2025-08-23,MaaTV,507,1,917,4.787537885925536,0
2025-08-23,UdayaTV,545,5,867,5.384827898926157,0
2025-08-23,SuryaTV,541,1,998,4.327913352227779,0
2025-08-23,KTV,514,1,1054,4.977772965349761,0
2025-08-23,JayaTV,549,1,1176,5.026106656339416,0
2025-08-23,RajTV,537,3,1042,4.592791693869675,0
2025-08-23,KalaignarTV,543,4,781,5.236692117577162,0
2025-08-23,DDNews,549,1,938,5.034749112561317,0
2025-08-23,DDNational,542,8,836,4.8381969069319855,0
2025-08-23,DDSports,510,2,828,4.469063180899822,0
2025-08-23,TenSports,539,13,790,5.2087398499623525,0
2025-08-23,StarSports,517,7,1016,5.480345933839142,0
2025-08-23,SonySports,523,1,856,4.677868261151916,0
2025-08-23,Eurosport,564,1,671,4.8738724545572145,0
2025-08-23,CNBC,537,1,746,4.423548312152893,0
2025-08-23,BloombergTV,564,1,914,3.9874217380471935,0
2025-08-23,BBCWorld,503,7,998,4.241437921372662,0
2025-08-23,AlJazeera,548,1,883,4.990051508994369,0
2025-08-23,France24,543,1,980,4.499662254218865,0
2025-08-23,VH1,518,8,946,4.768379068130518,0
2025-08-23,MTV,553,1,840,5.046946188421617,0
2025-08-24,News24,45,219,4992,10.329623157191541,1
2025-08-24,StarTV,31,232,5096,10.888389533260124,1
2025-08-24,ZeeTV,4,222,5154,10.045563279331036,1
2025-08-24,SunTV,-14,230,4891,10.822783320313604,1
2025-08-24,ABPNews,29,239,4838,10.878742877503996,1
2025-08-24,NDTV,38,232,5205,10.7461182026011,1
2025-08-24,IndiaTV,40,210,4993,10.21021301581434,1
2025-08-24,CNNNews18,27,220,4466,10.35596641529051,1
2025-08-24,TimesNow,6,245,5118,10.617724434016141,1
2025-08-24,RepublicTV,1,224,4945,11.324386054801135,1
2025-08-24,TV9,43,228,5016,10.031492795234731,1
2025-08-24,Asianet,40,229,5215,10.426789840646913,1
2025-08-24,Colors,40,253,4531,10.726859603269547,1
2025-08-24,SonyTV,9,232,4979,10.555058814931446,1
2025-08-24,StarPlus,35,222,4972,10.623854611715036,1
2025-08-24,ZeeCinema,7,225,4737,9.872874786201523,1
2025-08-24,StarMovies,54,249,5075,10.313052402595169,1
2025-08-24,HBO,-7,235,4676,10.015366679069096,1
2025-08-24,Discovery,11,224,4877,10.223454696295953,1
2025-08-24,NationalGeographic,29,212,4929,10.565438465194376,1
2025-08-24,AnimalPlanet,10,218,4999,10.338999355609781,1
2025-08-24,HistoryTV18,-2,242,4933,11.159759897845163,1
2025-08-24,CartoonNetwork,35,209,5022,10.11481379813758,1
2025-08-24,Pogo,23,218,4856,9.915870291030908,1
2025-08-24,Nickelodeon,-13,251,4866,10.619888663997964,1
2025-08-24,SonyMax,12,223,5135,10.332308213845037,1
2025-08-24,ZeeTelugu,4,253,5224,10.498155557761143,1
2025-08-24,ETV,40,208,4980,10.765476571696363,1
2025-08-24,GeminiTV,40,242,5056,10.645389503445298,1
2025-08-24,MaaTV,18,214,5027,11.073755518313298,1
2025-08-24,UdayaTV,-13,247,4871,10.244900488176075,1
2025-08-24,SuryaTV,-1,231,4630,10.086175582702216,1
2025-08-24,KTV,10,248,4787,9.648664862131351,1
2025-08-24,JayaTV,7,213,5265,9.517772695873099,1
2025-08-24,RajTV,39,233,4687,11.16350602596028,1
2025-08-24,KalaignarTV,18,216,5169,10.342131901006947,1
2025-08-24,DDNews,-3,238,4833,10.508666553893722,1
2025-08-24,DDNational,15,247,5221,10.301953571004358,1
2025-08-24,DDSports,41,252,4883,11.017442951350304,1
2025-08-24,TenSports,-1,218,5110,10.751919018479876,1
2025-08-24,StarSports,7,246,4952,10.62065267850057,1
2025-08-24,SonySports,-15,224,4814,10.341434680484545,1
2025-08-24,Eurosport,-22,244,4738,11.143033738199401,1
2025-08-24,CNBC,21,208,4881,10.419167765119195,1
2025-08-24,BloombergTV,0,240,4933,11.188772550942712,1
2025-08-24,BBCWorld,9,229,5006,10.556640676508168,1
2025-08-24,AlJazeera,20,241,5035,10.469028638215542,1
2025-08-24,France24,28,248,4912,10.1429544660241,1
2025-08-24,VH1,38,237,4920,9.816897912372742,1
2025-08-24,MTV,1,239,5221,9.936217131221817,1
2025-08-25,News24,551,5,771,5.609595732010189,0
2025-08-25,StarTV,553,1,827,5.466044659360994,0
2025-08-25,ZeeTV,563,1,1116,6.039189015855449,0
2025-08-25,SunTV,556,1,1105,5.275783798702582,0
2025-08-25,ABPNews,585,1,912,5.904642650900395,0
2025-08-25,NDTV,609,1,804,5.324284519620901,0
2025-08-25,IndiaTV,550,1,1061,5.2575337326674845,0
2025-08-25,CNNNews18,560,1,893,5.8021861218572255,0
2025-08-25,TimesNow,564,7,977,5.645964150904343,0
2025-08-25,RepublicTV,558,1,1089,5.261055464288973,0
2025-08-25,TV9,597,1,1153,4.787549124146076,0
2025-08-25,Asianet,570,1,905,4.884612274608453,0
2025-08-25,Colors,607,7,944,4.8778208893159185,0
2025-08-25,SonyTV,559,1,1047,5.184651006859768,0
2025-08-25,StarPlus,598,1,1269,6.000057015913331,0
2025-08-25,ZeeCinema,584,1,982,4.951998815726505,0
2025-08-25,StarMovies,608,1,1131,5.090864449939267,0
2025-08-25,HBO,606,2,803,5.286978571103538,0
2025-08-25,Discovery,589,1,885,5.678719966032779,0
2025-08-25,NationalGeographic,558,1,1118,5.795332625451018,0
2025-08-25,AnimalPlanet,581,1,1101,5.699623801485714,0
2025-08-25,HistoryTV18,590,1,884,4.848747738238276,0
2025-08-25,CartoonNetwork,574,1,1074,5.56929311288127,0
2025-08-25,Pogo,576,1,904,4.849064466874795,0
2025-08-25,Nickelodeon,557,1,1092,4.735434141120956,0
2025-08-25,SonyMax,602,1,947,5.062443595513667,0
2025-08-25,ZeeTelugu,551,1,1053,5.4295825016236545,0
2025-08-25,ETV,587,3,1048,5.401144253067838,0
2025-08-25,GeminiTV,554,1,1035,5.1743957192330985,0
2025-08-25,MaaTV,570,1,962,5.577788104667798,0
2025-08-25,UdayaTV,579,1,1033,5.21502258830232,0
2025-08-25,SuryaTV,544,1,1129,5.280065243685044,0
2025-08-25,KTV,586,1,1091,5.633599488135125,0
2025-08-25,JayaTV,563,1,886,5.743061490001985,0
2025-08-25,RajTV,601,1,992,5.8877574426310995,0
2025-08-25,KalaignarTV,555,1,1196,6.163982592337886,0
2025-08-25,DDNews,575,1,955,4.954689995226178,0
2025-08-25,DDNational,572,4,993,4.715646510962751,0
2025-08-25,DDSports,552,1,996,5.7710635159771835,0
2025-08-25,TenSports,554,8,1074,5.35303446489276,0
2025-08-25,StarSports,548,1,985,5.28657101648106,0
2025-08-25,SonySports,563,1,1018,5.455031933077865,0
2025-08-25,Eurosport,585,1,1068,4.547832918572229,0
2025-08-25,CNBC,592,1,1015,5.505445615793576,0
2025-08-25,BloombergTV,599,4,1179,5.048245825223281,0
2025-08-25,BBCWorld,591,1,974,5.441637332097415,0
2025-08-25,AlJazeera,560,1,828,5.385782576362946,0
2025-08-25,France24,572,1,943,5.369096283880789,0
2025-08-25,VH1,572,1,1021,4.754459708171549,0
2025-08-25,MTV,597,2,1013,5.898793122799512,0
2025-08-26,News24,22,240,4620,11.121390935442806,1
2025-08-26,StarTV,-6,218,4591,10.311320802523152,1
2025-08-26,ZeeTV,-3,225,4557,10.509407727333294,1
2025-08-26,SunTV,32,214,5041,9.629821206849304,1
2025-08-26,ABPNews,-9,218,4765,10.207010447667974,1
2025-08-26,NDTV,40,220,4669,11.271725030829819,1
2025-08-26,IndiaTV,34,227,4811,10.96081663999422,1
2025-08-26,CNNNews18,21,216,4815,9.748228560464415,1
2025-08-26,TimesNow,1,247,4694,10.773931931683215,1
2025-08-26,RepublicTV,37,208,5066,10.632568175144122,1
2025-08-26,TV9,47,217,4677,10.55471386738563,1
2025-08-26,Asianet,44,216,4782,10.445726849045268,1
2025-08-26,Colors,-16,221,4990,10.546623441087485,1
2025-08-26,SonyTV,18,240,4538,10.761307624817789,1
2025-08-26,StarPlus,52,237,4830,10.953687449269312,1
2025-08-26,ZeeCinema,1,244,4539,10.739041229563911,1
2025-08-26,StarMovies,-18,232,4795,10.279855064268881,1
2025-08-26,HBO,9,239,5031,10.876381183123028,1
2025-08-26,Discovery,14,238,5112,9.720523265215357,1
2025-08-26,NationalGeographic,29,225,4779,10.731186386767412,1
2025-08-26,AnimalPlanet,16,215,4907,10.877707586649212,1
2025-08-26,HistoryTV18,-3,248,5143,9.965524421488553,1
2025-08-26,CartoonNetwork,-12,233,4646,9.677847282991259,1
2025-08-26,Pogo,11,226,5141,9.621372026882957,1
2025-08-26,Nickelodeon,-3,228,4668,11.306879361940684,1
2025-08-26,SonyMax,4,239,4852,10.61361893753768,1
2025-08-26,ZeeTelugu,53,229,4594,10.939080161589764,1
2025-08-26,ETV,31,214,5037,10.920738185749357,1
2025-08-26,GeminiTV,56,234,5192,10.736912130583468,1
2025-08-26,MaaTV,48,249,4900,10.674933361333375,1
2025-08-26,UdayaTV,17,229,5229,9.483111204442293,1
2025-08-26,SuryaTV,-5,249,4801,10.094121316645088,1
2025-08-26,KTV,39,229,4529,10.232389975029985,1
2025-08-26,JayaTV,19,224,4509,10.342603026109819,1
2025-08-26,RajTV,-18,241,4830,10.475177152797027,1
2025-08-26,KalaignarTV,37,208,5015,11.10106951864664,1
2025-08-26,DDNews,-11,229,4776,10.061731911433597,1
2025-08-26,DDNational,23,243,5034,10.953131438897284,1
2025-08-26,DDSports,32,230,4639,10.14953869436994,1
2025-08-26,TenSports,55,241,4699,9.668240061347534,1
2025-08-26,StarSports,15,239,4720,10.940620366826707,1
2025-08-26,SonySports,49,230,5049,10.628635106543614,1
2025-08-26,Eurosport,59,221,5064,10.20626760904313,1
2025-08-26,CNBC,32,236,4561,11.004724478980487,1
2025-08-26,BloombergTV,22,239,4591,10.195477355764957,1
2025-08-26,BBCWorld,28,236,4615,10.626202312652659,1
2025-08-26,AlJazeera,0,240,4444,9.963039638062822,1
2025-08-26,France24,12,216,5054,9.90557002866703,1
2025-08-26,VH1,16,227,4965,11.384367962249899,1
2025-08-26,MTV,55,230,5008,11.3428061927883,1
2025-08-27,News24,539,1,1025,5.275485256912709,0
2025-08-27,StarTV,528,1,1034,5.137499489956973,0
2025-08-27,ZeeTV,565,1,827,5.136797957790183,0
2025-08-27,SunTV,564,1,908,5.0937495492811316,0
2025-08-27,ABPNews,529,1,837,4.6670895340138365,0
2025-08-27,NDTV,513,12,735,4.540700763198803,0
2025-08-27,IndiaTV,557,1,935,4.636973212823436,0
2025-08-27,CNNNews18,565,1,854,4.874483446099498,0
2025-08-27,TimesNow,558,1,1107,5.3511427411872425,0
2025-08-27,RepublicTV,536,1,1067,4.606065434400101,0
2025-08-27,TV9,543,1,862,4.388025018237073,0
2025-08-27,Asianet,519,8,900,5.317461698421448,0
2025-08-27,Colors,553,1,1009,4.452086766551028,0
2025-08-27,SonyTV,517,1,907,5.048169035890159,0
2025-08-27,StarPlus,574,1,908,4.947592722641707,0
2025-08-27,ZeeCinema,536,1,1137,4.561514915028368,0
2025-08-27,StarMovies,534,1,856,5.715813894792738,0
2025-08-27,HBO,520,1,1023,4.656565671134919,0
2025-08-27,Discovery,549,1,1129,5.08230214684341,0
2025-08-27,NationalGeographic,562,1,853,5.696064948485109,0
2025-08-27,AnimalPlanet,567,1,882,4.764393999268598,0
2025-08-27,HistoryTV18,535,10,771,5.219324859697032,0
2025-08-27,CartoonNetwork,541,1,782,5.400208676460876,0
2025-08-27,Pogo,557,1,839,5.246960912385485,0
2025-08-27,Nickelodeon,562,1,1137,5.232013175150309,0
2025-08-27,SonyMax,519,1,701,5.792059812420554,0
2025-08-27,ZeeTelugu,555,1,1213,4.728426205232817,0
2025-08-27,ETV,541,1,905,4.775838684233446,0
2025-08-27,GeminiTV,544,6,734,4.7927747299776335,0
2025-08-27,MaaTV,516,1,947,5.364965157992808,0
2025-08-27,UdayaTV,529,2,726,5.424253473261977,0
2025-08-27,SuryaTV,561,1,850,4.5596332583985735,0
2025-08-27,KTV,562,1,1028,4.7055412149555185,0
2025-08-27,JayaTV,517,1,1139,5.353846881299736,0
2025-08-27,RajTV,566,1,656,5.577536384621764,0
2025-08-27,KalaignarTV,567,1,991,5.363930059940792,0
2025-08-27,DDNews,516,1,865,5.3955507966590055,0
2025-08-27,DDNational,558,1,1059,4.237985885446053,0
2025-08-27,DDSports,515,1,915,4.707234177561344,0
2025-08-27,TenSports,570,1,1001,4.687583395022582,0
2025-08-27,StarSports,574,3,950,5.4912094060451055,0
2025-08-27,SonySports,546,7,982,5.273577558625501,0
2025-08-27,Eurosport,538,1,771,4.420088124901569,0
2025-08-27,CNBC,531,15,874,4.298963138480658,0
2025-08-27,BloombergTV,531,1,767,4.8906450620959205,0
2025-08-27,BBCWorld,562,1,986,5.290364014180607,0
2025-08-27,AlJazeera,534,1,966,4.830354135769615,0
2025-08-27,France24,545,13,881,4.3765479971241525,0
2025-08-27,VH1,563,1,912,5.3464636456836665,0
2025-08-27,MTV,575,1,934,4.568142795715097,0
2025-08-28,News24,-13,215,5031,10.9189149731744,1
2025-08-28,StarTV,-8,209,5170,11.217657134759568,1
2025-08-28,ZeeTV,38,232,5300,10.661474639521638,1
2025-08-28,SunTV,15,259,5058,10.198944330043478,1
2025-08-28,ABPNews,10,251,4809,10.113861640329882,1
2025-08-28,NDTV,51,239,5098,11.101799597876525,1
2025-08-28,IndiaTV,-3,213,4934,10.592414318641326,1
2025-08-28,CNNNews18,-9,234,5000,10.277814174180758,1
2025-08-28,TimesNow,-4,262,4541,10.193305121300119,1
2025-08-28,RepublicTV,40,243,4888,11.07772122395918,1
2025-08-28,TV9,24,215,4968,10.228994399094208,1
2025-08-28,Asianet,5,213,4967,10.090445545885949,1
2025-08-28,Colors,29,233,4826,10.221414131250553,1
2025-08-28,SonyTV,7,234,4949,10.901844896185116,1
2025-08-28,StarPlus,3,260,4981,10.091959547997027,1
2025-08-28,ZeeCinema,-6,258,4951,11.145857421335258,1
2025-08-28,StarMovies,-12,228,5258,10.505108904708987,1
2025-08-28,HBO,-15,216,4995,11.145850403191805,1
2025-08-28,Discovery,11,209,5078,10.041473459331463,1
2025-08-28,NationalGeographic,46,220,4748,9.753362792677713,1
2025-08-28,AnimalPlanet,33,252,5002,10.56080893814991,1
2025-08-28,HistoryTV18,-3,241,5228,10.828271709175212,1
2025-08-28,CartoonNetwork,23,226,4863,9.904944697126835,1
2025-08-28,Pogo,13,232,4765,11.2438510837278,1
2025-08-28,Nickelodeon,-20,242,5173,9.773305933050251,1
2025-08-28,SonyMax,-6,240,4792,10.446394864943255,1
2025-08-28,ZeeTelugu,31,249,4561,9.881678963880283,1
2025-08-28,ETV,24,240,5007,9.85711691175382,1
2025-08-28,GeminiTV,-14,232,4837,10.677523383813783,1
2025-08-28,MaaTV,38,217,5201,11.274588314340244,1
2025-08-28,UdayaTV,23,208,4707,9.884763210273858,1
2025-08-28,SuryaTV,21,243,4872,11.136581938803532,1
2025-08-28,KTV,0,217,5009,10.082984608198785,1
2025-08-28,JayaTV,28,231,4890,10.863254320177347,1
2025-08-28,RajTV,9,213,5069,9.83675244130311,1
2025-08-28,KalaignarTV,8,212,4871,10.709961963440913,1
2025-08-28,DDNews,-6,240,4880,9.93356507461689,1
2025-08-28,DDNational,7,235,4867,10.203663778957143,1
2025-08-28,DDSports,9,236,5204,11.281314955650265,1
2025-08-28,TenSports,21,244,5060,10.233268924388753,1
2025-08-28,StarSports,10,236,4708,10.795124688172708,1
2025-08-28,SonySports,16,244,4786,10.908983504299934,1
2025-08-28,Eurosport,27,219,5019,10.024319059958641,1
2025-08-28,CNBC,32,232,4779,11.220414170668965,1
2025-08-28,BloombergTV,33,254,5385,9.910112499694717,1
2025-08-28,BBCWorld,33,228,5105,10.108644286964006,1
2025-08-28,AlJazeera,14,237,5115,10.483107299656073,1
2025-08-28,France24,33,217,4887,10.227859097029352,1
2025-08-28,VH1,-17,230,4858,10.608676011367091,1
2025-08-28,MTV,-11,228,5073,9.580828842624522,1
2025-08-29,News24,571,1,1069,4.878860813913222,0
2025-08-29,StarTV,561,2,941,5.6854082686362215,0
2025-08-29,ZeeTV,588,1,1073,4.353919725199526,0
2025-08-29,SunTV,621,1,942,4.74479276452371,0
2025-08-29,ABPNews,570,1,1276,4.983311735329664,0
2025-08-29,NDTV,607,1,1176,5.037654820995447,0
2025-08-29,IndiaTV,587,1,996,5.89579265210228,0
2025-08-29,CNNNews18,568,1,1253,5.370256168974658,0
2025-08-29,TimesNow,582,1,1178,5.448260025818915,0
2025-08-29,RepublicTV,605,1,845,5.509275021834361,0
2025-08-29,TV9,610,1,1153,5.360831377001468,0
2025-08-29,Asianet,561,1,866,4.870291482648437,0
2025-08-29,Colors,570,1,972,5.001861830369864,0
2025-08-29,SonyTV,589,1,858,4.6559016948103595,0
2025-08-29,StarPlus,570,1,1075,4.932287039678712,0
2025-08-29,ZeeCinema,562,1,882,5.048590335832959,0
2025-08-29,StarMovies,579,1,876,5.367696659261714,0
2025-08-29,HBO,578,1,1222,4.425988139488008,0
2025-08-29,Discovery,610,2,1110,4.4174921961245195,0
2025-08-29,NationalGeographic,587,1,747,5.5821518966145804,0
2025-08-29,AnimalPlanet,613,1,1152,5.027438138807822,0
2025-08-29,HistoryTV18,600,1,825,5.3107023213041735,0
2025-08-29,CartoonNetwork,559,1,1020,4.70243818032363,0
2025-08-29,Pogo,587,1,1155,5.889480940942921,0
2025-08-29,Nickelodeon,592,1,1163,4.803625119258573,0
2025-08-29,SonyMax,599,1,962,5.1729767274081775,0
2025-08-29,ZeeTelugu,598,1,919,5.284930123010705,0
2025-08-29,ETV,581,1,946,5.523402849429397,0
2025-08-29,GeminiTV,593,1,889,5.145991267966703,0
2025-08-29,MaaTV,609,1,1034,4.471205549963451,0
2025-08-29,UdayaTV,597,1,978,5.795322855474523,0
2025-08-29,SuryaTV,591,1,1174,5.173310910836634,0
2025-08-29,KTV,564,1,794,4.665430029841765,0
2025-08-29,JayaTV,616,1,1120,5.64888034643797,0
2025-08-29,RajTV,561,1,880,4.422673627749864,0
2025-08-29,KalaignarTV,599,1,1145,5.712530637676044,0
2025-08-29,DDNews,562,1,962,5.632048333452014,0
2025-08-29,DDNational,600,2,1030,5.649467730705804,0
2025-08-29,DDSports,585,1,1212,4.5146989433051425,0
2025-08-29,TenSports,546,1,972,5.542005002429913,0
2025-08-29,StarSports,587,1,1286,5.055340103262652,0
2025-08-29,SonySports,558,2,941,5.1869704271730495,0
2025-08-29,Eurosport,604,1,899,5.433097793818233,0
2025-08-29,CNBC,564,1,926,5.5769962256125005,0
2025-08-29,BloombergTV,616,1,948,5.46053592034344,0
2025-08-29,BBCWorld,584,1,1139,5.425543184750276,0
2025-08-29,AlJazeera,612,1,1105,5.561458070709904,0
2025-08-29,France24,610,1,1125,5.541560472196177,0
2025-08-29,VH1,590,1,851,5.357021702786704,0
2025-08-29,MTV,582,1,1013,5.292376340125586,0
2025-08-30,News24,37,238,4855,10.47916760971206,1
2025-08-30,StarTV,26,243,5103,10.467852827705041,1
2025-08-30,ZeeTV,-1,221,4946,10.76771529413328,1
2025-08-30,SunTV,1,230,4899,10.209778384494557,1
2025-08-30,ABPNews,33,225,4983,10.608552315086266,1
2025-08-30,NDTV,4,229,5046,10.786526365522437,1
2025-08-30,IndiaTV,8,248,5162,10.714902093347321,1
2025-08-30,CNNNews18,21,234,4854,11.011326486892854,1
2025-08-30,TimesNow,2,205,4879,11.10395215545411,1
2025-08-30,RepublicTV,44,206,4963,9.523232112374595,1
2025-08-30,TV9,23,210,4972,9.793829350981252,1
2025-08-30,Asianet,-1,236,4962,11.328381571658516,1
2025-08-30,Colors,17,218,5262,9.589738606134501,1
2025-08-30,SonyTV,43,254,5029,10.607034961407791,1
2025-08-30,StarPlus,32,211,5344,9.931783656387644,1
2025-08-30,ZeeCinema,45,226,4854,10.631802319036831,1
2025-08-30,StarMovies,37,201,4932,10.287370828999851,1
2025-08-30,HBO,11,213,4977,10.83152225056589,1
2025-08-30,Discovery,9,229,4793,10.404213619043542,1
2025-08-30,NationalGeographic,5,226,4985,10.42188242246479,1
2025-08-30,AnimalPlanet,18,235,4915,9.884110773484966,1
2025-08-30,HistoryTV18,32,214,5154,9.980417692505615,1
2025-08-30,CartoonNetwork,9,226,5107,10.51737236832929,1
2025-08-30,Pogo,-2,213,4813,10.897617368985536,1
2025-08-30,Nickelodeon,-7,208,5389,11.03922250975074,1
2025-08-30,SonyMax,15,228,5019,10.902308553654846,1
2025-08-30,ZeeTelugu,2,233,5254,9.869386074847844,1
2025-08-30,ETV,35,242,4616,10.148479553836736,1
2025-08-30,GeminiTV,49,255,5134,10.916749473504096,1
2025-08-30,MaaTV,35,215,5039,11.152192174940211,1
2025-08-30,UdayaTV,36,200,4639,9.862139031286427,1
2025-08-30,SuryaTV,0,241,5001,11.360655839345986,1
2025-08-30,KTV,43,211,5237,10.535018314925415,1
2025-08-30,JayaTV,-1,221,4772,9.510849941683224,1
2025-08-30,RajTV,0,236,4668,10.715989984092586,1
2025-08-30,KalaignarTV,-8,248,4841,10.190563349407991,1
2025-08-30,DDNews,19,234,5241,9.47836660692606,1
2025-08-30,DDNational,16,233,5047,10.214144680427736,1
2025-08-30,DDSports,-9,230,5103,10.545477991601336,1
2025-08-30,TenSports,34,217,5049,9.90544473952969,1
2025-08-30,StarSports,40,229,5130,10.022334813062045,1
2025-08-30,SonySports,13,230,5128,10.695920881677223,1
2025-08-30,Eurosport,24,238,5021,10.64002253071724,1
2025-08-30,CNBC,12,205,4623,9.608674672666659,1
2025-08-30,BloombergTV,28,241,4913,9.770036770275155,1
2025-08-30,BBCWorld,0,242,4958,10.926206966240462,1
2025-08-30,AlJazeera,13,224,4930,10.810283722995548,1
2025-08-30,France24,29,221,4918,10.844957689158338,1
2025-08-30,VH1,13,248,4929,10.430686008222988,1
2025-08-30,MTV,-3,230,5200,11.287004366459998,1
2025-08-31,News24,585,1,1049,4.657394106810779,0
2025-08-31,StarTV,549,1,944,5.197506588188539,0
2025-08-31,ZeeTV,526,1,1118,4.997085551591102,0
2025-08-31,SunTV,564,1,816,4.34465849888128,0
2025-08-31,ABPNews,566,10,906,5.45697058416527,0
2025-08-31,NDTV,551,1,926,4.765435744831178,0
2025-08-31,IndiaTV,576,1,826,4.855625484879935,0
2025-08-31,CNNNews18,538,4,1196,4.52115544173968,0
2025-08-31,TimesNow,543,1,871,4.448649817122812,0
2025-08-31,RepublicTV,547,1,1016,4.505771575154008,0
2025-08-31,TV9,527,9,1063,5.331939554906701,0
2025-08-31,Asianet,560,4,1121,4.074658598437417,0
2025-08-31,Colors,567,1,1040,4.533875532781776,0
2025-08-31,SonyTV,573,1,770,4.546735850498152,0
2025-08-31,StarPlus,562,1,890,4.898032854390916,0
2025-08-31,ZeeCinema,537,1,1065,4.849162867768211,0
2025-08-31,StarMovies,569,9,1199,5.5259431712202955,0
2025-08-31,HBO,526,1,953,4.003453856374952,0
2025-08-31,Discovery,549,1,972,4.34071471749878,0
2025-08-31,NationalGeographic,569,1,911,5.039079722213961,0
2025-08-31,AnimalPlanet,566,4,939,5.491415171502693,0
2025-08-31,HistoryTV18,541,1,802,4.853822808615005,0
2025-08-31,CartoonNetwork,571,1,888,5.265786651457374,0
2025-08-31,Pogo,574,1,1042,5.375885824726519,0
2025-08-31,Nickelodeon,530,6,885,5.136140149270459,0
2025-08-31,SonyMax,568,1,700,4.488400178614128,0
2025-08-31,ZeeTelugu,529,1,1053,5.230935910595928,0
2025-08-31,ETV,551,3,915,4.698722494818189,0
2025-08-31,GeminiTV,574,1,1171,5.105751827646932,0
2025-08-31,MaaTV,581,4,1183,4.387822191897228,0
2025-08-31,UdayaTV,528,10,836,4.873972956818521,0
2025-08-31,SuryaTV,552,9,1167,4.943516256718999,0
2025-08-31,KTV,588,1,889,4.455222865838523,0
2025-08-31,JayaTV,583,1,925,5.388321886039996,0
2025-08-31,RajTV,536,1,887,5.209862763303698,0
2025-08-31,KalaignarTV,576,1,1071,4.920689926211194,0
2025-08-31,DDNews,575,1,860,5.073451983252651,0
2025-08-31,DDNational,555,1,937,5.240067520205984,0
2025-08-31,DDSports,552,1,846,4.675303961909562,0
2025-08-31,TenSports,579,3,847,4.881046216820558,0
2025-08-31,StarSports,540,2,991,4.873544581464443,0
2025-08-31,SonySports,551,13,1189,5.1021016126591086,0
2025-08-31,Eurosport,583,5,1215,5.148817178572102,0
2025-08-31,CNBC,529,1,1141,4.445773247136399,0
2025-08-31,BloombergTV,536,1,1134,5.597123886494646,0
2025-08-31,BBCWorld,557,1,1113,4.733475862106514,0
2025-08-31,AlJazeera,531,1,1098,5.117574801675164,0
2025-08-31,France24,555,1,922,5.239931599269858,0
2025-08-31,VH1,530,1,1040,4.84404301993412,0
2025-08-31,MTV,548,6,778,5.03384786321337,0
2025-09-01,News24,29,227,5038,9.739248331622793,1
2025-09-01,StarTV,14,228,4852,10.631585922091936,1
2025-09-01,ZeeTV,5,226,5000,10.015863814923437,1
2025-09-01,SunTV,20,228,4947,9.550975919881614,1
2025-09-01,ABPNews,2,200,4943,9.839000576013497,1
2025-09-01,NDTV,31,219,4790,9.910103558384566,1
2025-09-01,IndiaTV,3,247,4663,9.986121409301713,1
2025-09-01,CNNNews18,2,237,4860,10.079276645426713,1
2025-09-01,TimesNow,44,205,4981,10.136265838212552,1
2025-09-01,RepublicTV,37,218,4961,10.565729627914859,1
2025-09-01,TV9,-10,237,4926,9.900664792657768,1
2025-09-01,Asianet,39,208,5272,10.042894514474092,1
2025-09-01,Colors,24,234,4939,10.505613135071618,1
2025-09-01,SonyTV,31,198,4809,9.715833896387688,1
2025-09-01,StarPlus,55,197,4847,10.423519706589595,1
2025-09-01,ZeeCinema,33,239,4799,9.792523532960963,1
2025-09-01,StarMovies,41,228,4715,9.67763144129201,1
2025-09-01,HBO,-9,217,5002,10.25616273587754,1
2025-09-01,Discovery,47,246,4712,10.36796759691228,1
2025-09-01,NationalGeographic,49,231,4782,10.291573948686183,1
2025-09-01,AnimalPlanet,-12,216,4948,10.088238966110183,1
2025-09-01,HistoryTV18,12,231,4673,9.642223195299204,1
2025-09-01,CartoonNetwork,48,196,5023,10.480742918169891,1
2025-09-01,Pogo,13,242,4951,10.104588778815746,1
2025-09-01,Nickelodeon,16,222,5257,10.33863478518354,1
2025-09-01,SonyMax,-2,217,4800,9.568826755581119,1
2025-09-01,ZeeTelugu,2,234,5247,10.646989928443489,1
2025-09-01,ETV,18,207,4840,10.375741617823396,1
2025-09-01,GeminiTV,47,211,4864,10.972292242743642,1
2025-09-01,MaaTV,11,217,4850,9.550891996106,1
2025-09-01,UdayaTV,30,239,4919,9.982434794593633,1
2025-09-01,SuryaTV,48,202,4722,9.601200908744477,1
2025-09-01,KTV,31,220,5111,9.897409353999846,1
2025-09-01,JayaTV,38,220,4806,10.588402728132012,1
2025-09-01,RajTV,6,212,5081,9.703844865918493,1
2025-09-01,KalaignarTV,55,208,5092,10.134325686800016,1
2025-09-01,DDNews,21,232,4654,10.678513351515212,1
2025-09-01,DDNational,58,225,5006,10.319390790024608,1
2025-09-01,DDSports,9,203,5097,10.734632147170718,1
2025-09-01,TenSports,48,213,4961,10.166717526290414,1
2025-09-01,StarSports,32,220,4702,9.449450512126473,1
2025-09-01,SonySports,7,234,4708,10.337963435833727,1
2025-09-01,Eurosport,23,210,4840,10.594189143971136,1
2025-09-01,CNBC,3,204,4811,10.157793163459665,1
2025-09-01,BloombergTV,61,220,4901,10.070706873841077,1
2025-09-01,BBCWorld,3,227,4925,9.901287901557767,1
2025-09-01,AlJazeera,13,218,4861,10.165861097215908,1
2025-09-01,France24,5,198,5139,10.910120986009932,1
2025-09-01,VH1,6,202,4875,9.919961068708018,1
2025-09-01,MTV,14,219,4960,9.409576111299492,1
2025-09-02,News24,593,1,827,5.520518026091311,0
2025-09-02,StarTV,556,1,1210,5.4121827865238155,0
2025-09-02,ZeeTV,577,1,1100,4.335222429029981,0
2025-09-02,SunTV,558,1,984,5.759105458620845,0
2025-09-02,ABPNews,573,1,873,4.5043339070245745,0
2025-09-02,NDTV,556,8,747,5.358425458222866,0
2025-09-02,IndiaTV,591,1,847,4.618226386744316,0
2025-09-02,CNNNews18,551,1,853,5.087140883536038,0
2025-09-02,TimesNow,577,8,814,5.410900388213037,0
2025-09-02,RepublicTV,599,1,1014,5.629304834850421,0
2025-09-02,TV9,598,1,1140,4.709822779406569,0
2025-09-02,Asianet,551,1,1086,5.397565331865345,0
2025-09-02,Colors,591,2,918,5.263875882844954,0
2025-09-02,SonyTV,552,1,872,5.059520019198141,0
2025-09-02,StarPlus,555,1,874,5.670973945522135,0
2025-09-02,ZeeCinema,554,1,963,5.270928195510733,0
2025-09-02,StarMovies,571,1,882,5.062932060493868,0
2025-09-02,HBO,592,1,1048,4.867862774717031,0
2025-09-02,Discovery,556,1,888,5.378825625275421,0
2025-09-02,NationalGeographic,611,1,1028,4.950024210530853,0
2025-09-02,AnimalPlanet,553,1,1134,5.779668366534501,0
2025-09-02,HistoryTV18,547,1,853,4.93349190797137,0
2025-09-02,CartoonNetwork,561,2,874,5.762236344547804,0
2025-09-02,Pogo,589,1,1110,5.452726247757566,0
2025-09-02,Nickelodeon,586,1,826,4.542709046170313,0
2025-09-02,SonyMax,575,8,856,5.481479665464048,0
2025-09-02,ZeeTelugu,577,9,1004,4.7048108346428705,0
2025-09-02,ETV,582,1,771,4.866550418560204,0
2025-09-02,GeminiTV,588,1,1151,4.70015864690285,0
2025-09-02,MaaTV,581,3,890,5.784953894378666,0
2025-09-02,UdayaTV,558,6,1111,5.029584151703311,0
2025-09-02,SuryaTV,581,1,933,4.478381348068899,0
2025-09-02,KTV,573,1,1217,5.296221058778753,0
2025-09-02,JayaTV,550,6,743,5.804249617592767,0
2025-09-02,RajTV,608,1,1095,4.981460423503261,0
2025-09-02,KalaignarTV,591,1,1116,5.154217273942686,0
2025-09-02,DDNews,577,5,866,5.163012234356652,0
2025-09-02,DDNational,555,1,914,4.963980824334053,0
2025-09-02,DDSports,553,1,864,5.437748148295623,0
2025-09-02,TenSports,586,1,855,5.049351610431547,0
2025-09-02,StarSports,549,1,950,4.745735666513142,0
2025-09-02,SonySports,548,2,872,4.763832651592018,0
2025-09-02,Eurosport,559,1,1060,5.279410634996792,0
2025-09-02,CNBC,568,1,1074,5.3552050200792305,0
2025-09-02,BloombergTV,563,1,859,5.415629877170472,0
2025-09-02,BBCWorld,579,1,850,5.175539407426926,0
2025-09-02,AlJazeera,604,1,844,5.413059985926087,0
2025-09-02,France24,603,3,823,4.685164820379045,0
2025-09-02,VH1,562,1,880,4.6910667360247515,0
2025-09-02,MTV,584,1,848,4.773485719873308,0
2025-09-03,News24,10,228,4837,11.19033397785617,1
2025-09-03,StarTV,-10,222,4725,11.10212945092861,1
2025-09-03,ZeeTV,21,241,5067,9.913829587548669,1
2025-09-03,SunTV,4,229,5108,9.949193361596954,1
2025-09-03,ABPNews,27,239,5043,9.848123134207121,1
2025-09-03,NDTV,-10,224,5011,10.359971683404131,1
2025-09-03,IndiaTV,-6,220,4801,9.534587983092988,1
2025-09-03,CNNNews18,46,217,5099,10.707137950698254,1
2025-09-03,TimesNow,26,213,5129,10.460350937218502,1
2025-09-03,RepublicTV,14,234,5116,10.092331554998774,1
2025-09-03,TV9,32,238,5027,10.165182903983615,1
2025-09-03,Asianet,7,246,5029,10.3993543923467,1
2025-09-03,Colors,3,228,5209,10.128301962442425,1
2025-09-03,SonyTV,9,238,4825,10.432075836819863,1
2025-09-03,StarPlus,31,235,4676,10.299678513376323,1
2025-09-03,ZeeCinema,-13,216,4904,9.77433364973357,1
2025-09-03,StarMovies,2,208,4913,11.048767018740103,1
2025-09-03,HBO,41,238,4840,9.736986164885197,1
2025-09-03,Discovery,28,215,4957,9.874489702878492,1
2025-09-03,NationalGeographic,50,229,4823,10.196709726820302,1
2025-09-03,AnimalPlanet,8,242,4859,10.416729657818038,1
2025-09-03,HistoryTV18,14,226,4710,10.367525435366211,1
2025-09-03,CartoonNetwork,47,221,5065,10.313767192588777,1
2025-09-03,Pogo,13,230,4976,10.237546949254563,1
2025-09-03,Nickelodeon,30,225,4743,9.712994168688192,1
2025-09-03,SonyMax,20,243,5145,10.530685405486269,1
2025-09-03,ZeeTelugu,14,219,4533,11.140033949189192,1
2025-09-03,ETV,38,210,4891,10.450399156375198,1
2025-09-03,GeminiTV,45,236,4624,10.746187777565959,1
2025-09-03,MaaTV,18,241,5024,9.58843679490624,1
2025-09-03,UdayaTV,8,242,4626,10.460243371714855,1
2025-09-03,SuryaTV,-10,231,4875,10.541039941202026,1
2025-09-03,KTV,0,236,4927,9.455808406159283,1
2025-09-03,JayaTV,4,219,5032,10.934897874541294,1
2025-09-03,RajTV,-6,219,4958,10.209094226732654,1
2025-09-03,KalaignarTV,10,237,5202,9.737072882549736,1
2025-09-03,DDNews,12,241,4831,9.925474330154449,1
2025-09-03,DDNational,-8,234,4850,10.283735407363832,1
2025-09-03,DDSports,-5,207,4904,10.475075062526367,1
2025-09-03,TenSports,40,202,4989,10.388430508120182,1
2025-09-03,StarSports,10,213,5058,10.214861788986743,1
2025-09-03,SonySports,-5,229,5043,10.28616149738229,1
2025-09-03,Eurosport,31,205,5174,9.770116270593757,1
2025-09-03,CNBC,42,236,5229,10.069135977297725,1
2025-09-03,BloombergTV,23,214,4656,10.744115894815222,1
2025-09-03,BBCWorld,-2,205,4803,10.380908713841578,1
2025-09-03,AlJazeera,1,232,5323,10.612142426367953,1
2025-09-03,France24,52,231,4839,10.384434382791866,1
2025-09-03,VH1,1,230,4884,10.453736578867748,1
2025-09-03,MTV,-12,234,4957,10.311471500037719,1
2025-09-04,News24,530,1,873,4.8107099925204135,0
2025-09-04,StarTV,510,1,921,4.431511164309731,0
2025-09-04,ZeeTV,536,1,1006,4.854937062591067,0
2025-09-04,SunTV,554,1,921,5.365401022131415,0
2025-09-04,ABPNews,524,1,1027,5.6213167929492345,0
2025-09-04,NDTV,520,1,742,5.0045815671537905,0
2025-09-04,IndiaTV,539,1,1059,4.401717164720297,0
2025-09-04,CNNNews18,524,1,923,4.1257669674549,0
2025-09-04,TimesNow,534,1,859,5.181105399067796,0
2025-09-04,RepublicTV,512,1,919,4.166878088578558,0
2025-09-04,TV9,536,1,867,5.0280915214962025,0
2025-09-04,Asianet,529,1,869,5.242381508458293,0
2025-09-04,Colors,530,1,894,4.708950672698946,0
2025-09-04,SonyTV,558,2,914,4.223050151313064,0
2025-09-04,StarPlus,531,1,996,4.5751193333603855,0
2025-09-04,ZeeCinema,536,1,928,4.9649031588467825,0
2025-09-04,StarMovies,516,1,1074,4.2974563530470204,0
2025-09-04,HBO,545,1,1052,4.476788812453012,0
2025-09-04,Discovery,541,1,1029,4.148340563144162,0
2025-09-04,NationalGeographic,522,1,930,5.190146869876838,0
2025-09-04,AnimalPlanet,529,1,699,5.415351685125853,0
2025-09-04,HistoryTV18,531,1,1119,4.882452505051763,0
2025-09-04,CartoonNetwork,507,1,1021,5.273371330378358,0
2025-09-04,Pogo,535,9,709,4.740503273549067,0
2025-09-04,Nickelodeon,561,1,912,4.385596652205471,0
2025-09-04,SonyMax,559,5,1145,4.602289268678042,0
2025-09-04,ZeeTelugu,517,4,900,4.956511967528202,0
2025-09-04,ETV,550,1,995,5.160892694772854,0
2025-09-04,GeminiTV,509,1,690,4.876002514206579,0
2025-09-04,MaaTV,546,1,1007,4.840013169874813,0
2025-09-04,UdayaTV,532,1,879,4.945518769004096,0
2025-09-04,SuryaTV,518,1,938,5.068346001368561,0
2025-09-04,KTV,522,1,865,4.950732593324794,0
2025-09-04,JayaTV,541,8,707,4.637262890008146,0
2025-09-04,RajTV,560,1,897,4.477874708207213,0
2025-09-04,KalaignarTV,541,1,1064,4.522425144417044,0
2025-09-04,DDNews,573,1,1053,4.9208806373064675,0
2025-09-04,DDNational,531,5,967,5.416265002065748,0
2025-09-04,DDSports,528,1,777,4.121309802239983,0
2025-09-04,TenSports,509,8,1041,5.1848159335620005,0
2025-09-04,StarSports,557,2,875,5.276861047691669,0
2025-09-04,SonySports,536,3,942,5.026707417348645,0
2025-09-04,Eurosport,538,2,860,4.516655961234768,0
2025-09-04,CNBC,555,1,1170,4.854353766739894,0
2025-09-04,BloombergTV,552,5,757,4.5922696923291575,0
2025-09-04,BBCWorld,541,1,935,5.357037215841121,0
2025-09-04,AlJazeera,529,1,1074,4.860275423031506,0
2025-09-04,France24,509,4,915,5.5351831972095304,0
2025-09-04,VH1,557,1,906,4.642288094720148,0
2025-09-04,MTV,550,10,897,4.620287795545547,0
2025-09-05,News24,16,231,5130,10.36027686966507,1
2025-09-05,StarTV,63,219,4674,9.799984423975294,1
2025-09-05,ZeeTV,29,235,4997,10.542433832984312,1
2025-09-05,SunTV,42,207,4771,10.263636398217214,1
2025-09-05,ABPNews,23,210,4710,9.93082605001257,1
2025-09-05,NDTV,49,226,5130,10.797303171331638,1
2025-09-05,IndiaTV,19,227,5127,10.62379753515344,1
2025-09-05,CNNNews18,8,218,4731,9.66856307714732,1
2025-09-05,TimesNow,47,236,5071,9.346967537999355,1
2025-09-05,RepublicTV,29,228,4837,10.630150167971207,1
2025-09-05,TV9,11,219,5185,10.700051898520627,1
2025-09-05,Asianet,49,211,4504,10.633707420546163,1
2025-09-05,Colors,33,240,4822,10.477556514806784,1
2025-09-05,SonyTV,35,213,4789,9.450479112217085,1
2025-09-05,StarPlus,35,212,4656,9.751743577750142,1
2025-09-05,ZeeCinema,38,222,4797,10.470697491929023,1
2025-09-05,StarMovies,19,224,4950,10.86255642290212,1
2025-09-05,HBO,13,226,5078,9.36670788139921,1
2025-09-05,Discovery,40,220,4848,9.896493521763219,1
2025-09-05,NationalGeographic,-3,234,5225,10.188988576839215,1
2025-09-05,AnimalPlanet,38,228,5035,9.943278457264375,1
2025-09-05,HistoryTV18,3,207,4578,10.566833622421242,1
2025-09-05,CartoonNetwork,24,215,5000,10.22007547130477,1
2025-09-05,Pogo,32,222,4890,9.477749373602713,1
2025-09-05,Nickelodeon,47,232,5140,9.73903250049601,1
2025-09-05,SonyMax,-2,235,4987,10.099597469123752,1
2025-09-05,ZeeTelugu,4,223,5099,10.842493257816137,1
2025-09-05,ETV,49,243,4545,10.394506004661034,1
2025-09-05,GeminiTV,5,227,4992,10.579460277902259,1
2025-09-05,MaaTV,1,230,4749,10.244279623076151,1
2025-09-05,UdayaTV,16,221,4946,10.423051704062825,1
2025-09-05,SuryaTV,9,232,4840,10.097592993659699,1
2025-09-05,KTV,22,213,4849,9.876071457052598,1
2025-09-05,JayaTV,15,226,4898,10.1903342287831,1
2025-09-05,RajTV,17,220,5086,10.644719671033918,1
2025-09-05,KalaignarTV,45,211,4870,9.863400995725465,1
2025-09-05,DDNews,-4,210,4993,10.77980441232502,1
2025-09-05,DDNational,14,216,4967,10.386493606552122,1
2025-09-05,DDSports,3,218,4995,10.194660809031177,1
2025-09-05,TenSports,12,228,5191,10.536441809444623,1
2025-09-05,StarSports,22,234,4847,9.864551132663342,1
2025-09-05,SonySports,57,207,4575,9.87343168229528,1
2025-09-05,Eurosport,44,221,4839,9.877142154895937,1
2025-09-05,CNBC,17,221,4498,10.498945878951158,1
2025-09-05,BloombergTV,1,213,5127,10.159931726644707,1
2025-09-05,BBCWorld,39,238,4852,9.83439236039171,1
2025-09-05,AlJazeera,25,237,5062,10.321371417469566,1
2025-09-05,France24,0,213,4925,10.540244090509667,1
2025-09-05,VH1,42,226,4775,10.047008664250658,1
2025-09-05,MTV,-1,224,4958,9.435549426268532,1
2025-09-06,News24,558,1,1058,5.244053418969886,0
2025-09-06,StarTV,584,1,851,5.201225807755618,0
2025-09-06,ZeeTV,566,1,1085,5.048658591328821,0
2025-09-06,SunTV,570,1,1002,5.706976385639937,0
2025-09-06,ABPNews,569,1,689,4.8033090270885435,0
2025-09-06,NDTV,581,1,922,5.481297469264808,0
2025-09-06,IndiaTV,540,12,1025,5.487071410384023,0
2025-09-06,CNNNews18,551,1,903,4.979435137173804,0
2025-09-06,TimesNow,518,4,904,5.563539510080691,0
2025-09-06,RepublicTV,579,2,967,4.414316355099227,0
2025-09-06,TV9,531,1,1150,4.464760359300399,0
2025-09-06,Asianet,522,1,1150,5.14780318349406,0
2025-09-06,Colors,540,1,1040,5.274708998243829,0
2025-09-06,SonyTV,556,1,1092,5.386879869183932,0
2025-09-06,StarPlus,545,1,1092,4.318246645579485,0
2025-09-06,ZeeCinema,574,1,908,5.12416157182692,0
2025-09-06,StarMovies,534,1,802,5.726259405611429,0
2025-09-06,HBO,540,1,999,4.47480979550523,0
2025-09-06,Discovery,530,4,872,4.321796955410506,0
2025-09-06,NationalGeographic,562,1,842,5.480470356305589,0
2025-09-06,AnimalPlanet,566,1,903,5.538633180493504,0
2025-09-06,HistoryTV18,524,1,919,4.438509288291203,0
2025-09-06,CartoonNetwork,569,9,764,4.243081608944202,0
2025-09-06,Pogo,540,1,882,4.863500880696217,0
2025-09-06,Nickelodeon,532,1,1135,4.392465431787079,0
2025-09-06,SonyMax,552,1,1205,5.4039418829200425,0
2025-09-06,ZeeTelugu,556,1,943,4.6327670926772955,0
2025-09-06,ETV,533,8,720,5.56040897821616,0
2025-09-06,GeminiTV,567,1,832,4.448373747670727,0
2025-09-06,MaaTV,576,6,863,5.345936456913358,0
2025-09-06,UdayaTV,576,9,966,5.681204075303146,0
2025-09-06,SuryaTV,547,1,871,4.331924296028827,0
2025-09-06,KTV,526,1,833,4.880127713599223,0
2025-09-06,JayaTV,572,2,797,4.706498985701992,0
2025-09-06,RajTV,518,1,832,5.118650585995146,0
2025-09-06,KalaignarTV,552,1,995,4.933315375248743,0
2025-09-06,DDNews,521,1,968,5.129505652427594,0
2025-09-06,DDNational,520,1,723,5.811656200523156,0
2025-09-06,DDSports,581,1,1193,5.097344429551285,0
2025-09-06,TenSports,571,1,835,5.316225284956957,0
2025-09-06,StarSports,555,1,1035,4.369550859984631,0
2025-09-06,SonySports,531,1,823,4.05459850579073,0
2025-09-06,Eurosport,549,1,997,5.005630590937725,0
2025-09-06,CNBC,574,1,1106,4.195602576671038,0
2025-09-06,BloombergTV,561,1,1254,4.354589742522002,0
2025-09-06,BBCWorld,563,1,1067,5.398677789274012,0
2025-09-06,AlJazeera,559,1,748,4.472472644445291,0
2025-09-06,France24,558,3,909,4.557505325742277,0
2025-09-06,VH1,524,1,1141,4.45773704881109,0
2025-09-06,MTV,535,1,841,4.773107980351518,0
2025-09-07,News24,35,236,4922,10.982067930688007,1
2025-09-07,StarTV,0,241,4809,10.445002787968257,1
2025-09-07,ZeeTV,29,221,4748,9.746233686503937,1
2025-09-07,SunTV,15,226,4942,10.82352008621913,1
2025-09-07,ABPNews,15,219,5162,9.883807222017316,1
2025-09-07,NDTV,25,232,4885,10.033465859048151,1
2025-09-07,IndiaTV,3,235,5056,9.703860529761885,1
2025-09-07,CNNNews18,11,241,5107,10.525258117413605,1
2025-09-07,TimesNow,17,218,5204,10.80702404234617,1
2025-09-07,RepublicTV,36,222,4955,10.34839364367239,1
2025-09-07,TV9,35,221,5023,9.912491450117514,1
2025-09-07,Asianet,41,218,5194,10.18345536376154,1
2025-09-07,Colors,18,221,5175,10.422583234612635,1
2025-09-07,SonyTV,2,217,5012,10.008489527276414,1
2025-09-07,StarPlus,28,228,5251,10.55657808338765,1
2025-09-07,ZeeCinema,8,226,5048,10.118239247063883,1
2025-09-07,StarMovies,-5,243,4650,10.257954474623993,1
2025-09-07,HBO,46,239,5082,10.395993981955748,1
2025-09-07,Discovery,-3,231,5202,10.558902965275994,1
2025-09-07,NationalGeographic,19,240,5148,10.407968530947434,1
2025-09-07,AnimalPlanet,-3,231,4825,10.133887086367846,1
2025-09-07,HistoryTV18,9,236,4960,11.165796040495367,1
2025-09-07,CartoonNetwork,47,237,5407,10.543433070444518,1
2025-09-07,Pogo,29,231,5129,10.73047728615512,1
2025-09-07,Nickelodeon,37,229,4807,11.111662347061358,1
2025-09-07,SonyMax,-2,236,4990,10.099598515418105,1
2025-09-07,ZeeTelugu,45,245,5285,10.619904616254784,1
2025-09-07,ETV,43,219,5356,10.296548614214476,1
2025-09-07,GeminiTV,20,203,4701,10.292244667541052,1
2025-09-07,MaaTV,24,236,5193,10.644688097400412,1
2025-09-07,UdayaTV,20,233,4958,10.942253710447265,1
2025-09-07,SuryaTV,-5,228,4954,11.341810663777435,1
2025-09-07,KTV,34,239,5097,9.946388699835515,1
2025-09-07,JayaTV,55,231,5032,10.729722981223507,1
2025-09-07,RajTV,-18,212,5136,10.094992038639385,1
2025-09-07,KalaignarTV,41,234,5084,9.944056133504029,1
2025-09-07,DDNews,-15,247,4627,9.818021183866287,1
2025-09-07,DDNational,5,226,4958,10.522988877348903,1
2025-09-07,DDSports,-15,250,4954,11.146868160585091,1
2025-09-07,TenSports,30,226,4709,10.724564610905468,1
2025-09-07,StarSports,29,237,4908,10.044454893119015,1
2025-09-07,SonySports,-10,235,4982,10.067666903476926,1
2025-09-07,Eurosport,28,227,5272,10.719160640077481,1
2025-09-07,CNBC,29,214,4987,10.786119560314784,1
2025-09-07,BloombergTV,6,229,4986,10.318482221529685,1
2025-09-07,BBCWorld,11,224,5128,11.157438082995139,1
2025-09-07,AlJazeera,21,223,5080,10.538470512255046,1
2025-09-07,France24,11,223,4914,10.998669634881253,1
2025-09-07,VH1,-9,214,5198,10.112522954511636,1
2025-09-07,MTV,15,247,5266,9.901144374941394,1
2025-09-08,News24,544,1,765,4.473694404015128,0
2025-09-08,StarTV,503,1,1021,4.450113286526543,0
2025-09-08,ZeeTV,529,1,808,5.024488034118025,0
2025-09-08,SunTV,517,1,972,4.185187755427672,0
2025-09-08,ABPNews,507,1,702,4.484503288689541,0
2025-09-08,NDTV,505,1,768,5.082564884349202,0
2025-09-08,IndiaTV,493,1,1009,4.447278532873616,0
2025-09-08,CNNNews18,543,5,1092,4.642365277041792,0
2025-09-08,TimesNow,533,11,1085,5.253536329992247,0
2025-09-08,RepublicTV,527,13,926,5.068113849323852,0
2025-09-08,TV9,520,1,903,4.657465846534088,0
2025-09-08,Asianet,522,9,821,4.504614227767975,0
2025-09-08,Colors,543,1,865,5.162091401667616,0
2025-09-08,SonyTV,528,5,981,4.956041967500337,0
2025-09-08,StarPlus,499,1,1015,4.178985094225294,0
2025-09-08,ZeeCinema,508,1,1010,4.1688744712943056,0
2025-09-08,StarMovies,545,1,846,4.410854458574667,0
2025-09-08,HBO,535,1,1026,5.274227936596094,0
2025-09-08,Discovery,519,1,1017,5.178616988804415,0
2025-09-08,NationalGeographic,543,1,1055,4.589629437652345,0
2025-09-08,AnimalPlanet,530,3,1012,5.156582537979553,0
2025-09-08,HistoryTV18,494,1,1023,5.361027549549233,0
2025-09-08,CartoonNetwork,507,7,809,5.217464436637572,0
2025-09-08,Pogo,495,1,815,5.409392332589624,0
2025-09-08,Nickelodeon,503,1,899,4.6684246223037436,0
2025-09-08,SonyMax,502,1,832,4.49241854750717,0
2025-09-08,ZeeTelugu,517,1,1002,4.346975542896511,0
2025-09-08,ETV,536,1,762,4.660165113432328,0
2025-09-08,GeminiTV,508,1,1116,5.112534735167189,0
2025-09-08,MaaTV,542,1,1142,4.973258056061041,0
2025-09-08,UdayaTV,549,4,855,4.557658540959955,0
2025-09-08,SuryaTV,498,1,860,4.082020652126116,0
2025-09-08,KTV,510,1,927,4.451149252607658,0
2025-09-08,JayaTV,528,9,798,4.1610387896172805,0
2025-09-08,RajTV,537,1,904,3.948992011506603,0
2025-09-08,KalaignarTV,529,1,857,4.346070811648795,0
2025-09-08,DDNews,530,4,722,4.703759432885061,0
2025-09-08,DDNational,535,1,776,4.156277837730851,0
2025-09-08,DDSports,531,1,1125,4.198709054987713,0
2025-09-08,TenSports,532,1,1013,5.179651360322612,0
2025-09-08,StarSports,533,1,707,4.730677790516025,0
2025-09-08,SonySports,539,6,898,5.198830304043307,0
2025-09-08,Eurosport,530,1,859,4.946216728338738,0
2025-09-08,CNBC,544,1,1092,4.872762379487489,0
2025-09-08,BloombergTV,511,1,899,5.2341636255810355,0
2025-09-08,BBCWorld,547,3,801,4.4467877082353855,0
2025-09-08,AlJazeera,504,4,1090,5.576778265833053,0
2025-09-08,France24,506,1,1045,4.388505088946895,0
2025-09-08,VH1,533,1,775,4.272031016271996,0
2025-09-08,MTV,493,1,766,4.881442511832205,0
2025-09-09,News24,8,254,4801,9.627382665775448,1
2025-09-09,StarTV,43,246,5332,10.647395999857743,1
2025-09-09,ZeeTV,38,215,5146,9.986596375059085,1
2025-09-09,SunTV,-9,234,5066,9.974238277694942,1
2025-09-09,ABPNews,30,220,5030,9.94686186017529,1
2025-09-09,NDTV,50,222,5457,10.777586999786728,1
2025-09-09,IndiaTV,6,217,5025,10.768448785646386,1
2025-09-09,CNNNews18,48,221,4779,9.69200917934227,1
2025-09-09,TimesNow,-2,244,4900,9.770496423015748,1
2025-09-09,RepublicTV,37,228,5193,10.620924978409128,1
2025-09-09,TV9,20,229,5135,10.098477056032308,1
2025-09-09,Asianet,33,214,5155,11.020871778074937,1
2025-09-09,Colors,6,234,5120,9.79952927572086,1
2025-09-09,SonyTV,8,240,5121,10.116333725430257,1
2025-09-09,StarPlus,27,219,5158,9.995121487795657,1
2025-09-09,ZeeCinema,9,204,5232,10.40532238031353,1
2025-09-09,StarMovies,30,218,5030,10.891101345460234,1
2025-09-09,HBO,56,228,4799,10.400260698402102,1
2025-09-09,Discovery,15,227,4901,10.12261559507706,1
2025-09-09,NationalGeographic,-5,207,5060,10.652808648571465,1
2025-09-09,AnimalPlanet,25,224,5196,9.635969391484442,1
2025-09-09,HistoryTV18,36,242,5040,9.874671780181652,1
2025-09-09,CartoonNetwork,25,230,4706,10.394907554566126,1
2025-09-09,Pogo,7,229,4938,9.951737984223378,1
2025-09-09,Nickelodeon,35,238,4820,10.389694391297766,1
2025-09-09,SonyMax,11,221,4860,9.684502141740968,1
2025-09-09,ZeeTelugu,25,216,4976,10.312674322432567,1
2025-09-09,ETV,32,239,4813,10.762027247170188,1
2025-09-09,GeminiTV,42,240,5269,9.33737261425792,1
2025-09-09,MaaTV,13,236,5205,10.607821553938289,1
2025-09-09,UdayaTV,36,227,5278,10.439439420048394,1
2025-09-09,SuryaTV,26,234,5089,10.428665571839966,1
2025-09-09,KTV,11,246,5118,10.146272748760804,1
2025-09-09,JayaTV,15,241,5045,10.906728206431156,1
2025-09-09,RajTV,27,216,5003,10.243622035850748,1
2025-09-09,KalaignarTV,-7,212,4964,10.282864292724533,1
2025-09-09,DDNews,-7,239,4927,9.501993564739273,1
2025-09-09,DDNational,33,219,5234,9.306365926211694,1
2025-09-09,DDSports,7,222,4768,10.01366562556283,1
2025-09-09,TenSports,17,223,4640,9.651279300780907,1
2025-09-09,StarSports,16,219,4958,10.307362303644757,1
2025-09-09,SonySports,-7,211,4860,10.877741002398892,1
2025-09-09,Eurosport,57,223,5320,10.989701561505314,1
2025-09-09,CNBC,40,226,4738,10.290860999728185,1
2025-09-09,BloombergTV,22,210,4972,10.070892020594446,1
2025-09-09,BBCWorld,32,211,5097,9.903724411230632,1
2025-09-09,AlJazeera,41,256,4797,10.113283326216814,1
2025-09-09,France24,5,219,5105,10.638850493164519,1
2025-09-09,VH1,20,239,4996,9.715106337886883,1
2025-09-09,MTV,30,220,5074,10.49368108359502,1
2025-09-10,News24,536,1,980,4.939549841164041,0
2025-09-10,StarTV,530,1,752,5.510139670879216,0
2025-09-10,ZeeTV,566,1,805,4.518048775610751,0
2025-09-10,SunTV,548,1,924,4.587802193580304,0
2025-09-10,ABPNews,558,1,970,4.537578394533148,0
2025-09-10,NDTV,535,1,806,5.343425480679033,0
2025-09-10,IndiaTV,522,1,941,4.385741202547033,0
2025-09-10,CNNNews18,533,1,720,4.810799331654111,0
2025-09-10,TimesNow,530,1,1064,5.398176748178157,0
2025-09-10,RepublicTV,555,1,1128,4.871690857636318,0
2025-09-10,TV9,529,1,987,5.10817046978277,0
2025-09-10,Asianet,562,1,747,4.616766091440738,0
2025-09-10,Colors,539,1,986,4.984552168839894,0
2025-09-10,SonyTV,566,10,1105,5.146641738093618,0
2025-09-10,StarPlus,530,1,1113,5.277727024328853,0
2025-09-10,ZeeCinema,531,1,685,4.6989369920156845,0
2025-09-10,StarMovies,570,1,977,4.797206274374025,0
2025-09-10,HBO,542,1,1144,5.044980589986573,0
2025-09-10,Discovery,539,1,990,4.181960700934804,0
2025-09-10,NationalGeographic,533,1,749,4.726089331369031,0
2025-09-10,AnimalPlanet,554,1,1181,4.779437263440731,0
2025-09-10,HistoryTV18,569,2,999,5.441789632457556,0
2025-09-10,CartoonNetwork,516,1,951,4.763318674288045,0
2025-09-10,Pogo,559,1,1158,4.740737951778327,0
2025-09-10,Nickelodeon,549,1,771,4.542473386645504,0
2025-09-10,SonyMax,567,1,668,4.076616442123247,0
2025-09-10,ZeeTelugu,536,1,1107,4.54669838410417,0
2025-09-10,ETV,552,1,1056,4.341159045546668,0
2025-09-10,GeminiTV,546,1,1148,4.359485556747316,0
2025-09-10,MaaTV,549,1,955,4.601400256629678,0
2025-09-10,UdayaTV,521,8,1055,5.066538669039263,0
2025-09-10,SuryaTV,564,1,823,4.6501735407730775,0
2025-09-10,KTV,526,9,947,5.499533331988668,0
2025-09-10,JayaTV,559,1,974,5.438167759652114,0
2025-09-10,RajTV,549,1,684,5.094888327976558,0
2025-09-10,KalaignarTV,556,1,1003,5.172729242261565,0
2025-09-10,DDNews,528,1,1104,5.03034631035067,0
2025-09-10,DDNational,547,1,772,4.908296586979441,0
2025-09-10,DDSports,554,1,839,5.020120796839111,0
2025-09-10,TenSports,576,13,856,5.079579999758074,0
2025-09-10,StarSports,575,2,701,4.832484748371294,0
2025-09-10,SonySports,516,1,883,4.852756206784017,0
2025-09-10,Eurosport,562,1,1097,4.525098997419694,0
2025-09-10,CNBC,567,1,1045,4.473863041984311,0
2025-09-10,BloombergTV,535,2,1065,5.308700686081098,0
2025-09-10,BBCWorld,563,1,1139,5.018743323192721,0
2025-09-10,AlJazeera,546,1,784,4.840217466997655,0
2025-09-10,France24,532,1,1014,5.625976008731982,0
2025-09-10,VH1,546,1,887,4.432735331097897,0
2025-09-10,MTV,563,1,835,4.435952473492717,0
2025-09-11,News24,1,220,4825,10.537363101515572,1
2025-09-11,StarTV,-3,232,5346,9.959008084758258,1
2025-09-11,ZeeTV,46,248,5073,10.437666060458854,1
2025-09-11,SunTV,12,212,5366,10.588098401621469,1
2025-09-11,ABPNews,39,222,5062,10.207116045257289,1
2025-09-11,NDTV,-9,258,5284,10.94969222136956,1
2025-09-11,IndiaTV,42,235,4918,10.793343505387446,1
2025-09-11,CNNNews18,48,241,5057,9.744089522808284,1
2025-09-11,TimesNow,13,230,5215,10.07668007727606,1
2025-09-11,RepublicTV,-6,234,5093,9.830737891389006,1
2025-09-11,TV9,11,250,5295,10.926984912059076,1
2025-09-11,Asianet,9,225,5116,10.465546602451083,1
2025-09-11,Colors,29,251,5062,10.587619231366013,1
2025-09-11,SonyTV,-4,242,5162,10.086004526500233,1
2025-09-11,StarPlus,40,218,5382,10.93602246703847,1
2025-09-11,ZeeCinema,19,241,5148,9.603037557868458,1
2025-09-11,StarMovies,12,237,5240,10.667322020221121,1
2025-09-11,HBO,59,248,5201,10.939644462594929,1
2025-09-11,Discovery,50,222,5297,9.662828317981639,1
2025-09-11,NationalGeographic,10,209,4888,11.08167741238338,1
2025-09-11,AnimalPlanet,38,233,5237,10.54947796842176,1
2025-09-11,HistoryTV18,35,227,5221,10.965299259839203,1
2025-09-11,CartoonNetwork,40,209,5240,10.882372541473107,1
2025-09-11,Pogo,-9,210,5234,10.917984294240322,1
2025-09-11,Nickelodeon,-14,245,5065,9.904421486607179,1
2025-09-11,SonyMax,5,242,5179,10.035077902647956,1
2025-09-11,ZeeTelugu,25,232,5114,10.961983467914678,1
2025-09-11,ETV,19,227,4934,10.941692945979886,1
2025-09-11,GeminiTV,35,219,5431,10.300336376940212,1
2025-09-11,MaaTV,37,239,5148,11.111707347877015,1
2025-09-11,UdayaTV,12,228,4900,11.053414220766756,1
2025-09-11,SuryaTV,2,240,5336,10.370553160587844,1
2025-09-11,KTV,26,242,4999,9.92945375717975,1
2025-09-11,JayaTV,-6,233,5006,10.85151757745369,1
2025-09-11,RajTV,3,221,5111,9.71495825468661,1
2025-09-11,KalaignarTV,1,235,5105,9.7752732719945,1
2025-09-11,DDNews,3,219,5417,10.944586597238668,1
2025-09-11,DDNational,14,254,5059,10.003533508877565,1
2025-09-11,DDSports,35,212,4977,10.45641749512928,1
2025-09-11,TenSports,-8,234,5048,10.642018795585983,1
2025-09-11,StarSports,16,239,4746,10.66563265798639,1
2025-09-11,SonySports,13,229,4990,10.993297849278806,1
2025-09-11,Eurosport,24,232,5130,9.898052190474882,1
2025-09-11,CNBC,1,229,5305,10.622503015450368,1
2025-09-11,BloombergTV,2,232,4795,9.560879480597414,1
2025-09-11,BBCWorld,-17,261,5171,10.563435736844804,1
2025-09-11,AlJazeera,1,241,5235,9.703183178061822,1
2025-09-11,France24,46,217,4926,10.568886323372514,1
2025-09-11,VH1,27,225,5013,10.440660502843409,1
2025-09-11,MTV,57,224,4912,10.259974586999222,1
2025-09-12,News24,505,1,775,4.07041319587743,0
2025-09-12,StarTV,478,1,929,4.552020630971089,0
2025-09-12,ZeeTV,542,6,806,4.657243368828242,0
2025-09-12,SunTV,527,1,883,4.766556113815674,0
2025-09-12,ABPNews,539,1,702,4.126964461160661,0
2025-09-12,NDTV,511,1,943,4.89106541032261,0
2025-09-12,IndiaTV,534,1,874,4.627437509420247,0
2025-09-12,CNNNews18,487,1,767,4.826631665529843,0
2025-09-12,TimesNow,530,1,928,4.373121824551396,0
2025-09-12,RepublicTV,515,1,899,5.264748824865199,0
2025-09-12,TV9,510,1,704,3.945583908499812,0
2025-09-12,Asianet,522,1,917,4.068378127741796,0
2025-09-12,Colors,514,1,1075,4.813653047323719,0
2025-09-12,SonyTV,522,1,881,4.025547461834055,0
2025-09-12,StarPlus,543,1,1045,4.073997846162782,0
2025-09-12,ZeeCinema,519,1,1022,4.120791102283781,0
2025-09-12,StarMovies,481,6,1065,4.619304739920345,0
2025-09-12,HBO,543,4,919,4.856219455499637,0
2025-09-12,Discovery,490,6,874,4.759304876480379,0
2025-09-12,NationalGeographic,528,1,1007,3.9798032185021013,0
2025-09-12,AnimalPlanet,502,1,909,5.291530249038815,0
2025-09-12,HistoryTV18,515,1,808,4.27204488028637,0
2025-09-12,CartoonNetwork,537,2,652,5.077496780948424,0
2025-09-12,Pogo,532,1,759,3.8096274836177626,0
2025-09-12,Nickelodeon,526,1,913,4.520693427716983,0
2025-09-12,SonyMax,539,1,857,4.839354647912253,0
2025-09-12,ZeeTelugu,487,4,962,5.03293447419415,0
2025-09-12,ETV,511,16,793,5.114806025649042,0
2025-09-12,GeminiTV,489,1,881,4.731585738961848,0
2025-09-12,MaaTV,527,7,744,4.333840947274725,0
2025-09-12,UdayaTV,541,4,936,3.819634735553897,0
2025-09-12,SuryaTV,510,1,911,4.179896136726819,0
2025-09-12,KTV,519,1,782,4.81109828910291,0
2025-09-12,JayaTV,495,5,703,4.262864610006408,0
2025-09-12,RajTV,491,1,724,4.23932977401684,0
2025-09-12,KalaignarTV,483,8,784,5.056010965619376,0
2025-09-12,DDNews,537,1,1056,4.111423187840459,0
2025-09-12,DDNational,514,13,974,4.394595212148281,0
2025-09-12,DDSports,545,1,1055,4.252135753046365,0
2025-09-12,TenSports,491,1,1100,3.908953706540169,0
2025-09-12,StarSports,481,4,810,4.539153463228021,0
2025-09-12,SonySports,525,7,645,5.2041220176362,0
2025-09-12,Eurosport,550,6,782,4.857464254310108,0
2025-09-12,CNBC,498,1,965,4.783349761294844,0
2025-09-12,BloombergTV,516,1,1085,5.020529061034779,0
2025-09-12,BBCWorld,542,2,944,4.943943293746695,0
2025-09-12,AlJazeera,528,1,1164,5.26326076997405,0
2025-09-12,France24,511,6,663,4.634571788135662,0
2025-09-12,VH1,536,1,730,4.6257027432691595,0
2025-09-12,MTV,502,1,971,5.18688119354611,0
2025-09-13,News24,-6,206,4874,10.523681905806095,1
2025-09-13,StarTV,15,244,5099,10.520853750796443,1
2025-09-13,ZeeTV,6,211,5232,9.757116809520845,1
2025-09-13,SunTV,6,213,4893,9.980148516036712,1
2025-09-13,ABPNews,12,254,5076,10.080130405670191,1
2025-09-13,NDTV,1,219,5255,10.247612939308478,1
2025-09-13,IndiaTV,27,214,5193,10.665444100248695,1
2025-09-13,CNNNews18,17,251,5022,9.968106276730758,1
2025-09-13,TimesNow,9,228,5105,10.960354896975216,1
2025-09-13,RepublicTV,23,234,4936,9.527159082255,1
2025-09-13,TV9,50,211,5345,10.316705482640488,1
2025-09-13,Asianet,25,226,5026,9.815227177277091,1
2025-09-13,Colors,11,223,5131,10.585667520625956,1
2025-09-13,SonyTV,36,236,5077,10.440747028176915,1
2025-09-13,StarPlus,7,211,4760,9.885918134053249,1
2025-09-13,ZeeCinema,30,221,4677,10.173573283265036,1
2025-09-13,StarMovies,39,219,5290,10.322980575830046,1
2025-09-13,HBO,7,215,5323,10.657153568202368,1
2025-09-13,Discovery,-6,249,4753,10.284248696488227,1
2025-09-13,NationalGeographic,5,212,5273,10.192772069540622,1
2025-09-13,AnimalPlanet,51,226,5316,10.921189462998512,1
2025-09-13,HistoryTV18,31,220,5103,10.171786890621586,1
2025-09-13,CartoonNetwork,5,218,4967,10.394481038549753,1
2025-09-13,Pogo,51,208,5079,9.556983209711285,1
2025-09-13,Nickelodeon,33,211,5107,9.371527058356802,1
2025-09-13,SonyMax,37,214,4975,10.464062178267751,1
2025-09-13,ZeeTelugu,29,211,4662,9.913409814095402,1
2025-09-13,ETV,7,246,4863,10.326756632449317,1
2025-09-13,GeminiTV,17,227,5115,10.466246959526444,1
2025-09-13,MaaTV,37,236,5016,10.2360936403843,1
2025-09-13,UdayaTV,31,229,5132,9.54188354776501,1
2025-09-13,SuryaTV,47,213,4802,9.797179037192565,1
2025-09-13,KTV,52,251,4840,9.792360608328805,1
2025-09-13,JayaTV,33,228,5449,10.517872151360619,1
2025-09-13,RajTV,21,218,5287,9.88946179806502,1
2025-09-13,KalaignarTV,30,218,4981,9.690000816705593,1
2025-09-13,DDNews,25,234,4933,10.137590323473344,1
2025-09-13,DDNational,5,237,5074,10.004417898320982,1
2025-09-13,DDSports,-4,228,5015,11.038428004786358,1
2025-09-13,TenSports,-5,231,5132,10.1585365252532,1
2025-09-13,StarSports,19,241,5041,10.00962819904889,1
2025-09-13,SonySports,26,225,5177,10.435834145515969,1
2025-09-13,Eurosport,-1,235,5047,10.161870334415115,1
2025-09-13,CNBC,30,239,5168,10.417270172756918,1
2025-09-13,BloombergTV,34,215,5084,9.994812994130173,1
2025-09-13,BBCWorld,17,209,4665,10.320846115089129,1
2025-09-13,AlJazeera,9,218,4896,9.711554905987352,1
2025-09-13,France24,-9,235,4947,11.086926523832435,1
2025-09-13,VH1,-2,244,5185,9.928183430891124,1
2025-09-13,MTV,50,244,5373,10.888085726429196,1
2025-09-14,News24,540,1,1142,4.398226075080725,0
2025-09-14,StarTV,568,2,1169,5.228797785987524,0
2025-09-14,ZeeTV,516,14,880,4.955557419983908,0
2025-09-14,SunTV,524,15,849,4.899965724093782,0
2025-09-14,ABPNews,549,6,759,4.54636171957261,0
2025-09-14,NDTV,510,1,1101,5.603802543404121,0
2025-09-14,IndiaTV,549,1,1067,4.974284921174891,0
2025-09-14,CNNNews18,506,13,824,5.223933420830051,0
2025-09-14,TimesNow,552,1,668,4.068479942754253,0
2025-09-14,RepublicTV,515,3,1074,4.061375339590432,0
2025-09-14,TV9,549,7,700,5.265080629439318,0
2025-09-14,Asianet,539,3,1131,4.735702536278497,0
2025-09-14,Colors,524,1,841,4.001888796654275,0
2025-09-14,SonyTV,514,10,987,4.522465741134218,0
2025-09-14,StarPlus,522,13,798,4.819919933489684,0
2025-09-14,ZeeCinema,541,2,794,5.237914826105384,0
2025-09-14,StarMovies,533,1,1152,4.089676982410753,0
2025-09-14,HBO,519,1,1047,5.620197451297127,0
2025-09-14,Discovery,515,1,1005,4.344277973896034,0
2025-09-14,NationalGeographic,544,1,1140,5.067280904364364,0
2025-09-14,AnimalPlanet,509,1,1040,4.94048023069187,0
2025-09-14,HistoryTV18,528,1,732,5.217252889300726,0
2025-09-14,CartoonNetwork,564,3,818,4.72800896104429,0
2025-09-14,Pogo,556,1,908,5.140082287575838,0
2025-09-14,Nickelodeon,517,5,949,4.319867115436602,0
2025-09-14,SonyMax,554,4,819,4.006996887868692,0
2025-09-14,ZeeTelugu,554,3,762,4.49971411163883,0
2025-09-14,ETV,513,6,961,5.145975769190372,0
2025-09-14,GeminiTV,546,1,1098,5.495058417794447,0
2025-09-14,MaaTV,497,1,1030,4.152852182573687,0
2025-09-14,UdayaTV,553,1,953,5.031255680732225,0
2025-09-14,SuryaTV,518,1,938,4.833681646713738,0
2025-09-14,KTV,517,2,969,5.186208815069619,0
2025-09-14,JayaTV,533,3,1064,4.3396822875416,0
2025-09-14,RajTV,537,1,807,4.457689328928711,0
2025-09-14,KalaignarTV,510,1,801,4.965101488516794,0
2025-09-14,DDNews,538,1,1078,4.938816773993331,0
2025-09-14,DDNational,513,1,1079,5.49543039728326,0
2025-09-14,DDSports,532,3,914,5.121371749588157,0
2025-09-14,TenSports,525,1,980,5.1713792199319135,0
2025-09-14,StarSports,538,1,998,5.075313803520166,0
2025-09-14,SonySports,503,1,805,4.497694892003115,0
2025-09-14,Eurosport,508,2,840,4.632908904630168,0
2025-09-14,CNBC,514,1,944,4.230434539901264,0
2025-09-14,BloombergTV,543,1,784,4.371928580295496,0
2025-09-14,BBCWorld,537,1,948,5.124555192452566,0
2025-09-14,AlJazeera,553,8,950,5.036430830732485,0
2025-09-14,France24,507,1,1087,5.1124393847302585,0
2025-09-14,VH1,554,3,784,4.881852385981746,0
2025-09-14,MTV,532,1,846,4.235480137537029,0
2025-09-15,News24,-1,241,4995,10.424606328682103,1
2025-09-15,StarTV,8,228,5219,11.38217336688717,1
2025-09-15,ZeeTV,12,231,5106,11.295234876152183,1
2025-09-15,SunTV,-4,225,5131,10.166311116236173,1
2025-09-15,ABPNews,5,248,5159,9.969560237071644,1
2025-09-15,NDTV,11,233,5040,11.074371642337633,1
2025-09-15,IndiaTV,-7,221,5057,10.409741225376333,1
2025-09-15,CNNNews18,28,231,5074,11.077443385490223,1
2025-09-15,TimesNow,-21,237,4890,10.967209905938594,1
2025-09-15,RepublicTV,6,219,5354,10.9182421829169,1
2025-09-15,TV9,11,242,5078,10.567805840923498,1
2025-09-15,Asianet,34,256,5011,10.45541799037252,1
2025-09-15,Colors,8,237,5167,9.861448210212464,1
2025-09-15,SonyTV,24,258,5154,10.007845817190832,1
2025-09-15,StarPlus,-11,238,5409,10.630698725823178,1
2025-09-15,ZeeCinema,-1,243,4891,9.727732471104328,1
2025-09-15,StarMovies,30,240,5164,10.499773855855327,1
2025-09-15,HBO,24,227,4960,10.661742210771706,1
2025-09-15,Discovery,31,248,5221,9.999464089956648,1
2025-09-15,NationalGeographic,-8,220,5241,9.816964206486134,1
2025-09-15,AnimalPlanet,35,240,5241,11.012927400534458,1
2025-09-15,HistoryTV18,24,245,5285,10.753019945648608,1
2025-09-15,CartoonNetwork,-4,247,5181,9.834852358103042,1
2025-09-15,Pogo,-22,226,4857,11.135588723960378,1
2025-09-15,Nickelodeon,11,241,4906,10.86276297703246,1
2025-09-15,SonyMax,37,243,5234,9.761329268252323,1
2025-09-15,ZeeTelugu,35,249,4821,10.323510806265197,1
2025-09-15,ETV,15,247,4973,11.276136432273585,1
2025-09-15,GeminiTV,-1,248,4885,10.746449864472567,1
2025-09-15,MaaTV,34,248,4965,10.639207354997453,1
2025-09-15,UdayaTV,18,232,5407,11.0257385264889,1
2025-09-15,SuryaTV,14,258,5174,11.245932834638133,1
2025-09-15,KTV,27,244,5239,10.67828786338913,1
2025-09-15,JayaTV,22,235,5500,10.44932948250592,1
2025-09-15,RajTV,51,223,5304,10.622432470137179,1
2025-09-15,KalaignarTV,20,227,4861,9.661622068450736,1
2025-09-15,DDNews,-18,259,5390,10.814251728926697,1
2025-09-15,DDNational,28,245,5013,10.94964986083124,1
2025-09-15,DDSports,38,260,5217,9.612562947441548,1
2025-09-15,TenSports,-3,239,5286,10.613884757008593,1
2025-09-15,StarSports,12,249,5075,10.013527880925611,1
2025-09-15,SonySports,36,231,5330,10.50676166552862,1
2025-09-15,Eurosport,14,235,5032,10.846738811241343,1
2025-09-15,CNBC,18,229,5017,10.220598517662175,1
2025-09-15,BloombergTV,10,243,5096,11.136934712657908,1
2025-09-15,BBCWorld,40,223,5453,10.410931140742917,1
2025-09-15,AlJazeera,15,237,4892,10.160339792131046,1
2025-09-15,France24,-2,221,4844,10.800839418977493,1
2025-09-15,VH1,21,213,5203,10.644272601459921,1
2025-09-15,MTV,-11,252,5015,11.195885545357637,1
2025-09-16,News24,493,10,1020,3.93194193885432,0
2025-09-16,StarTV,520,1,781,4.162755531493036,0
2025-09-16,ZeeTV,499,1,870,5.067030174281416,0
2025-09-16,SunTV,489,2,1013,3.934896688275645,0
2025-09-16,ABPNews,482,1,803,4.895236329393555,0
2025-09-16,NDTV,525,1,847,4.381278659242362,0
2025-09-16,IndiaTV,508,10,1137,4.000059765815557,0
2025-09-16,CNNNews18,522,1,923,4.520064608759393,0
2025-09-16,TimesNow,494,1,775,4.003034509604679,0
2025-09-16,RepublicTV,492,7,837,4.325880130600675,0
2025-09-16,TV9,512,3,919,4.353834621444837,0
2025-09-16,Asianet,521,1,990,4.01788606466216,0
2025-09-16,Colors,489,1,976,4.004931725484523,0
2025-09-16,SonyTV,507,1,765,4.352146957270926,0
2025-09-16,StarPlus,505,1,1119,4.25939820012873,0
2025-09-16,ZeeCinema,489,7,1063,3.7235149378793198,0
2025-09-16,StarMovies,502,1,1004,4.509812006989556,0
2025-09-16,HBO,489,1,830,4.9501486739731,0
2025-09-16,Discovery,468,5,753,4.746307419623535,0
2025-09-16,NationalGeographic,479,6,860,3.7855971991032873,0
2025-09-16,AnimalPlanet,532,1,630,4.334879986202094,0
2025-09-16,HistoryTV18,496,1,823,4.351907442357091,0
2025-09-16,CartoonNetwork,524,1,773,4.069519358017081,0
2025-09-16,Pogo,523,1,813,4.32984056139991,0
2025-09-16,Nickelodeon,490,1,945,3.754711353274641,0
2025-09-16,SonyMax,482,4,877,4.591379350529448,0
2025-09-16,ZeeTelugu,495,11,789,4.685184082048379,0
2025-09-16,ETV,521,6,919,4.656028435198396,0
2025-09-16,GeminiTV,515,1,922,4.807821852955453,0
2025-09-16,MaaTV,534,1,631,4.28709706287019,0
2025-09-16,UdayaTV,531,5,644,5.061659771977122,0
2025-09-16,SuryaTV,500,7,580,3.9508281548159245,0
2025-09-16,KTV,539,1,1047,5.1041999846022845,0
2025-09-16,JayaTV,520,3,923,4.205162819348585,0
2025-09-16,RajTV,540,1,670,4.5752207243466065,0
2025-09-16,KalaignarTV,488,1,873,4.420510893888297,0
2025-09-16,DDNews,505,1,996,4.005821228685165,0
2025-09-16,DDNational,510,2,986,4.529955564792459,0
2025-09-16,DDSports,487,13,774,3.7969033316553658,0
2025-09-16,TenSports,478,1,996,4.701040117823109,0
2025-09-16,StarSports,510,1,632,4.099334773236012,0
2025-09-16,SonySports,482,12,1078,5.084106912744663,0
2025-09-16,Eurosport,499,1,1063,4.646078114015801,0
2025-09-16,CNBC,483,1,691,4.620109102976468,0
2025-09-16,BloombergTV,519,5,690,4.31908985702282,0
2025-09-16,BBCWorld,505,1,795,4.520286711798104,0
2025-09-16,AlJazeera,524,1,987,5.334664900370172,0
2025-09-16,France24,523,9,820,4.959669476509662,0
2025-09-16,VH1,515,3,987,4.022118779386558,0
2025-09-16,MTV,508,9,1029,3.8535503536748603,0
2025-09-17,News24,-15,259,5024,10.585798116211572,1
2025-09-17,StarTV,59,239,4971,9.3471502655904,1
2025-09-17,ZeeTV,56,233,5025,10.850661911788306,1
2025-09-17,SunTV,-5,259,5086,10.266464990285359,1
2025-09-17,ABPNews,41,248,5080,9.557151079233243,1
2025-09-17,NDTV,29,224,4851,10.866575557664966,1
2025-09-17,IndiaTV,22,242,5276,10.69656471499521,1
2025-09-17,CNNNews18,48,232,5062,10.372353396354434,1
2025-09-17,TimesNow,30,258,5189,10.497213929491942,1
2025-09-17,RepublicTV,4,246,5151,9.633237278052189,1
2025-09-17,TV9,13,228,5112,9.646826963305763,1
2025-09-17,Asianet,28,245,5091,9.754141325275265,1
2025-09-17,Colors,14,236,4879,11.081990418614062,1
2025-09-17,SonyTV,4,217,5384,9.91801971465163,1
2025-09-17,StarPlus,34,218,5233,9.999389099398078,1
2025-09-17,ZeeCinema,39,239,5209,10.267136397112044,1
2025-09-17,StarMovies,16,249,5447,9.629085862298574,1
2025-09-17,HBO,3,228,5375,10.49651536583971,1
2025-09-17,Discovery,43,222,4741,10.168729240178765,1
2025-09-17,NationalGeographic,19,220,5080,10.193287438060402,1
2025-09-17,AnimalPlanet,46,244,4979,10.337076483926797,1
2025-09-17,HistoryTV18,18,248,5145,9.901532440617215,1
2025-09-17,CartoonNetwork,9,222,4856,9.775025920250846,1
2025-09-17,Pogo,24,236,5140,10.138870894189123,1
2025-09-17,Nickelodeon,12,240,4950,9.680691339196603,1
2025-09-17,SonyMax,24,214,5254,10.632083610984191,1
2025-09-17,ZeeTelugu,10,241,4743,10.29361520820845,1
2025-09-17,ETV,46,259,4755,10.727991326417657,1
2025-09-17,GeminiTV,26,218,5122,9.932795149487902,1
2025-09-17,MaaTV,29,216,5338,10.00650245366372,1
2025-09-17,UdayaTV,18,216,5014,10.113248000802322,1
2025-09-17,SuryaTV,38,244,5001,10.03251707862179,1
2025-09-17,KTV,20,229,5030,10.78972402852968,1
2025-09-17,JayaTV,55,221,5162,10.439185487893145,1
2025-09-17,RajTV,-8,246,5340,10.621049768407914,1
2025-09-17,KalaignarTV,23,240,5387,10.515889806713522,1
2025-09-17,DDNews,5,233,5310,10.069600392331488,1
2025-09-17,DDNational,46,206,4806,10.012217981509924,1
2025-09-17,DDSports,15,248,5170,10.448267538607436,1
2025-09-17,TenSports,8,211,5343,9.968265003214572,1
2025-09-17,StarSports,49,244,5258,10.547528216306944,1
2025-09-17,SonySports,21,234,4827,10.697763072659413,1
2025-09-17,Eurosport,6,242,5172,10.408518830214707,1
2025-09-17,CNBC,-1,219,4914,10.308351236913051,1
2025-09-17,BloombergTV,0,228,4686,10.641938446558187,1
2025-09-17,BBCWorld,7,241,4934,9.754968998573348,1
2025-09-17,AlJazeera,32,244,5451,9.695493719179328,1
2025-09-17,France24,28,227,5072,10.647317695639623,1
2025-09-17,VH1,12,244,5341,10.535104090444127,1
2025-09-17,MTV,20,220,5241,9.597642547022051,1
2025-09-18,News24,536,1,975,4.522807857926336,0
2025-09-18,StarTV,539,5,703,4.758757717255047,0
2025-09-18,ZeeTV,518,1,802,4.73467254877354,0
2025-09-18,SunTV,538,9,818,4.291305255701513,0
2025-09-18,ABPNews,493,2,870,4.660172200443143,0
2025-09-18,NDTV,529,1,1049,5.112482612265667,0
2025-09-18,IndiaTV,514,1,770,4.878876558056074,0
2025-09-18,CNNNews18,542,1,870,4.6700182813881685,0
2025-09-18,TimesNow,530,1,1047,5.457670748218968,0
2025-09-18,RepublicTV,552,1,1005,4.363862340254154,0
2025-09-18,TV9,529,8,986,4.96582558424391,0
2025-09-18,Asianet,550,1,1066,5.087819750080785,0
2025-09-18,Colors,559,5,912,5.023244060520595,0
2025-09-18,SonyTV,530,1,752,5.25741944161641,0
2025-09-18,StarPlus,551,1,894,4.499983267212473,0
2025-09-18,ZeeCinema,499,1,876,4.719774478857278,0
2025-09-18,StarMovies,556,9,709,5.448267257057605,0
2025-09-18,HBO,516,1,1042,4.230505056685326,0
2025-09-18,Discovery,522,1,1029,4.133916733047937,0
2025-09-18,NationalGeographic,520,1,840,4.434224822872672,0
2025-09-18,AnimalPlanet,543,5,989,5.151730867408242,0
2025-09-18,HistoryTV18,550,1,660,4.444493864821674,0
2025-09-18,CartoonNetwork,504,1,713,5.350480808476427,0
2025-09-18,Pogo,547,1,896,5.114907839802515,0
2025-09-18,Nickelodeon,510,10,825,3.8273038285649292,0
2025-09-18,SonyMax,544,1,851,4.993941232796741,0
2025-09-18,ZeeTelugu,520,10,871,5.148588519586904,0
2025-09-18,ETV,518,1,847,4.379755115760069,0
2025-09-18,GeminiTV,542,1,862,4.723681714117408,0
2025-09-18,MaaTV,510,1,973,4.029171273536915,0
2025-09-18,UdayaTV,544,1,954,4.573565402062092,0
2025-09-18,SuryaTV,536,1,745,4.913828774341157,0
2025-09-18,KTV,517,1,1076,4.545427110122811,0
2025-09-18,JayaTV,520,8,838,4.208609411734826,0
2025-09-18,RajTV,539,1,732,4.567729978002479,0
2025-09-18,KalaignarTV,506,1,787,4.3343588300226905,0
2025-09-18,DDNews,515,12,814,4.976267171014528,0
2025-09-18,DDNational,505,1,842,4.24093008305349,0
2025-09-18,DDSports,527,1,803,4.664371571842371,0
2025-09-18,TenSports,548,5,1146,5.192824279422713,0
2025-09-18,StarSports,532,6,903,4.309378683181059,0
2025-09-18,SonySports,524,1,1054,4.731307929846899,0
2025-09-18,Eurosport,548,1,779,5.205284750362282,0
2025-09-18,CNBC,548,11,1069,4.329492927657063,0
2025-09-18,BloombergTV,536,1,972,4.461339195948954,0
2025-09-18,BBCWorld,529,1,805,4.709707440056041,0
2025-09-18,AlJazeera,528,9,802,5.503916946812571,0
2025-09-18,France24,514,1,1096,3.860232284753509,0
2025-09-18,VH1,515,4,694,4.686977217412899,0
2025-09-18,MTV,522,1,778,4.201424667099315,0
2025-09-19,News24,47,248,5402,11.157071733629405,1
2025-09-19,StarTV,-1,234,5294,11.260694585238983,1
2025-09-19,ZeeTV,28,228,4955,9.62346554172113,1
2025-09-19,SunTV,9,234,5420,10.464100007059868,1
2025-09-19,ABPNews,26,219,5594,9.952131598248501,1
2025-09-19,NDTV,8,238,5181,10.640951014589731,1
2025-09-19,IndiaTV,6,236,5357,10.204011095789037,1
2025-09-19,CNNNews18,48,233,5437,9.555305091899704,1
2025-09-19,TimesNow,-14,250,5123,9.636587554672136,1
2025-09-19,RepublicTV,9,254,5243,9.705940344719952,1
2025-09-19,TV9,-7,257,5627,9.630261444743478,1
2025-09-19,Asianet,5,246,5069,10.769048613902212,1
2025-09-19,Colors,-12,231,5053,10.185983300538453,1
2025-09-19,SonyTV,12,245,5526,10.238925399451258,1
2025-09-19,StarPlus,3,243,5334,10.544993596131581,1
2025-09-19,ZeeCinema,46,219,4978,11.309745539346412,1
2025-09-19,StarMovies,-7,223,5349,9.747599763013667,1
2025-09-19,HBO,20,226,5210,10.63942406680494,1
2025-09-19,Discovery,51,230,5455,9.82778148033816,1
2025-09-19,NationalGeographic,44,235,5145,10.908225937944307,1
2025-09-19,AnimalPlanet,16,252,5111,10.892296442007302,1
2025-09-19,HistoryTV18,18,235,5036,9.90245004760219,1
2025-09-19,CartoonNetwork,10,252,5236,10.578110459608457,1
2025-09-19,Pogo,-10,238,5419,9.980469313985987,1
2025-09-19,Nickelodeon,44,244,5210,10.669481435264563,1
2025-09-19,SonyMax,29,258,5154,10.714391396125443,1
2025-09-19,ZeeTelugu,20,251,5177,10.753448270396433,1
2025-09-19,ETV,6,234,5446,10.45580494315491,1
2025-09-19,GeminiTV,25,234,5458,10.44313894332365,1
2025-09-19,MaaTV,30,236,5059,9.98355887255405,1
2025-09-19,UdayaTV,23,249,5091,10.031016867866828,1
2025-09-19,SuryaTV,17,218,5409,9.874415734956223,1
2025-09-19,KTV,-4,268,4883,9.920313001529667,1
2025-09-19,JayaTV,22,241,5292,10.885028676510041,1
2025-09-19,RajTV,14,250,5402,10.00523554843336,1
2025-09-19,KalaignarTV,-3,235,5291,10.250291295723528,1
2025-09-19,DDNews,19,230,4986,10.497858956930141,1
2025-09-19,DDNational,10,252,5214,10.458738435862976,1
2025-09-19,DDSports,-3,256,5341,9.897741678652839,1
2025-09-19,TenSports,25,245,5068,10.301319621200065,1
2025-09-19,StarSports,26,247,5339,10.862019664472847,1
2025-09-19,SonySports,33,237,4958,10.468304801983553,1
2025-09-19,Eurosport,15,221,5296,10.519508929399112,1
2025-09-19,CNBC,41,217,5265,10.636510061597331,1
2025-09-19,BloombergTV,18,248,5132,10.809505342407762,1
2025-09-19,BBCWorld,15,254,5344,11.101228340580949,1
2025-09-19,AlJazeera,51,215,5229,9.69764879365211,1
2025-09-19,France24,-9,247,5566,9.999933821772105,1
2025-09-19,VH1,13,258,5226,11.232204784195943,1
2025-09-19,MTV,42,226,5257,11.036835706233282,1
2025-09-20,News24,484,16,844,4.205386759223419,0
2025-09-20,StarTV,482,1,762,4.460483297916758,0
2025-09-20,ZeeTV,506,2,776,4.600921998397676,0
2025-09-20,SunTV,510,1,718,4.064357035417619,0
2025-09-20,ABPNews,500,14,954,4.558897924575598,0
2025-09-20,NDTV,472,1,872,4.862020295238867,0
2025-09-20,IndiaTV,494,4,843,4.2044533604774506,0
2025-09-20,CNNNews18,503,1,1034,3.731501339560449,0
2025-09-20,TimesNow,480,1,880,4.700209679495934,0
2025-09-20,RepublicTV,485,1,590,3.752675775648336,0
2025-09-20,TV9,488,8,615,4.747609509287421,0
2025-09-20,Asianet,505,1,1101,3.506445362494759,0
2025-09-20,Colors,521,12,716,3.6454236699627884,0
2025-09-20,SonyTV,522,18,920,5.0310847474796105,0
2025-09-20,StarPlus,455,1,815,4.9701680997278155,0
2025-09-20,ZeeCinema,469,1,739,4.567451293112178,0
2025-09-20,StarMovies,478,1,883,4.889900541413599,0
2025-09-20,HBO,469,6,813,4.648255567530933,0
2025-09-20,Discovery,515,1,819,4.7155863224137535,0
2025-09-20,NationalGeographic,475,6,726,3.892518726894693,0
2025-09-20,AnimalPlanet,501,3,1059,3.7542270791863492,0
2025-09-20,HistoryTV18,481,1,928,4.599836200993192,0
2025-09-20,CartoonNetwork,511,9,753,4.455563355006288,0
2025-09-20,Pogo,472,1,1059,4.126426480865383,0
2025-09-20,Nickelodeon,479,10,862,4.176846445874499,0
2025-09-20,SonyMax,486,4,826,4.4337114696331055,0
2025-09-20,ZeeTelugu,515,5,826,3.855360974433823,0
2025-09-20,ETV,484,1,997,4.15854896191601,0
2025-09-20,GeminiTV,475,1,991,4.7463342671166,0
2025-09-20,MaaTV,500,1,721,4.744935943263481,0
2025-09-20,UdayaTV,477,1,882,4.565761784035615,0
2025-09-20,SuryaTV,515,2,701,4.872385325393646,0
2025-09-20,KTV,480,7,763,4.303204701340991,0
2025-09-20,JayaTV,466,1,925,4.52547788486979,0
2025-09-20,RajTV,466,1,617,3.6728832731909025,0
2025-09-20,KalaignarTV,482,2,881,4.797860004023457,0
2025-09-20,DDNews,497,1,863,3.9760709299898225,0
2025-09-20,DDNational,493,1,811,4.014603747979749,0
2025-09-20,DDSports,467,16,902,3.7860487154038585,0
2025-09-20,TenSports,496,1,818,4.230611805305598,0
2025-09-20,StarSports,483,5,907,4.90338280125238,0
2025-09-20,SonySports,492,15,633,4.0854921547150145,0
2025-09-20,Eurosport,494,1,1020,4.6341444006148125,0
2025-09-20,CNBC,507,1,991,4.314633547044808,0
2025-09-20,BloombergTV,503,1,851,4.406590223022107,0
2025-09-20,BBCWorld,511,1,1020,3.6052739995033147,0
2025-09-20,AlJazeera,489,1,760,3.936335122125385,0
2025-09-20,France24,496,1,1025,4.4984205204044,0
2025-09-20,VH1,484,1,747,4.467764745514053,0
2025-09-20,MTV,497,1,821,4.874277515817028,0
2025-09-21,News24,51,252,5537,10.220517351825116,1
2025-09-21,StarTV,38,237,5141,10.400399900645942,1
2025-09-21,ZeeTV,32,231,4745,10.033748706542742,1
2025-09-21,SunTV,3,249,5038,10.611786417386837,1
2025-09-21,ABPNews,5,227,5266,10.129273186510213,1
2025-09-21,NDTV,14,249,4799,10.08971713406641,1
2025-09-21,IndiaTV,26,214,4910,9.644774372406642,1
2025-09-21,CNNNews18,18,221,5440,10.493008727791587,1
2025-09-21,TimesNow,21,257,5066,10.398760058416753,1
2025-09-21,RepublicTV,49,232,5118,9.653397660873935,1
2025-09-21,TV9,24,220,5245,9.753293609803697,1
2025-09-21,Asianet,63,243,5184,10.361722468037055,1
2025-09-21,Colors,-11,238,5059,10.789788481966003,1
2025-09-21,SonyTV,36,226,5295,10.446453907018205,1
2025-09-21,StarPlus,0,237,4859,10.713406469877993,1
2025-09-21,ZeeCinema,38,232,5089,9.700436683268702,1
2025-09-21,StarMovies,7,226,5167,10.734874646139621,1
2025-09-21,HBO,-11,228,5065,10.560881567085671,1
2025-09-21,Discovery,49,212,5062,10.234463296115402,1
2025-09-21,NationalGeographic,-14,247,5119,10.507835904274469,1
2025-09-21,AnimalPlanet,27,233,5459,10.693352273039032,1
2025-09-21,HistoryTV18,0,238,5204,9.881793137502964,1
2025-09-21,CartoonNetwork,39,258,5047,10.668960551427974,1
2025-09-21,Pogo,-3,247,5003,10.632459797450476,1
2025-09-21,Nickelodeon,39,244,5091,9.683920109576803,1
2025-09-21,SonyMax,35,236,4758,10.698130729144568,1
2025-09-21,ZeeTelugu,53,230,5068,10.090531969289033,1
2025-09-21,ETV,26,251,5483,9.387060044899567,1
2025-09-21,GeminiTV,8,255,5088,10.239930872170614,1
2025-09-21,MaaTV,39,252,5281,10.494382483170224,1
2025-09-21,UdayaTV,35,209,4997,10.071737408628136,1
2025-09-21,SuryaTV,35,220,5263,9.79922358798762,1
2025-09-21,KTV,-5,234,5055,9.44131305333665,1
2025-09-21,JayaTV,11,248,5476,10.374520411945316,1
2025-09-21,RajTV,12,255,4996,9.986106190857166,1
2025-09-21,KalaignarTV,40,226,4776,9.67403117620899,1
2025-09-21,DDNews,4,224,5179,10.005893095249085,1
2025-09-21,DDNational,60,237,4884,10.111122496408015,1
2025-09-21,DDSports,32,226,5238,10.366157004260721,1
2025-09-21,TenSports,-2,232,5312,11.157603536027331,1
2025-09-21,StarSports,14,221,5377,10.753977294449832,1
2025-09-21,SonySports,-12,222,4989,9.861483231729848,1
2025-09-21,Eurosport,9,213,5519,10.290849964529706,1
2025-09-21,CNBC,32,243,5480,9.729977995343383,1
2025-09-21,BloombergTV,36,206,5082,9.922774779661566,1
2025-09-21,BBCWorld,3,255,5056,10.849913481689212,1
2025-09-21,AlJazeera,10,244,5235,9.728759249155782,1
2025-09-21,France24,6,235,4980,9.660068218549394,1
2025-09-21,VH1,4,231,5320,10.910379200436301,1
2025-09-21,MTV,29,249,5030,11.217560300330486,1
2025-09-22,News24,509,6,744,3.969871000201228,0
2025-09-22,StarTV,511,1,818,5.075075192040973,0
2025-09-22,ZeeTV,493,5,1127,4.417617335193774,0
2025-09-22,SunTV,507,1,882,5.3382272677195575,0
2025-09-22,ABPNews,499,8,710,4.06816151396851,0
2025-09-22,NDTV,536,1,966,4.726840904413226,0
2025-09-22,IndiaTV,511,3,909,4.618615685038523,0
2025-09-22,CNNNews18,532,1,1053,4.153675110927959,0
2025-09-22,TimesNow,490,1,831,4.003968642894384,0
2025-09-22,RepublicTV,518,1,725,4.138740282459808,0
2025-09-22,TV9,515,1,886,4.286991728731495,0
2025-09-22,Asianet,504,1,989,3.835499606293645,0
2025-09-22,Colors,520,4,737,5.157378328816633,0
2025-09-22,SonyTV,512,6,798,5.353317032281672,0
2025-09-22,StarPlus,546,5,1112,5.262998884036916,0
2025-09-22,ZeeCinema,494,1,930,3.7768774255292716,0
2025-09-22,StarMovies,516,1,915,4.571883197813551,0
2025-09-22,HBO,512,1,992,3.9663888163775427,0
2025-09-22,Discovery,492,1,1078,4.799752707800742,0
2025-09-22,NationalGeographic,481,1,983,4.746373714796089,0
2025-09-22,AnimalPlanet,525,1,804,4.692230751925026,0
2025-09-22,HistoryTV18,520,1,644,5.0057864399966485,0
2025-09-22,CartoonNetwork,495,1,1016,4.505110027645692,0
2025-09-22,Pogo,534,1,935,4.846630823400568,0
2025-09-22,Nickelodeon,503,6,938,4.668056962237196,0
2025-09-22,SonyMax,544,1,760,4.998856916119018,0
2025-09-22,ZeeTelugu,511,1,920,4.399575946638583,0
2025-09-22,ETV,538,1,827,4.108488360249399,0
2025-09-22,GeminiTV,487,1,869,5.33051187621456,0
2025-09-22,MaaTV,509,1,780,4.172872362668739,0
2025-09-22,UdayaTV,511,1,648,4.488384592193391,0
2025-09-22,SuryaTV,542,1,623,3.821185490017917,0
2025-09-22,KTV,513,1,973,4.6708408898012586,0
2025-09-22,JayaTV,500,8,946,4.854315504070453,0
2025-09-22,RajTV,512,1,642,4.767231411644827,0
2025-09-22,KalaignarTV,539,1,746,4.796512220395026,0
2025-09-22,DDNews,492,1,781,5.2419028671938195,0
2025-09-22,DDNational,503,5,823,4.616315783153341,0
2025-09-22,DDSports,506,1,691,5.174707072362289,0
2025-09-22,TenSports,506,1,1116,4.694684695946566,0
2025-09-22,StarSports,519,4,902,5.120341466829775,0
2025-09-22,SonySports,505,4,1097,4.571020361191263,0
2025-09-22,Eurosport,536,3,744,5.318759450065675,0
2025-09-22,CNBC,519,1,846,3.675881753111739,0
2025-09-22,BloombergTV,534,9,1027,4.303647927760518,0
2025-09-22,BBCWorld,520,2,1120,5.153608162096639,0
2025-09-22,AlJazeera,494,7,1152,4.468536539824714,0
2025-09-22,France24,510,14,735,4.083233894112289,0
2025-09-22,VH1,532,1,979,4.932647478408425,0
2025-09-22,MTV,527,1,811,4.3474248111606375,0
2025-09-23,News24,16,247,5378,11.059531622996033,1
2025-09-23,StarTV,19,246,5003,11.18007347033824,1
2025-09-23,ZeeTV,11,263,5360,11.004329546422644,1
2025-09-23,SunTV,44,238,5126,10.642289978050112,1
2025-09-23,ABPNews,8,253,4975,10.540038590862137,1
2025-09-23,NDTV,4,246,5064,10.753633825223524,1
2025-09-23,IndiaTV,29,230,5395,10.346810186922195,1
2025-09-23,CNNNews18,1,214,5412,10.274877273125352,1
2025-09-23,TimesNow,35,222,5077,10.441387696413617,1
2025-09-23,RepublicTV,36,217,5249,11.182899053727558,1
2025-09-23,TV9,29,231,4890,11.009688756189298,1
2025-09-23,Asianet,40,234,5353,10.996381936690247,1
2025-09-23,Colors,21,221,5028,10.54274400513308,1
2025-09-23,SonyTV,40,236,5482,10.451990568369563,1
2025-09-23,StarPlus,-6,249,5100,11.25005493697382,1
2025-09-23,ZeeCinema,20,252,4991,10.422115853936056,1
2025-09-23,StarMovies,-8,251,4901,10.575258429552457,1
2025-09-23,HBO,45,257,5196,11.185481802023633,1
2025-09-23,Discovery,53,250,5436,10.280328593402459,1
2025-09-23,NationalGeographic,27,237,4856,9.842737331369033,1
2025-09-23,AnimalPlanet,18,238,5046,10.934200369809664,1
2025-09-23,HistoryTV18,25,229,5085,9.99163577480075,1
2025-09-23,CartoonNetwork,-9,221,5498,10.43147391667981,1
2025-09-23,Pogo,9,230,5114,10.68032305978132,1
2025-09-23,Nickelodeon,20,237,5091,9.903448893434822,1
2025-09-23,SonyMax,-6,223,4999,10.031897566214747,1
2025-09-23,ZeeTelugu,-13,233,5298,9.995295571299692,1
2025-09-23,ETV,-3,246,5284,9.951269633562593,1
2025-09-23,GeminiTV,55,239,5113,10.579512453279134,1
2025-09-23,MaaTV,41,250,4829,10.169229315593284,1
2025-09-23,UdayaTV,35,211,5056,9.953786446449717,1
2025-09-23,SuryaTV,36,241,5283,10.478203559921898,1
2025-09-23,KTV,0,238,5241,11.00284970269967,1
2025-09-23,JayaTV,40,222,5093,10.559147461953172,1
2025-09-23,RajTV,-8,244,5333,10.605469662527533,1
2025-09-23,KalaignarTV,-19,212,5120,9.8811659406789,1
2025-09-23,DDNews,34,247,5581,10.594368359697548,1
2025-09-23,DDNational,18,240,4930,10.99135438611524,1
2025-09-23,DDSports,10,243,5459,10.69762428504591,1
2025-09-23,TenSports,18,245,5184,10.179414532571228,1
2025-09-23,StarSports,38,232,5153,10.704223771654076,1
2025-09-23,SonySports,7,245,5175,10.517620319548865,1
2025-09-23,Eurosport,13,254,5074,10.378966302239338,1
2025-09-23,CNBC,13,241,5173,11.499260073386363,1
2025-09-23,BloombergTV,37,255,4952,10.886448687508071,1
2025-09-23,BBCWorld,29,231,5165,10.76218661932841,1
2025-09-23,AlJazeera,22,227,5047,10.046017376909017,1
2025-09-23,France24,-2,239,5439,10.494711836869083,1
2025-09-23,VH1,2,263,5426,10.485832738695386,1
2025-09-23,MTV,43,239,5175,10.117325160204864,1
2025-09-24,News24,475,6,888,4.492713787240526,0
2025-09-24,StarTV,472,1,872,4.497645416642365,0
2025-09-24,ZeeTV,499,1,749,3.5864890232720845,0
2025-09-24,SunTV,478,5,894,4.892946284671326,0
2025-09-24,ABPNews,494,1,997,3.919305242166703,0
2025-09-24,NDTV,462,1,801,4.701207930204401,0
2025-09-24,IndiaTV,503,10,939,3.7799712322573424,0
2025-09-24,CNNNews18,492,4,699,4.2097278194074965,0
2025-09-24,TimesNow,518,5,949,3.783949567638374,0
2025-09-24,RepublicTV,508,1,910,4.195118370043048,0
2025-09-24,TV9,504,1,923,4.400386422197476,0
2025-09-24,Asianet,515,1,723,4.038897837856898,0
2025-09-24,Colors,501,10,757,5.094318058771554,0
2025-09-24,SonyTV,481,12,806,4.7065598709547185,0
2025-09-24,StarPlus,509,7,644,4.144480539812063,0
2025-09-24,ZeeCinema,466,1,627,4.377616941170333,0
2025-09-24,StarMovies,498,8,648,4.998135652593243,0
2025-09-24,HBO,495,2,764,3.8976352505482477,0
2025-09-24,Discovery,452,1,658,4.700015565698416,0
2025-09-24,NationalGeographic,511,4,849,4.162464385385234,0
2025-09-24,AnimalPlanet,485,3,560,4.703575295647483,0
2025-09-24,HistoryTV18,462,16,649,4.659471402259477,0
2025-09-24,CartoonNetwork,503,5,856,4.321717471860552,0
2025-09-24,Pogo,458,1,663,4.562625688866746,0
2025-09-24,Nickelodeon,463,1,931,4.318188168121784,0
2025-09-24,SonyMax,510,1,799,3.930148838549978,0
2025-09-24,ZeeTelugu,480,1,928,5.110425854403927,0
2025-09-24,ETV,517,13,993,4.269407952893572,0
2025-09-24,GeminiTV,457,9,973,3.8607563293608447,0
2025-09-24,MaaTV,474,18,710,3.6590485598648623,0
2025-09-24,UdayaTV,470,4,829,3.98255525914987,0
2025-09-24,SuryaTV,490,7,865,3.724162233186583,0
2025-09-24,KTV,468,10,939,4.2619453835072045,0
2025-09-24,JayaTV,510,1,808,4.225389722613678,0
2025-09-24,RajTV,503,8,894,3.8941126817274414,0
2025-09-24,KalaignarTV,497,1,581,3.8010313917266156,0
2025-09-24,DDNews,485,1,862,3.6645986527874324,0
2025-09-24,DDNational,499,2,953,4.13697462036251,0
2025-09-24,DDSports,454,1,656,4.926201718213505,0
2025-09-24,TenSports,478,1,729,3.719024703246259,0
2025-09-24,StarSports,495,3,747,4.3455470227490025,0
2025-09-24,SonySports,501,1,705,4.100151110035848,0
2025-09-24,Eurosport,459,9,1073,4.313482329778886,0
2025-09-24,CNBC,491,7,791,3.933324872523874,0
2025-09-24,BloombergTV,451,1,824,4.555774941454529,0
2025-09-24,BBCWorld,472,1,744,4.558466271494507,0
2025-09-24,AlJazeera,465,4,937,4.436940011615394,0
2025-09-24,France24,455,12,691,4.378066357350194,0
2025-09-24,VH1,486,4,970,3.9970832481840985,0
2025-09-24,MTV,499,7,994,4.58158659076587,0
2025-09-25,News24,42,238,5387,10.909878197729489,1
2025-09-25,StarTV,1,239,5171,9.954984486410442,1
2025-09-25,ZeeTV,34,234,5307,10.508612855385644,1
2025-09-25,SunTV,-9,229,5228,10.140271324810895,1
2025-09-25,ABPNews,5,263,5243,10.022970239219344,1
2025-09-25,NDTV,16,252,5317,10.91520486235986,1
2025-09-25,IndiaTV,6,233,5125,10.72536855785522,1
2025-09-25,CNNNews18,2,233,5052,10.080650583091554,1
2025-09-25,TimesNow,22,227,5535,10.65468289718787,1
2025-09-25,RepublicTV,27,214,5492,9.952429899468534,1
2025-09-25,TV9,-7,244,5308,10.261885483710365,1
2025-09-25,Asianet,53,217,5527,11.421989435766372,1
2025-09-25,Colors,9,219,5208,10.627662933653397,1
2025-09-25,SonyTV,37,222,5352,10.175661050395078,1
2025-09-25,StarPlus,21,251,5183,9.978932406437787,1
2025-09-25,ZeeCinema,58,235,5237,10.450808603954176,1
2025-09-25,StarMovies,34,249,5033,11.059090103444582,1
2025-09-25,HBO,33,218,5117,10.647728727220137,1
2025-09-25,Discovery,24,227,5609,10.87708864450837,1
2025-09-25,NationalGeographic,38,238,5317,10.477324213620763,1
2025-09-25,AnimalPlanet,32,250,5271,10.213610543039717,1
2025-09-25,HistoryTV18,45,247,5555,11.128100570747211,1
2025-09-25,CartoonNetwork,3,245,5289,10.17576267130967,1
2025-09-25,Pogo,-4,226,5236,9.97500729410445,1
2025-09-25,Nickelodeon,22,224,5481,10.38948054560339,1
2025-09-25,SonyMax,45,237,5252,10.906526858846442,1
2025-09-25,ZeeTelugu,18,260,5396,10.747353713656794,1
2025-09-25,ETV,44,227,5385,10.88226657898345,1
2025-09-25,GeminiTV,9,236,5449,10.200558461369974,1
2025-09-25,MaaTV,37,240,5131,10.708581879004939,1
2025-09-25,UdayaTV,23,242,5425,10.544191112227116,1
2025-09-25,SuryaTV,14,218,5369,10.379429954083118,1
2025-09-25,KTV,-3,235,5244,10.041239836686414,1
2025-09-25,JayaTV,29,222,5625,10.202728038804809,1
2025-09-25,RajTV,-5,258,5227,10.459022852297412,1
2025-09-25,KalaignarTV,12,268,5457,10.469654956289416,1
2025-09-25,DDNews,-2,261,5231,10.218517841767424,1
2025-09-25,DDNational,-11,237,5460,10.011167168668033,1
2025-09-25,DDSports,3,259,5148,9.84131583168306,1
2025-09-25,TenSports,6,248,5233,10.46363179941528,1
2025-09-25,StarSports,16,227,5324,10.155986444411917,1
2025-09-25,SonySports,39,241,5386,9.75826086401611,1
2025-09-25,Eurosport,-2,258,5236,11.259186382051162,1
2025-09-25,CNBC,13,253,5396,9.634003420032943,1
2025-09-25,BloombergTV,12,245,5583,10.533767466302573,1
2025-09-25,BBCWorld,32,228,4915,10.59790060237971,1
2025-09-25,AlJazeera,0,254,5297,10.363429032900202,1
2025-09-25,France24,54,226,5153,10.3171201251821,1
2025-09-25,VH1,14,214,5273,10.515201262792273,1
2025-09-25,MTV,6,223,5247,10.372337398763996,1
2025-09-26,News24,496,1,741,3.8306740720717363,0
2025-09-26,StarTV,523,4,895,5.122204769605331,0
2025-09-26,ZeeTV,511,1,761,4.683079051931843,0
2025-09-26,SunTV,488,5,625,4.026893600732408,0
2025-09-26,ABPNews,490,15,706,4.5907048579846235,0
2025-09-26,NDTV,489,2,1002,4.241715390265496,0
2025-09-26,IndiaTV,497,1,1033,4.785659788612686,0
2025-09-26,CNNNews18,521,11,1006,4.069606063068334,0
2025-09-26,TimesNow,476,1,865,4.517065654556616,0
2025-09-26,RepublicTV,482,10,912,4.356456054851435,0
2025-09-26,TV9,494,1,968,4.639846713797664,0
2025-09-26,Asianet,534,5,918,4.987645486368845,0
2025-09-26,Colors,512,1,814,4.017786522644169,0
2025-09-26,SonyTV,537,1,984,3.9573275297964594,0
2025-09-26,StarPlus,510,1,1034,5.057578643759478,0
2025-09-26,ZeeCinema,503,1,836,3.77509716995088,0
2025-09-26,StarMovies,532,1,787,3.8760970255901697,0
2025-09-26,HBO,515,1,921,4.362133868783881,0
2025-09-26,Discovery,508,2,806,3.9202894453190766,0
2025-09-26,NationalGeographic,513,1,947,3.9907637466725134,0
2025-09-26,AnimalPlanet,510,1,1012,5.21025641631527,0
2025-09-26,HistoryTV18,525,1,916,4.7936855709935795,0
2025-09-26,CartoonNetwork,493,1,628,5.210009143004915,0
2025-09-26,Pogo,485,8,868,4.767874521417999,0
2025-09-26,Nickelodeon,507,1,913,4.139671932394783,0
2025-09-26,SonyMax,499,1,885,4.064606388561575,0
2025-09-26,ZeeTelugu,517,1,865,5.202688030554337,0
2025-09-26,ETV,484,4,850,3.9400215228156155,0
2025-09-26,GeminiTV,522,1,912,4.094397334932973,0
2025-09-26,MaaTV,493,10,885,4.636764576504872,0
2025-09-26,UdayaTV,523,8,810,4.998060292068102,0
2025-09-26,SuryaTV,499,3,873,4.659615979441315,0
2025-09-26,KTV,512,1,728,3.80333812700595,0
2025-09-26,JayaTV,482,1,885,5.064255537004695,0
2025-09-26,RajTV,479,1,757,4.3692979099529525,0
2025-09-26,KalaignarTV,532,1,910,5.122274391939099,0
2025-09-26,DDNews,541,10,1095,4.30160627618213,0
2025-09-26,DDNational,507,1,759,3.9522950459717032,0
2025-09-26,DDSports,511,1,982,4.228528083181783,0
2025-09-26,TenSports,493,1,865,4.679346794116396,0
2025-09-26,StarSports,476,11,653,4.847474598258664,0
2025-09-26,SonySports,483,1,893,3.877029556422663,0
2025-09-26,Eurosport,502,1,1004,4.788707222858832,0
2025-09-26,CNBC,473,1,751,4.186099929552137,0
2025-09-26,BloombergTV,468,6,681,4.551518974259032,0
2025-09-26,BBCWorld,506,1,938,3.7063446699525504,0
2025-09-26,AlJazeera,514,1,927,4.2957346730431984,0
2025-09-26,France24,490,6,1016,4.887144347649684,0
2025-09-26,VH1,522,1,874,3.9147392450539833,0
2025-09-26,MTV,494,1,913,4.91728837254477,0
2025-09-27,News24,17,256,5425,9.764900582090632,1
2025-09-27,StarTV,56,254,5297,11.082327469229057,1
2025-09-27,ZeeTV,39,251,5039,10.811669324289559,1
2025-09-27,SunTV,20,237,5247,10.97228081221344,1
2025-09-27,ABPNews,18,240,5343,10.653660137077376,1
2025-09-27,NDTV,21,250,5144,10.82417811355043,1
2025-09-27,IndiaTV,31,252,5252,10.370877356841406,1
2025-09-27,CNNNews18,29,255,5295,9.762611548972357,1
2025-09-27,TimesNow,34,250,5268,11.183029619167325,1
2025-09-27,RepublicTV,54,229,5410,11.274055100201565,1
2025-09-27,TV9,-1,236,5336,10.184847522283338,1
2025-09-27,Asianet,25,240,5385,10.683426924372352,1
2025-09-27,Colors,-5,234,5256,11.237163259859066,1
2025-09-27,SonyTV,28,245,5601,10.639213940002328,1
2025-09-27,StarPlus,-14,236,5354,10.925366317700583,1
2025-09-27,ZeeCinema,36,248,5261,11.402552292037003,1
2025-09-27,StarMovies,16,216,5277,9.655604098476982,1
2025-09-27,HBO,16,228,5104,11.03966206189695,1
2025-09-27,Discovery,-9,246,5307,10.27673569207878,1
2025-09-27,NationalGeographic,-4,254,5517,10.690424557167539,1
2025-09-27,AnimalPlanet,43,259,5307,9.870315172882641,1
2025-09-27,HistoryTV18,52,235,5344,10.25229762361541,1
2025-09-27,CartoonNetwork,32,251,5188,10.422815784040049,1
2025-09-27,Pogo,20,270,5557,10.077221423546794,1
2025-09-27,Nickelodeon,3,247,5552,11.168883814054663,1
2025-09-27,SonyMax,8,263,5269,10.646693198995335,1
2025-09-27,ZeeTelugu,5,252,5157,10.768562739624695,1
2025-09-27,ETV,2,237,5196,10.580013996023656,1
2025-09-27,GeminiTV,57,233,5118,10.35026895943614,1
2025-09-27,MaaTV,37,243,5000,10.592610254422976,1
2025-09-27,UdayaTV,0,255,5618,10.34876539390357,1
2025-09-27,SuryaTV,50,227,5180,9.945451728510609,1
2025-09-27,KTV,15,233,5272,11.438207090460281,1
2025-09-27,JayaTV,26,222,5480,10.248849901857737,1
2025-09-27,RajTV,20,235,4922,9.752123052907416,1
2025-09-27,KalaignarTV,-10,251,5325,10.122622738926797,1
2025-09-27,DDNews,54,227,5239,10.91271394993892,1
2025-09-27,DDNational,15,243,5025,11.067014838595236,1
2025-09-27,DDSports,23,223,5204,11.284972630613824,1
2025-09-27,TenSports,40,244,5167,10.838687305978542,1
2025-09-27,StarSports,33,247,5390,10.916514146443985,1
2025-09-27,SonySports,15,231,4994,10.416686113542571,1
2025-09-27,Eurosport,36,253,5042,9.682095145136996,1
2025-09-27,CNBC,-6,241,5138,11.391704752292842,1
2025-09-27,BloombergTV,32,246,5291,10.826199979242991,1
2025-09-27,BBCWorld,19,234,5211,10.843950556179648,1
2025-09-27,AlJazeera,-1,271,4897,10.429883279909834,1
2025-09-27,France24,-17,239,5393,10.94961701669739,1
2025-09-27,VH1,29,236,5305,10.058179223831006,1
2025-09-27,MTV,40,242,5615,11.190606649614901,1
2025-09-28,News24,439,1,915,3.4842406992128003,0
2025-09-28,StarTV,471,3,967,3.563371270328789,0
2025-09-28,ZeeTV,452,2,690,4.08545307848815,0
2025-09-28,SunTV,489,1,937,3.3744178159090037,0
2025-09-28,ABPNews,455,1,1037,4.5587254803920905,0
2025-09-28,NDTV,495,1,900,4.951912761251902,0
2025-09-28,IndiaTV,506,8,920,3.980518524446347,0
2025-09-28,CNNNews18,502,17,938,4.275705757394685,0
2025-09-28,TimesNow,486,9,939,4.524618645593229,0
2025-09-28,RepublicTV,483,1,847,4.181125940340928,0
2025-09-28,TV9,456,14,786,4.2479849294140575,0
2025-09-28,Asianet,499,5,967,3.580493184205304,0
2025-09-28,Colors,443,15,809,4.459734756751964,0
2025-09-28,SonyTV,462,1,1034,3.971628459222007,0
2025-09-28,StarPlus,463,1,663,4.829214246662717,0
2025-09-28,ZeeCinema,487,1,776,4.084739416238433,0
2025-09-28,StarMovies,474,8,625,4.534853567892716,0
2025-09-28,HBO,490,1,785,3.736299654871778,0
2025-09-28,Discovery,491,9,783,4.332386523489987,0
2025-09-28,NationalGeographic,490,1,578,4.31951305910121,0
2025-09-28,AnimalPlanet,480,1,824,4.778683620735734,0
2025-09-28,HistoryTV18,483,1,816,4.8057007456355825,0
2025-09-28,CartoonNetwork,490,1,736,3.949560925453855,0
2025-09-28,Pogo,482,6,1054,3.442143694933484,0
2025-09-28,Nickelodeon,480,1,635,4.260778719139952,0
2025-09-28,SonyMax,467,15,802,4.912003462651559,0
2025-09-28,ZeeTelugu,486,3,921,4.7051447700905005,0
2025-09-28,ETV,490,1,756,3.459668610829628,0
2025-09-28,GeminiTV,490,8,766,4.444955789431585,0
2025-09-28,MaaTV,472,1,878,4.074637846487807,0
2025-09-28,UdayaTV,437,2,649,3.941656411385474,0
2025-09-28,SuryaTV,478,8,991,4.744402784572709,0
2025-09-28,KTV,475,1,706,3.957028602322725,0
2025-09-28,JayaTV,498,4,833,3.9169603263930366,0
2025-09-28,RajTV,478,16,818,3.7031449369096476,0
2025-09-28,KalaignarTV,476,3,678,4.728334128591055,0
2025-09-28,DDNews,504,7,927,4.083936941628332,0
2025-09-28,DDNational,480,17,546,3.828019278707938,0
2025-09-28,DDSports,496,2,1022,4.560197075194669,0
2025-09-28,TenSports,501,1,768,4.161457352418615,0
2025-09-28,StarSports,448,13,677,4.474221363076941,0
2025-09-28,SonySports,455,4,741,4.411789990870321,0
2025-09-28,Eurosport,500,11,953,3.8658378241124685,0
2025-09-28,CNBC,456,1,818,4.504055417167065,0
2025-09-28,BloombergTV,459,12,889,3.790511205434167,0
2025-09-28,BBCWorld,475,11,877,3.72606447618456,0
2025-09-28,AlJazeera,488,2,735,4.391751126277783,0
2025-09-28,France24,487,17,618,3.648208497519623,0
2025-09-28,VH1,491,1,803,4.862633319625566,0
2025-09-28,MTV,455,17,1007,3.3711008568567133,0
2025-09-29,News24,47,244,5080,9.7142247200987,1
2025-09-29,StarTV,36,250,4996,10.535879368458911,1
2025-09-29,ZeeTV,9,244,5295,9.758952389836175,1
2025-09-29,SunTV,22,215,5481,9.881874016121554,1
2025-09-29,ABPNews,45,259,5106,10.592463402067064,1
2025-09-29,NDTV,61,247,5439,9.733160647420958,1
2025-09-29,IndiaTV,15,221,5113,10.508522706154366,1
2025-09-29,CNNNews18,15,239,5102,10.015346069146567,1
2025-09-29,TimesNow,9,234,5320,10.330870407206271,1
2025-09-29,RepublicTV,5,216,5199,10.125929298815514,1
2025-09-29,TV9,-10,247,5500,9.727856494860502,1
2025-09-29,Asianet,31,240,4999,10.026811672108867,1
2025-09-29,Colors,12,215,5544,10.528723008329635,1
2025-09-29,SonyTV,7,215,4968,9.624723383227872,1
2025-09-29,StarPlus,-5,241,4916,9.826925456300625,1
2025-09-29,ZeeCinema,28,232,5020,10.834590283104355,1
2025-09-29,StarMovies,19,220,5230,9.997820832844104,1
2025-09-29,HBO,37,225,5256,10.167704078617685,1
2025-09-29,Discovery,42,227,5177,10.48349093699168,1
2025-09-29,NationalGeographic,2,225,5297,10.599427994943234,1
2025-09-29,AnimalPlanet,26,227,4955,10.632384617378932,1
2025-09-29,HistoryTV18,41,234,5483,10.07020941816485,1
2025-09-29,CartoonNetwork,47,235,4774,9.850308829648753,1
2025-09-29,Pogo,42,245,5289,10.249419325901297,1
2025-09-29,Nickelodeon,41,219,5010,10.434562403168945,1
2025-09-29,SonyMax,44,256,5302,10.274971703458027,1
2025-09-29,ZeeTelugu,13,235,5016,10.110013976094224,1
2025-09-29,ETV,24,229,5301,9.801304577290123,1
2025-09-29,GeminiTV,59,211,5391,9.824599276764136,1
2025-09-29,MaaTV,5,223,5230,9.553703998819609,1
2025-09-29,UdayaTV,0,236,4816,10.029792484757516,1
2025-09-29,SuryaTV,13,220,5109,10.679598619529425,1
2025-09-29,KTV,16,227,5161,10.497753697724226,1
2025-09-29,JayaTV,5,249,5269,9.772944888058143,1
2025-09-29,RajTV,15,230,5313,10.138125742304089,1
2025-09-29,KalaignarTV,16,240,5199,10.139576919419746,1
2025-09-29,DDNews,-4,229,5251,9.419708489194193,1
2025-09-29,DDNational,18,233,5454,10.104015075313486,1
2025-09-29,DDSports,-2,240,4894,10.661937972272947,1
2025-09-29,TenSports,19,217,5079,10.05476743031662,1
2025-09-29,StarSports,16,242,4928,9.971799556917917,1
2025-09-29,SonySports,28,215,5514,10.38728695291452,1
2025-09-29,Eurosport,-6,242,5027,10.247848532190636,1
2025-09-29,CNBC,16,222,4880,10.516054145393053,1
2025-09-29,BloombergTV,29,227,5087,9.4909439320525,1
2025-09-29,BBCWorld,43,255,5248,9.479886078919014,1
2025-09-29,AlJazeera,32,251,5245,9.862225887557608,1
2025-09-29,France24,53,239,5069,10.490352790210393,1
2025-09-29,VH1,29,232,5318,10.465386994363094,1
2025-09-29,MTV,25,237,4995,10.373339421257826,1
2025-09-30,News24,481,15,910,4.081056791402563,0
2025-09-30,StarTV,517,1,994,4.645316140731259,0
2025-09-30,ZeeTV,461,9,772,4.037772655779411,0
2025-09-30,SunTV,462,1,949,4.3985504224533996,0
2025-09-30,ABPNews,530,7,746,4.673713299850931,0
2025-09-30,NDTV,517,18,978,3.681365565508752,0
2025-09-30,IndiaTV,492,5,862,4.642057929729404,0
2025-09-30,CNNNews18,525,12,1007,4.696257930656476,0
2025-09-30,TimesNow,479,1,621,4.462946229449126,0
2025-09-30,RepublicTV,501,1,878,4.407351125178038,0
2025-09-30,TV9,487,8,1107,3.710464676100154,0
2025-09-30,Asianet,472,1,803,4.3017650770786835,0
2025-09-30,Colors,501,11,1079,4.521162247637838,0
2025-09-30,SonyTV,489,1,749,4.555959167656535,0
2025-09-30,StarPlus,485,1,913,5.000483672729145,0
2025-09-30,ZeeCinema,505,1,771,4.552150521041624,0
2025-09-30,StarMovies,499,1,990,4.309886934688022,0
2025-09-30,HBO,504,1,924,4.255398203150165,0
2025-09-30,Discovery,484,1,703,3.749495184816449,0
2025-09-30,NationalGeographic,471,15,682,4.669960624366087,0
2025-09-30,AnimalPlanet,480,5,879,5.109382552334591,0
2025-09-30,HistoryTV18,482,1,732,4.893000250822302,0
2025-09-30,CartoonNetwork,514,1,729,5.025373370066976,0
2025-09-30,Pogo,487,1,937,4.5441783997173415,0
2025-09-30,Nickelodeon,504,12,1053,4.308890595694507,0
2025-09-30,SonyMax,487,1,841,4.1728076048862075,0
2025-09-30,ZeeTelugu,476,12,925,4.203393828011018,0
2025-09-30,ETV,501,7,822,4.142969254841444,0
2025-09-30,GeminiTV,481,1,786,3.6995292775786863,0
2025-09-30,MaaTV,513,1,711,3.475383502219904,0
2025-09-30,UdayaTV,475,4,932,3.629380084131146,0
2025-09-30,SuryaTV,492,1,823,4.912848783097591,0
2025-09-30,KTV,496,2,734,4.660851570622315,0
2025-09-30,JayaTV,520,1,803,3.9948185641634026,0
2025-09-30,RajTV,488,1,932,3.99575587507964,0
2025-09-30,KalaignarTV,507,1,753,4.418515479182919,0
2025-09-30,DDNews,492,1,972,4.021913543040674,0
2025-09-30,DDNational,482,7,847,3.8944890615274774,0
2025-09-30,DDSports,512,1,614,3.9750097406951586,0
2025-09-30,TenSports,489,1,909,4.187935166719928,0
2025-09-30,StarSports,474,3,592,4.55579532132003,0
2025-09-30,SonySports,494,13,789,4.4209847385382846,0
2025-09-30,Eurosport,458,3,775,4.037663218311686,0
2025-09-30,CNBC,497,4,985,4.016896606189159,0
2025-09-30,BloombergTV,484,1,764,3.874026594726416,0
2025-09-30,BBCWorld,502,1,791,4.043891218019479,0
2025-09-30,AlJazeera,468,4,749,4.424850163624429,0
2025-09-30,France24,504,1,965,4.891516107437546,0
2025-09-30,VH1,468,9,893,4.33703015243448,0
2025-09-30,MTV,514,16,760,4.718711195445505,0
2025-10-01,News24,525,1,1017,5.098254955660918,0
2025-10-01,StarTV,512,1,706,4.512285452446718,0
2025-10-01,ZeeTV,516,1,908,3.969965273956726,0
2025-10-01,SunTV,551,1,1004,4.463595538556903,0
2025-10-01,ABPNews,555,1,835,4.4332624297554855,0
2025-10-01,NDTV,541,1,1034,4.148113113224515,0
2025-10-01,IndiaTV,560,2,913,4.399355857833011,0
2025-10-01,CNNNews18,555,1,725,5.022584284452423,0
2025-10-01,TimesNow,549,1,735,5.311130382346863,0
2025-10-01,RepublicTV,516,2,858,4.342984613398944,0
2025-10-01,TV9,530,1,1010,4.339723725465855,0
2025-10-01,Asianet,541,1,676,4.020688258443126,0
2025-10-01,Colors,525,7,699,4.128716374532418,0
2025-10-01,SonyTV,531,7,727,5.132521071978941,0
2025-10-01,StarPlus,516,1,964,4.3906151101906845,0
2025-10-01,ZeeCinema,535,1,798,4.573121051385416,0
2025-10-01,StarMovies,530,1,812,5.263722791398322,0
2025-10-01,HBO,558,1,1059,4.5720710730959855,0
2025-10-01,Discovery,499,1,786,4.369711950340561,0
2025-10-01,NationalGeographic,507,4,664,4.804270126652042,0
2025-10-01,AnimalPlanet,523,1,670,3.7956843798083426,0
2025-10-01,HistoryTV18,503,8,1013,5.10678594241805,0
2025-10-01,CartoonNetwork,516,1,911,4.064004108935344,0
2025-10-01,Pogo,511,1,680,4.687509610109869,0
2025-10-01,Nickelodeon,544,6,879,4.352547352748625,0
2025-10-01,SonyMax,536,1,924,4.725275465363878,0
2025-10-01,ZeeTelugu,554,2,1120,4.957541789146401,0
2025-10-01,ETV,533,1,956,5.069660943777726,0
2025-10-01,GeminiTV,549,1,955,4.586115784494996,0
2025-10-01,MaaTV,543,1,885,4.758146409159318,0
2025-10-01,UdayaTV,502,1,732,3.8259890721808842,0
2025-10-01,SuryaTV,539,14,899,4.578631777051834,0
2025-10-01,KTV,559,11,1070,3.9909066808178166,0
2025-10-01,JayaTV,559,1,758,4.657247701965696,0
2025-10-01,RajTV,532,12,927,4.05674628996148,0
2025-10-01,KalaignarTV,556,1,969,5.143095585078923,0
2025-10-01,DDNews,547,1,751,4.758931419635222,0
2025-10-01,DDNational,531,1,864,4.292707109893488,0
2025-10-01,DDSports,513,1,960,4.198295919518259,0
2025-10-01,TenSports,544,13,673,3.9065841780570447,0
2025-10-01,StarSports,558,1,1062,4.545861778942516,0
2025-10-01,SonySports,534,1,717,4.4175260842718345,0
2025-10-01,Eurosport,530,7,913,4.197111589153202,0
2025-10-01,CNBC,543,11,830,4.402969512615739,0
2025-10-01,BloombergTV,512,7,605,4.825861335074122,0
2025-10-01,BBCWorld,546,1,930,4.265324039926115,0
2025-10-01,AlJazeera,545,1,906,4.812232745482828,0
2025-10-01,France24,530,1,808,4.698952472232941,0
2025-10-01,VH1,534,1,852,4.870344695472938,0
2025-10-01,MTV,531,1,988,5.18529366790401,0
2025-10-02,News24,20,219,4445,9.673745631628925,1
2025-10-02,StarTV,14,213,4468,10.633329788755091,1
2025-10-02,ZeeTV,19,213,4534,10.336333761178185,1
2025-10-02,SunTV,11,229,4748,10.133336924312772,1
2025-10-02,ABPNews,65,219,4725,10.655405923485988,1
2025-10-02,NDTV,16,204,4092,10.043137327192177,1
2025-10-02,IndiaTV,41,199,4114,10.437796029239305,1
2025-10-02,CNNNews18,32,226,4362,10.353486896129425,1
2025-10-02,TimesNow,34,227,4711,10.197323675463661,1
2025-10-02,RepublicTV,16,199,4126,9.61471040305377,1
2025-10-02,TV9,12,223,4350,9.6861419118891,1
2025-10-02,Asianet,9,213,4469,10.353441861326242,1
2025-10-02,Colors,19,227,4130,9.24942817665624,1
2025-10-02,SonyTV,44,193,4416,9.804016231810236,1
2025-10-02,StarPlus,13,200,4488,10.301772559876248,1
2025-10-02,ZeeCinema,42,189,4225,10.027624267756286,1
2025-10-02,StarMovies,27,222,4224,10.247588661598652,1
2025-10-02,HBO,18,206,4077,9.59353779544187,1
2025-10-02,Discovery,22,201,4561,10.335842967209546,1
2025-10-02,NationalGeographic,11,207,4500,10.582875978814917,1
2025-10-02,AnimalPlanet,28,220,4323,10.441793919415547,1
2025-10-02,HistoryTV18,52,222,4616,10.652458824109491,1
2025-10-02,CartoonNetwork,13,193,4664,10.482694297280398,1
2025-10-02,Pogo,-1,228,4237,9.051084260838959,1
2025-10-02,Nickelodeon,47,214,4303,10.100968432853845,1
2025-10-02,SonyMax,27,207,4415,9.131226879492084,1
2025-10-02,ZeeTelugu,9,221,4340,10.25682396724937,1
2025-10-02,ETV,49,198,4598,10.260873266847085,1
2025-10-02,GeminiTV,35,193,4738,9.613320262886134,1
2025-10-02,MaaTV,20,198,4243,9.653830031020885,1
2025-10-02,UdayaTV,28,203,4535,10.579324704932445,1
2025-10-02,SuryaTV,35,219,4506,10.118900603975225,1
2025-10-02,KTV,28,211,4443,10.623751137458443,1
2025-10-02,JayaTV,39,208,4380,10.487652513315005,1
2025-10-02,RajTV,53,234,4682,9.871764027699944,1
2025-10-02,KalaignarTV,19,187,4541,9.897547220036605,1
2025-10-02,DDNews,46,212,4379,10.632044007257456,1
2025-10-02,DDNational,32,211,4262,9.253386577966488,1
2025-10-02,DDSports,25,214,4310,9.620547400131898,1
2025-10-02,TenSports,29,182,4503,9.664571442483643,1
2025-10-02,StarSports,-10,201,4619,9.555342166412133,1
2025-10-02,SonySports,36,211,4422,10.322708652761184,1
2025-10-02,Eurosport,3,192,4599,10.462109406181273,1
2025-10-02,CNBC,34,200,4539,10.266701922748727,1
2025-10-02,BloombergTV,28,232,4505,9.492815519283031,1
2025-10-02,BBCWorld,2,209,4272,10.040031850485617,1
2025-10-02,AlJazeera,13,227,4243,10.049675243299873,1
2025-10-02,France24,17,210,4492,10.232244256303252,1
2025-10-02,VH1,1,192,4280,10.12251955208282,1
2025-10-02,MTV,11,198,4766,10.708836626346582,1
2025-10-03,News24,468,18,572,4.269195322492192,0
2025-10-03,StarTV,510,4,822,4.281475634300103,0
2025-10-03,ZeeTV,466,1,757,3.8590101872682503,0
2025-10-03,SunTV,505,1,585,4.840863184649728,0
2025-10-03,ABPNews,518,1,751,4.766958505960241,0
2025-10-03,NDTV,494,1,903,4.657234968598703,0
2025-10-03,IndiaTV,461,8,731,4.263884332454462,0
2025-10-03,CNNNews18,486,1,919,3.7523598123858544,0
2025-10-03,TimesNow,453,7,655,3.371024889769204,0
2025-10-03,RepublicTV,515,2,843,3.8979953934364113,0
2025-10-03,TV9,509,13,1036,3.7569977721714913,0
2025-10-03,Asianet,510,1,872,4.8221281669249665,0
2025-10-03,Colors,465,13,756,4.712172420267815,0
2025-10-03,SonyTV,456,9,839,3.8424564022190513,0
2025-10-03,StarPlus,482,1,692,3.4649332152924135,0
2025-10-03,ZeeCinema,504,1,855,4.528876784844547,0
2025-10-03,StarMovies,502,16,1048,4.430143169944732,0
2025-10-03,HBO,476,1,886,3.886399004373109,0
2025-10-03,Discovery,462,2,875,4.296294828796477,0
2025-10-03,NationalGeographic,447,6,675,4.438557660959937,0
2025-10-03,AnimalPlanet,492,1,694,4.384991195351048,0
2025-10-03,HistoryTV18,515,1,700,4.166762730031785,0
2025-10-03,CartoonNetwork,473,1,820,4.549933929145983,0
2025-10-03,Pogo,460,1,931,3.9682782220022115,0
2025-10-03,Nickelodeon,495,3,536,4.450095933450064,0
2025-10-03,SonyMax,488,1,932,4.073213784360203,0
2025-10-03,ZeeTelugu,515,1,727,3.8322907725439355,0
2025-10-03,ETV,475,1,791,3.9750083843411317,0
2025-10-03,GeminiTV,499,1,963,3.607939641116331,0
2025-10-03,MaaTV,456,2,836,4.244683310580799,0
2025-10-03,UdayaTV,474,2,899,3.8005020605777053,0
2025-10-03,SuryaTV,455,1,660,3.7052584066427467,0
2025-10-03,KTV,496,1,654,4.272318359088482,0
2025-10-03,JayaTV,470,11,871,4.960501780731449,0
2025-10-03,RajTV,502,1,749,4.168457669217932,0
2025-10-03,KalaignarTV,471,1,875,4.345073750239131,0
2025-10-03,DDNews,516,7,775,3.4090603609176213,0
2025-10-03,DDNational,499,1,928,4.295919265057699,0
2025-10-03,DDSports,494,1,989,4.396584232410151,0
2025-10-03,TenSports,488,12,833,3.798904233960581,0
2025-10-03,StarSports,449,1,827,3.5507869984860054,0
2025-10-03,SonySports,455,2,846,3.809754617611191,0
2025-10-03,Eurosport,493,14,893,4.548815616883517,0
2025-10-03,CNBC,501,1,1028,4.520310046628916,0
2025-10-03,BloombergTV,479,1,605,3.647345078771756,0
2025-10-03,BBCWorld,474,12,712,3.7131000110905226,0
2025-10-03,AlJazeera,455,1,946,4.154727319900079,0
2025-10-03,France24,503,1,744,4.698729452351455,0
2025-10-03,VH1,500,5,710,3.2828013208665032,0
2025-10-03,MTV,471,8,843,3.756901875223179,0
2025-10-04,News24,27,217,4629,9.739387410353737,1
2025-10-04,StarTV,45,218,4619,10.121717477443864,1
2025-10-04,ZeeTV,-2,202,4724,9.230200793076447,1
2025-10-04,SunTV,47,201,4415,10.223678228431474,1
2025-10-04,ABPNews,53,206,4587,9.693296819502514,1
2025-10-04,NDTV,-4,226,4460,10.160757958508185,1
2025-10-04,IndiaTV,22,236,4668,9.171032575561597,1
2025-10-04,CNNNews18,43,226,4357,9.614746105533051,1
2025-10-04,TimesNow,29,196,4770,10.718978566550922,1
2025-10-04,RepublicTV,38,233,4154,9.671703035188228,1
2025-10-04,TV9,58,231,4355,9.728834755543826,1
2025-10-04,Asianet,30,208,4755,9.667812417228921,1
2025-10-04,Colors,30,198,4713,9.86225137392273,1
2025-10-04,SonyTV,-2,200,4474,10.746125765520564,1
2025-10-04,StarPlus,44,227,4432,9.27503397283835,1
2025-10-04,ZeeCinema,14,220,4559,9.551791776275097,1
2025-10-04,StarMovies,16,200,4741,10.515941045373786,1
2025-10-04,HBO,58,203,4439,10.91421039017927,1
2025-10-04,Discovery,30,219,4777,9.868955226566872,1
2025-10-04,NationalGeographic,25,210,4461,10.311084860825103,1
2025-10-04,AnimalPlanet,22,207,4615,10.554413405435673,1
2025-10-04,HistoryTV18,35,192,4572,10.464725505388445,1
2025-10-04,CartoonNetwork,21,206,4578,9.534368440106423,1
2025-10-04,Pogo,-1,226,4440,9.806356655307095,1
2025-10-04,Nickelodeon,7,216,4824,10.508827270381273,1
2025-10-04,SonyMax,-8,192,4576,9.715118190449083,1
2025-10-04,ZeeTelugu,37,202,4685,9.897373699482308,1
2025-10-04,ETV,-3,198,4373,10.266448886479989,1
2025-10-04,GeminiTV,29,204,4530,10.294456377493253,1
2025-10-04,MaaTV,20,200,4822,10.70314199794394,1
2025-10-04,UdayaTV,18,227,4865,10.233265157624842,1
2025-10-04,SuryaTV,41,213,4610,9.865921654177214,1
2025-10-04,KTV,18,211,4581,9.807818532927689,1
2025-10-04,JayaTV,45,194,4424,9.453150664940026,1
2025-10-04,RajTV,43,211,4386,9.707177113078691,1
2025-10-04,KalaignarTV,39,191,4696,10.674031005751862,1
2025-10-04,DDNews,8,219,4376,10.546142447799733,1
2025-10-04,DDNational,45,196,4396,10.340693041968082,1
2025-10-04,DDSports,13,209,4663,10.281768621768487,1
2025-10-04,TenSports,57,226,4464,9.961613461782028,1
2025-10-04,StarSports,10,199,4337,9.847189149783588,1
2025-10-04,SonySports,19,221,4308,9.676848912725859,1
2025-10-04,Eurosport,50,216,4411,10.644734808894551,1
2025-10-04,CNBC,11,215,4641,10.03027575075806,1
2025-10-04,BloombergTV,5,226,4491,10.48657956244148,1
2025-10-04,BBCWorld,11,191,4415,10.384930475855697,1
2025-10-04,AlJazeera,47,216,4406,9.904979741624448,1
2025-10-04,France24,45,229,4669,9.650786420693535,1
2025-10-04,VH1,47,194,4702,9.525841054733824,1
2025-10-04,MTV,44,192,4638,9.90743919999664,1
2025-10-05,News24,532,1,829,4.401563555463478,0
2025-10-05,StarTV,520,16,1030,4.923649455904368,0
2025-10-05,ZeeTV,519,5,789,4.214800517403539,0
2025-10-05,SunTV,539,1,700,4.368509532455177,0
2025-10-05,ABPNews,551,11,904,4.750328580143903,0
2025-10-05,NDTV,528,1,863,3.983106935658468,0
2025-10-05,IndiaTV,527,2,1094,5.405663254663354,0
2025-10-05,CNNNews18,547,1,773,4.2461793976151085,0
2025-10-05,TimesNow,537,10,824,5.413025322674947,0
2025-10-05,RepublicTV,518,1,998,4.91362289929203,0
2025-10-05,TV9,546,1,890,4.827071981513097,0
2025-10-05,Asianet,508,1,959,5.242728600382785,0
2025-10-05,Colors,555,1,874,4.4121714941363726,0
2025-10-05,SonyTV,527,1,748,4.093857378059263,0
2025-10-05,StarPlus,493,1,1014,5.409384589738894,0
2025-10-05,ZeeCinema,539,1,806,4.334224906047181,0
2025-10-05,StarMovies,501,1,812,5.627169575929793,0
2025-10-05,HBO,545,1,893,4.652975014958445,0
2025-10-05,Discovery,511,1,1052,3.9753478586979085,0
2025-10-05,NationalGeographic,495,1,906,4.977790219412051,0
2025-10-05,AnimalPlanet,521,1,1016,4.135942077679953,0
2025-10-05,HistoryTV18,530,1,771,4.855460204039162,0
2025-10-05,CartoonNetwork,527,8,977,4.503199455690424,0
2025-10-05,Pogo,542,1,799,4.255355645638858,0
2025-10-05,Nickelodeon,492,1,1016,4.638792022561049,0
2025-10-05,SonyMax,533,3,782,4.625893156843619,0
2025-10-05,ZeeTelugu,517,1,734,4.236526621658339,0
2025-10-05,ETV,546,1,873,4.774739750360741,0
2025-10-05,GeminiTV,532,6,788,4.628871535958428,0
2025-10-05,MaaTV,497,1,721,3.9305855044483478,0
2025-10-05,UdayaTV,536,1,878,4.7427884393954,0
2025-10-05,SuryaTV,507,1,783,4.203483126826773,0
2025-10-05,KTV,508,9,1027,4.789186674368774,0
2025-10-05,JayaTV,518,2,881,4.278871986447696,0
2025-10-05,RajTV,544,11,927,5.1453457234223485,0
2025-10-05,KalaignarTV,546,1,824,4.723751455835937,0
2025-10-05,DDNews,516,1,1122,4.798815149545414,0
2025-10-05,DDNational,532,1,976,5.126985728876491,0
2025-10-05,DDSports,520,8,896,4.347665994342267,0
2025-10-05,TenSports,527,1,990,4.501832815432365,0
2025-10-05,StarSports,548,1,983,5.181477012407974,0
2025-10-05,SonySports,536,1,1110,4.379767255031378,0
2025-10-05,Eurosport,536,1,903,5.199237372748621,0
2025-10-05,CNBC,528,8,1046,5.546699477555156,0
2025-10-05,BloombergTV,536,1,936,4.894553618415162,0
2025-10-05,BBCWorld,535,1,787,5.258115062886426,0
2025-10-05,AlJazeera,528,1,954,4.617734634112845,0
2025-10-05,France24,540,6,799,4.606724724180771,0
2025-10-05,VH1,497,1,809,4.724879289504717,0
2025-10-05,MTV,524,1,1079,4.737153419296848,0
2025-10-06,News24,36,223,4553,9.222160143215405,1
2025-10-06,StarTV,62,223,4650,9.391479485120179,1
2025-10-06,ZeeTV,35,221,4300,10.344578772717133,1
2025-10-06,SunTV,5,212,4350,10.151513135293902,1
2025-10-06,ABPNews,40,218,4683,9.224660057882637,1
2025-10-06,NDTV,35,227,4551,9.300360578293825,1
2025-10-06,IndiaTV,12,209,4367,9.134065176352886,1
2025-10-06,CNNNews18,-4,199,4203,9.680269593200306,1
2025-10-06,TimesNow,55,207,4333,9.369620113589606,1
2025-10-06,RepublicTV,11,198,4458,9.410348052351264,1
2025-10-06,TV9,14,223,4632,10.56270510313014,1
2025-10-06,Asianet,55,191,4196,10.290414842721992,1
2025-10-06,Colors,15,205,4624,9.923415067245221,1
2025-10-06,SonyTV,17,226,4501,10.427959227027475,1
2025-10-06,StarPlus,41,228,4429,9.53368456007765,1
2025-10-06,ZeeCinema,33,217,4434,10.112249988814085,1
2025-10-06,StarMovies,58,204,4345,9.220313225509528,1
2025-10-06,HBO,39,188,4156,9.195538790145928,1
2025-10-06,Discovery,23,206,4243,9.166110192204282,1
2025-10-06,NationalGeographic,47,187,4620,9.815565486725061,1
2025-10-06,AnimalPlanet,17,214,4588,10.686546756235193,1
2025-10-06,HistoryTV18,43,212,4451,10.677816114594973,1
2025-10-06,CartoonNetwork,-7,205,4117,10.171040691369031,1
2025-10-06,Pogo,24,202,4873,9.97808939670993,1
2025-10-06,Nickelodeon,2,231,4770,9.869397180790559,1
2025-10-06,SonyMax,20,194,4512,10.125501247055917,1
2025-10-06,ZeeTelugu,14,222,4370,9.683855226873673,1
2025-10-06,ETV,40,189,4521,10.252761418140159,1
2025-10-06,GeminiTV,12,210,4172,9.34168918618876,1
2025-10-06,MaaTV,48,223,4699,9.919886091583635,1
2025-10-06,UdayaTV,18,227,4387,9.207603212361805,1
2025-10-06,SuryaTV,43,197,4400,9.542900587010696,1
2025-10-06,KTV,5,202,4655,9.933804839151371,1
2025-10-06,JayaTV,24,211,4731,9.969777933336202,1
2025-10-06,RajTV,39,205,4453,10.321611165040164,1
2025-10-06,KalaignarTV,54,225,4699,10.38148169874371,1
2025-10-06,DDNews,35,221,4801,10.446049435621777,1
2025-10-06,DDNational,62,215,4631,9.985411057541244,1
2025-10-06,DDSports,20,233,4434,9.423193865222965,1
2025-10-06,TenSports,55,192,4559,9.232720982126523,1
2025-10-06,StarSports,22,189,4653,9.47195553380921,1
2025-10-06,SonySports,10,223,4783,10.494136260249308,1
2025-10-06,Eurosport,46,194,4343,9.956160819870824,1
2025-10-06,CNBC,-9,203,4746,9.989089784501706,1
2025-10-06,BloombergTV,43,193,4553,10.083981944920176,1
2025-10-06,BBCWorld,21,217,4726,9.433986143428728,1
2025-10-06,AlJazeera,-13,194,4415,9.245670830796463,1
2025-10-06,France24,49,206,4508,9.686819906020968,1
2025-10-06,VH1,49,218,4851,9.617366235100313,1
2025-10-06,MTV,21,195,4600,9.770627030582569,1
2025-10-07,News24,519,1,929,3.935830839353737,0
2025-10-07,StarTV,465,11,605,3.8559119697075936,0
2025-10-07,ZeeTV,484,1,807,3.966812037101188,0
2025-10-07,SunTV,502,1,865,4.969993971923249,0
2025-10-07,ABPNews,516,3,1035,4.5908141992943685,0
2025-10-07,NDTV,491,17,929,4.4934195022369785,0
2025-10-07,IndiaTV,464,2,872,4.501337430117667,0
2025-10-07,CNNNews18,475,1,738,4.928097522806611,0
2025-10-07,TimesNow,464,6,844,4.897076172023366,0
2025-10-07,RepublicTV,479,2,923,5.096869909516472,0
2025-10-07,TV9,520,1,860,3.916075491132895,0
2025-10-07,Asianet,499,1,798,4.251216185609513,0
2025-10-07,Colors,483,3,844,4.338312496975322,0
2025-10-07,SonyTV,533,14,792,4.223903537522932,0
2025-10-07,StarPlus,485,1,922,3.9605691693887244,0
2025-10-07,ZeeCinema,505,7,1028,4.5639955532138785,0
2025-10-07,StarMovies,512,7,823,4.560356797211889,0
2025-10-07,HBO,489,1,676,4.4711349984309186,0
2025-10-07,Discovery,509,6,599,5.225833466458775,0
2025-10-07,NationalGeographic,525,1,695,4.3564451527998775,0
2025-10-07,AnimalPlanet,481,1,652,4.930950313955237,0
2025-10-07,HistoryTV18,495,1,973,4.137802099233028,0
2025-10-07,CartoonNetwork,486,11,797,4.178101151596954,0
2025-10-07,Pogo,505,1,904,4.021394224734827,0
2025-10-07,Nickelodeon,479,1,783,4.527755522971902,0
2025-10-07,SonyMax,492,1,962,3.7284328007457996,0
2025-10-07,ZeeTelugu,479,1,675,3.7930847910745844,0
2025-10-07,ETV,506,1,881,4.0910640133318,0
2025-10-07,GeminiTV,513,14,974,4.788266878268527,0
2025-10-07,MaaTV,513,4,950,4.719941164668728,0
2025-10-07,UdayaTV,497,15,647,4.023236394049279,0
2025-10-07,SuryaTV,486,12,975,4.951630186573826,0
2025-10-07,KTV,477,8,715,3.619261613807212,0
2025-10-07,JayaTV,517,15,932,4.249150639663397,0
2025-10-07,RajTV,458,4,1060,4.539082270844612,0
2025-10-07,KalaignarTV,484,1,695,3.657716490778605,0
2025-10-07,DDNews,507,2,972,4.160897121517389,0
2025-10-07,DDNational,509,5,891,4.519324553648894,0
2025-10-07,DDSports,504,1,887,3.63514598409413,0
2025-10-07,TenSports,510,1,773,4.919526968472437,0
2025-10-07,StarSports,483,12,974,4.758143593622009,0
2025-10-07,SonySports,501,1,807,4.28858521955994,0
2025-10-07,Eurosport,478,13,1071,4.909637080836316,0
2025-10-07,CNBC,522,1,888,3.7594856881441014,0
2025-10-07,BloombergTV,497,1,859,3.8154195605102283,0
2025-10-07,BBCWorld,473,8,883,3.5205407898293752,0
2025-10-07,AlJazeera,469,6,596,4.348909785881946,0
2025-10-07,France24,496,1,1017,3.7410278989469674,0
2025-10-07,VH1,512,1,696,4.684113382972284,0
2025-10-07,MTV,481,10,665,5.039193722700618,0
2025-10-08,News24,40,194,4814,10.001687390009929,1
2025-10-08,StarTV,58,194,4562,10.67287998397776,1
2025-10-08,ZeeTV,10,209,4597,9.767421226037804,1
2025-10-08,SunTV,59,222,4499,10.228491049609428,1
2025-10-08,ABPNews,22,208,4577,10.22290364410489,1
2025-10-08,NDTV,14,227,4829,9.888525887655472,1
2025-10-08,IndiaTV,32,212,4398,10.690531588301257,1
2025-10-08,CNNNews18,49,217,4575,9.672703024792106,1
2025-10-08,TimesNow,41,214,4705,10.479306802060615,1
2025-10-08,RepublicTV,38,213,4722,9.839801895966456,1
2025-10-08,TV9,30,236,4547,10.496282989807563,1
2025-10-08,Asianet,36,208,4652,10.505571427815495,1
2025-10-08,Colors,36,217,4780,10.219190577889208,1
2025-10-08,SonyTV,35,196,4610,10.136792267579226,1
2025-10-08,StarPlus,9,229,4850,10.43902509466061,1
2025-10-08,ZeeCinema,23,224,4289,10.863008329258593,1
2025-10-08,StarMovies,5,200,4683,10.79542038381109,1
2025-10-08,HBO,1,241,4552,10.682396498368714,1
2025-10-08,Discovery,4,195,4699,9.951658434038002,1
2025-10-08,NationalGeographic,30,226,4729,10.607006808704304,1
2025-10-08,AnimalPlanet,3,215,4782,10.881963398600059,1
2025-10-08,HistoryTV18,58,217,4441,9.513141020989385,1
2025-10-08,CartoonNetwork,1,218,4472,9.722459979039588,1
2025-10-08,Pogo,6,231,4440,10.205140472625551,1
2025-10-08,Nickelodeon,7,198,4855,10.58929487534347,1
2025-10-08,SonyMax,18,229,4740,10.024140643419159,1
2025-10-08,ZeeTelugu,34,228,4521,10.295144897136733,1
2025-10-08,ETV,40,226,4528,9.582461158913217,1
2025-10-08,GeminiTV,9,196,4453,9.999556122364321,1
2025-10-08,MaaTV,49,231,4733,10.243816697030816,1
2025-10-08,UdayaTV,5,218,4584,10.22094865190675,1
2025-10-08,SuryaTV,2,237,4597,10.596605378495427,1
2025-10-08,KTV,11,239,4879,9.977420967357208,1
2025-10-08,JayaTV,16,232,4789,10.921413736814367,1
2025-10-08,RajTV,55,225,4357,10.459141592893532,1
2025-10-08,KalaignarTV,12,212,4577,11.042787081296202,1
2025-10-08,DDNews,20,205,4826,9.724116464779096,1
2025-10-08,DDNational,21,211,4408,10.550365803296325,1
2025-10-08,DDSports,3,227,4300,10.581006713399205,1
2025-10-08,TenSports,43,232,4224,9.91987928838104,1
2025-10-08,StarSports,34,212,4632,9.375917523681016,1
2025-10-08,SonySports,43,233,4799,10.398075207245254,1
2025-10-08,Eurosport,18,239,4640,10.827844726300736,1
2025-10-08,CNBC,21,240,4480,9.958391079265967,1
2025-10-08,BloombergTV,35,215,4728,10.082634687750069,1
2025-10-08,BBCWorld,8,203,4784,9.836478104312,1
2025-10-08,AlJazeera,21,233,4707,10.173871642071441,1
2025-10-08,France24,40,209,4823,9.92388654912153,1
2025-10-08,VH1,-3,213,5004,10.308834706116578,1
2025-10-08,MTV,-1,211,4886,9.69628538113333,1
2025-10-09,News24,545,1,955,5.179123866981991,0
2025-10-09,StarTV,553,1,821,5.130690990172123,0
2025-10-09,ZeeTV,564,1,870,4.37894429735251,0
2025-10-09,SunTV,560,1,917,4.742455366274997,0
2025-10-09,ABPNews,542,1,964,4.943269199039406,0
2025-10-09,NDTV,525,1,1063,5.173908217448919,0
2025-10-09,IndiaTV,541,1,988,5.0165784820262855,0
2025-10-09,CNNNews18,543,1,718,5.392849083448314,0
2025-10-09,TimesNow,520,14,918,4.7918350107196925,0
2025-10-09,RepublicTV,532,1,943,4.763167000675041,0
2025-10-09,TV9,551,1,775,4.667572952552591,0
2025-10-09,Asianet,525,7,850,4.709251459147422,0
2025-10-09,Colors,521,1,925,5.669710193047399,0
2025-10-09,SonyTV,539,1,1003,4.493419397093105,0
2025-10-09,StarPlus,534,1,701,4.494679315652842,0
2025-10-09,ZeeCinema,530,1,1153,5.055774253897263,0
2025-10-09,StarMovies,555,1,996,4.872379735562723,0
2025-10-09,HBO,558,4,1077,5.692859417701336,0
2025-10-09,Discovery,549,1,938,5.284224683274371,0
2025-10-09,NationalGeographic,526,1,1026,4.691946022484906,0
2025-10-09,AnimalPlanet,562,4,971,5.436994289267986,0
2025-10-09,HistoryTV18,512,1,798,5.667114181364255,0
2025-10-09,CartoonNetwork,556,1,1028,4.24948344889632,0
2025-10-09,Pogo,555,2,891,4.846407671259233,0
2025-10-09,Nickelodeon,510,1,788,4.976888794019009,0
2025-10-09,SonyMax,538,6,1044,4.471595849377508,0
2025-10-09,ZeeTelugu,515,1,854,5.114173419833333,0
2025-10-09,ETV,510,1,959,4.716444642264058,0
2025-10-09,GeminiTV,531,1,829,5.521820649945566,0
2025-10-09,MaaTV,540,12,691,5.6323972075166235,0
2025-10-09,UdayaTV,559,2,792,5.1377435753989085,0
2025-10-09,SuryaTV,556,1,754,5.668051121068456,0
2025-10-09,KTV,532,1,1009,4.109130048733667,0
2025-10-09,JayaTV,570,1,940,5.417158597086472,0
2025-10-09,RajTV,528,1,1101,5.52482154773218,0
2025-10-09,KalaignarTV,546,1,918,4.987571198897382,0
2025-10-09,DDNews,569,1,974,4.841973750510572,0
2025-10-09,DDNational,532,1,924,4.8307646895639165,0
2025-10-09,DDSports,500,7,811,5.26620596317634,0
2025-10-09,TenSports,507,1,1001,5.345833271613549,0
2025-10-09,StarSports,512,1,1009,4.825980324641204,0
2025-10-09,SonySports,532,2,1002,5.414828729461983,0
2025-10-09,Eurosport,520,1,983,4.579736078157084,0
2025-10-09,CNBC,529,1,943,4.855289176107166,0
2025-10-09,BloombergTV,541,1,887,5.457520802550559,0
2025-10-09,BBCWorld,552,1,1140,5.640658785590522,0
2025-10-09,AlJazeera,518,3,678,4.7588049547022475,0
2025-10-09,France24,527,1,959,5.10394184756898,0
2025-10-09,VH1,548,1,1033,5.523713400342465,0
2025-10-09,MTV,527,8,740,4.67199668932897,0
2025-10-10,News24,51,219,4833,10.331423978313282,1
2025-10-10,StarTV,21,239,4863,10.464083225759623,1
2025-10-10,ZeeTV,7,213,4859,10.556208467289323,1
2025-10-10,SunTV,2,223,4449,11.0229219778464,1
2025-10-10,ABPNews,23,229,4733,10.258614414475,1
2025-10-10,NDTV,44,231,4414,9.908470025787143,1
2025-10-10,IndiaTV,11,233,4892,9.483498687621681,1
2025-10-10,CNNNews18,42,222,4697,10.58516098463891,1
2025-10-10,TimesNow,-5,199,4433,9.83263556583476,1
2025-10-10,RepublicTV,20,245,4625,9.944086215025873,1
2025-10-10,TV9,41,208,4534,9.279211304612774,1
2025-10-10,Asianet,13,215,4488,10.635910532425884,1
2025-10-10,Colors,37,230,4852,10.257049854380885,1
2025-10-10,SonyTV,13,240,4460,9.9692006457733,1
2025-10-10,StarPlus,43,214,4760,10.877412589780128,1
2025-10-10,ZeeCinema,17,235,4467,10.14988726411443,1
2025-10-10,StarMovies,15,234,4993,9.815352898539153,1
2025-10-10,HBO,56,235,4816,10.954533541053582,1
2025-10-10,Discovery,8,209,4577,10.269305776054933,1
2025-10-10,NationalGeographic,31,214,4851,10.800863941140065,1
2025-10-10,AnimalPlanet,43,230,4455,10.19503441152727,1
2025-10-10,HistoryTV18,14,234,4421,9.52847091658558,1
2025-10-10,CartoonNetwork,51,200,4311,10.783336963813067,1
2025-10-10,Pogo,12,203,4534,10.761596263410851,1
2025-10-10,Nickelodeon,22,223,4672,9.401556074817247,1
2025-10-10,SonyMax,48,208,4322,10.57032084555869,1
2025-10-10,ZeeTelugu,15,231,4599,10.151834423187708,1
2025-10-10,ETV,46,232,4554,9.892899019830088,1
2025-10-10,GeminiTV,9,218,4527,10.759522103046002,1
2025-10-10,MaaTV,0,232,4755,9.80136137720221,1
2025-10-10,UdayaTV,7,222,4897,10.031576304399735,1
2025-10-10,SuryaTV,44,219,4694,10.539894016077225,1
2025-10-10,KTV,6,232,4807,10.480261122477286,1
2025-10-10,JayaTV,26,234,4446,9.981675117493145,1
2025-10-10,RajTV,38,239,4399,11.176938782259816,1
2025-10-10,KalaignarTV,3,195,4653,9.632616893685073,1
2025-10-10,DDNews,35,234,4883,10.35738539400763,1
2025-10-10,DDNational,3,234,4954,10.839786290670157,1
2025-10-10,DDSports,41,215,4392,11.187170191364586,1
2025-10-10,TenSports,54,208,4614,10.377775960039976,1
2025-10-10,StarSports,68,198,4728,9.85423464617461,1
2025-10-10,SonySports,14,233,4678,10.919297205667565,1
2025-10-10,Eurosport,-8,239,4802,10.26484980079566,1
2025-10-10,CNBC,4,235,4828,10.27150524055263,1
2025-10-10,BloombergTV,36,233,4846,10.615919071107811,1
2025-10-10,BBCWorld,25,242,4764,10.045228671518824,1
2025-10-10,AlJazeera,45,195,4611,10.858242960950728,1
2025-10-10,France24,53,230,4876,11.009195322140444,1
2025-10-10,VH1,11,232,4853,11.047245722294592,1
2025-10-10,MTV,16,226,4681,10.544581657236943,1
2025-10-11,News24,528,1,953,3.9885522466512415,0
2025-10-11,StarTV,498,1,848,4.047943596238121,0
2025-10-11,ZeeTV,527,1,1088,4.302080885467373,0
2025-10-11,SunTV,542,1,745,4.3870709568737265,0
2025-10-11,ABPNews,502,1,659,3.933029550665635,0
2025-10-11,NDTV,514,1,907,4.444135188836561,0
2025-10-11,IndiaTV,481,1,683,4.524605287996537,0
2025-10-11,CNNNews18,524,8,871,3.930148369966734,0
2025-10-11,TimesNow,521,1,926,4.574069638778461,0
2025-10-11,RepublicTV,508,1,709,4.100616599860686,0
2025-10-11,TV9,484,12,760,4.105045977269264,0
2025-10-11,Asianet,532,1,714,3.8314308735733626,0
2025-10-11,Colors,491,1,690,4.65543285146303,0
2025-10-11,SonyTV,523,1,932,5.080716077386025,0
2025-10-11,StarPlus,482,8,1060,4.075033117231901,0
2025-10-11,ZeeCinema,487,1,729,4.192481841687904,0
2025-10-11,StarMovies,518,1,843,4.852195531685691,0
2025-10-11,HBO,520,4,935,4.9531535894006025,0
2025-10-11,Discovery,490,5,1114,4.946476791809136,0
2025-10-11,NationalGeographic,500,1,921,4.205716277884083,0
2025-10-11,AnimalPlanet,512,1,970,4.8687704335557696,0
2025-10-11,HistoryTV18,484,1,680,5.085131824101872,0
2025-10-11,CartoonNetwork,476,5,980,4.21645600797309,0
2025-10-11,Pogo,493,1,1112,4.926878948750431,0
2025-10-11,Nickelodeon,480,5,913,5.119052488783567,0
2025-10-11,SonyMax,486,1,1024,3.758348916953518,0
2025-10-11,ZeeTelugu,499,10,660,4.831291977667472,0
2025-10-11,ETV,505,6,781,3.9432362483123833,0
2025-10-11,GeminiTV,516,1,583,3.9802564698632557,0
2025-10-11,MaaTV,516,1,930,4.52457979553354,0
2025-10-11,UdayaTV,486,1,905,4.908226189823925,0
2025-10-11,SuryaTV,542,1,862,4.080412729373108,0
2025-10-11,KTV,498,1,723,4.812084401781109,0
2025-10-11,JayaTV,494,13,859,4.067323207761578,0
2025-10-11,RajTV,486,1,891,4.746235393265549,0
2025-10-11,KalaignarTV,493,1,808,4.980674053594704,0
2025-10-11,DDNews,523,1,972,4.974714575636945,0
2025-10-11,DDNational,484,1,631,4.913546405315817,0
2025-10-11,DDSports,512,1,952,3.746250459637573,0
2025-10-11,TenSports,512,1,701,4.945807782823264,0
2025-10-11,StarSports,527,1,876,4.502693275409279,0
2025-10-11,SonySports,496,1,683,4.438919717839985,0
2025-10-11,Eurosport,501,1,790,4.5531801866113994,0
2025-10-11,CNBC,532,1,968,4.49109856829242,0
2025-10-11,BloombergTV,481,3,760,3.807851951580573,0
2025-10-11,BBCWorld,526,1,956,5.104773491187814,0
2025-10-11,AlJazeera,487,2,1005,4.050179310485425,0
2025-10-11,France24,474,1,742,4.9675805198107295,0
2025-10-11,VH1,487,1,928,4.37058509728687,0
2025-10-11,MTV,533,1,706,5.280013500305906,0
2025-10-12,News24,14,210,4955,10.437142931099672,1
2025-10-12,StarTV,1,215,4749,10.38148403821106,1
2025-10-12,ZeeTV,48,214,4993,10.181436927566434,1
2025-10-12,SunTV,4,223,4801,9.65587557811629,1
2025-10-12,ABPNews,14,215,4710,10.423188571865543,1
2025-10-12,NDTV,36,215,4897,9.742490982427865,1
2025-10-12,IndiaTV,6,204,4630,11.223272402423412,1
2025-10-12,CNNNews18,-9,243,4593,10.383376729309976,1
2025-10-12,TimesNow,-3,250,4650,10.231341300990108,1
2025-10-12,RepublicTV,1,233,4639,10.329723157346365,1
2025-10-12,TV9,20,219,5041,10.020043628613145,1
2025-10-12,Asianet,5,218,4848,10.842325230893241,1
2025-10-12,Colors,29,232,4680,10.797845679432408,1
2025-10-12,SonyTV,-15,219,4745,10.524057505195318,1
2025-10-12,StarPlus,-12,201,5032,10.2414890426703,1
2025-10-12,ZeeCinema,45,213,4587,10.621554552975208,1
2025-10-12,StarMovies,20,210,4861,11.012382876191122,1
2025-10-12,HBO,-2,203,4621,9.820202442771473,1
2025-10-12,Discovery,35,221,4614,10.343986320203511,1
2025-10-12,NationalGeographic,35,226,4728,10.366521857504225,1
2025-10-12,AnimalPlanet,27,222,4542,10.29785948420534,1
2025-10-12,HistoryTV18,34,232,4825,10.59989360420497,1
2025-10-12,CartoonNetwork,37,237,4980,9.722748239892486,1
2025-10-12,Pogo,10,213,4658,10.344959516802348,1
2025-10-12,Nickelodeon,14,211,4942,10.54802476440266,1
2025-10-12,SonyMax,30,210,4473,10.810139246470786,1
2025-10-12,ZeeTelugu,6,222,4517,10.125427588530021,1
2025-10-12,ETV,10,204,4878,9.82743946750903,1
2025-10-12,GeminiTV,7,228,4628,9.97644829369172,1
2025-10-12,MaaTV,1,238,4980,9.613569174205292,1
2025-10-12,UdayaTV,-4,201,4689,10.690272748471848,1
2025-10-12,SuryaTV,38,235,4615,9.60219178397868,1
2025-10-12,KTV,-12,220,4982,10.636572648438458,1
2025-10-12,JayaTV,53,221,4679,10.532553749596545,1
2025-10-12,RajTV,-1,233,4763,9.750736734679618,1
2025-10-12,KalaignarTV,18,212,5092,11.081766152183524,1
2025-10-12,DDNews,14,239,4841,9.66232176659094,1
2025-10-12,DDNational,21,248,4864,9.489308745279653,1
2025-10-12,DDSports,34,230,4888,10.981679589753698,1
2025-10-12,TenSports,29,251,4782,10.462383866512862,1
2025-10-12,StarSports,29,234,4886,10.198919460957619,1
2025-10-12,SonySports,-3,213,4989,10.921396111620494,1
2025-10-12,Eurosport,33,219,4766,10.418123150877179,1
2025-10-12,CNBC,61,216,4518,9.776629691197929,1
2025-10-12,BloombergTV,-6,237,4396,11.130470641392312,1
2025-10-12,BBCWorld,50,215,4614,10.950546608992056,1
2025-10-12,AlJazeera,-14,246,4930,10.286381264151292,1
2025-10-12,France24,18,216,5009,9.869123026825365,1
2025-10-12,VH1,38,215,5034,10.884373472979824,1
2025-10-12,MTV,9,229,4677,10.990216117812224,1
2025-10-13,News24,542,1,696,5.41478920698667,0
2025-10-13,StarTV,569,1,865,4.253715582353514,0
2025-10-13,ZeeTV,544,8,1160,5.264065328569372,0
2025-10-13,SunTV,577,1,1015,5.126064993937942,0
2025-10-13,ABPNews,543,9,808,4.223505935974231,0
2025-10-13,NDTV,544,1,906,5.550371861219742,0
2025-10-13,IndiaTV,570,1,943,4.928793299005143,0
2025-10-13,CNNNews18,544,1,1179,5.485539861768229,0
2025-10-13,TimesNow,550,2,847,5.158928289150711,0
2025-10-13,RepublicTV,512,1,997,5.6621950304036295,0
2025-10-13,TV9,539,2,926,4.223912102350699,0
2025-10-13,Asianet,508,5,1122,4.36492897756219,0
2025-10-13,Colors,553,1,913,4.201218873561938,0
2025-10-13,SonyTV,531,1,750,4.3313287647195295,0
2025-10-13,StarPlus,523,1,955,5.215320971076044,0
2025-10-13,ZeeCinema,564,1,969,4.1554243571600376,0
2025-10-13,StarMovies,545,1,754,5.4121642790012405,0
2025-10-13,HBO,547,1,1056,5.069181485149297,0
2025-10-13,Discovery,566,1,826,4.433770786153977,0
2025-10-13,NationalGeographic,542,1,1047,4.8151273902502085,0
2025-10-13,AnimalPlanet,555,1,1034,4.913477155472958,0
2025-10-13,HistoryTV18,528,7,1120,4.136110482590502,0
2025-10-13,CartoonNetwork,556,2,902,5.121757440778752,0
2025-10-13,Pogo,520,1,1151,5.216515272470366,0
2025-10-13,Nickelodeon,558,1,1115,4.394553569797596,0
2025-10-13,SonyMax,570,1,951,4.7152611982054,0
2025-10-13,ZeeTelugu,559,1,754,4.24413651819781,0
2025-10-13,ETV,540,1,1012,4.44096893533552,0
2025-10-13,GeminiTV,521,1,718,5.40698498589846,0
2025-10-13,MaaTV,577,1,972,5.143275642818785,0
2025-10-13,UdayaTV,535,1,1087,4.832219899774212,0
2025-10-13,SuryaTV,553,10,887,5.02845158948932,0
2025-10-13,KTV,510,8,840,4.161327075610979,0
2025-10-13,JayaTV,539,1,1019,4.507707547722354,0
2025-10-13,RajTV,508,6,986,4.742561146807056,0
2025-10-13,KalaignarTV,556,1,808,4.661718549787196,0
2025-10-13,DDNews,534,1,802,4.298429565524042,0
2025-10-13,DDNational,572,1,1177,5.338071145157071,0
2025-10-13,DDSports,534,1,816,4.730196827366028,0
2025-10-13,TenSports,538,1,995,4.501544176489852,0
2025-10-13,StarSports,544,1,983,4.948557027858451,0
2025-10-13,SonySports,542,1,722,4.570095599037977,0
2025-10-13,Eurosport,536,1,994,4.455855803737751,0
2025-10-13,CNBC,510,1,1097,4.387676625541538,0
2025-10-13,BloombergTV,532,1,996,4.606262300806915,0
2025-10-13,BBCWorld,559,1,1081,4.848381960653115,0
2025-10-13,AlJazeera,540,3,952,5.118032565634393,0
2025-10-13,France24,524,10,944,5.169897030783801,0
2025-10-13,VH1,578,1,1086,4.377147969241738,0
2025-10-13,MTV,574,1,813,4.254727258178811,0
2025-10-14,News24,38,220,5000,10.358528251775057,1
2025-10-14,StarTV,29,217,4769,10.27204751060089,1
2025-10-14,ZeeTV,48,222,4702,9.974757456450323,1
2025-10-14,SunTV,36,237,4825,10.865641842530072,1
2025-10-14,ABPNews,45,201,4994,9.643182684499772,1
2025-10-14,NDTV,48,213,4479,9.755501415699262,1
2025-10-14,IndiaTV,47,240,4673,9.58104117968492,1
2025-10-14,CNNNews18,27,233,4973,9.804736537439295,1
2025-10-14,TimesNow,59,218,4969,9.109806520046249,1
2025-10-14,RepublicTV,32,236,4643,10.610352875341546,1
2025-10-14,TV9,-3,224,4841,10.84038296917087,1
2025-10-14,Asianet,56,244,4496,9.895586851185834,1
2025-10-14,Colors,39,218,4896,9.910912042271859,1
2025-10-14,SonyTV,25,233,4629,9.834427513962302,1
2025-10-14,StarPlus,2,223,4785,10.662371410177524,1
2025-10-14,ZeeCinema,38,202,4563,10.003365026954446,1
2025-10-14,StarMovies,-11,227,4580,9.72637770249164,1
2025-10-14,HBO,57,235,4699,10.144059964001162,1
2025-10-14,Discovery,50,226,4508,9.695472853035032,1
2025-10-14,NationalGeographic,42,223,4796,10.187451034353415,1
2025-10-14,AnimalPlanet,23,246,4623,10.400418163755152,1
2025-10-14,HistoryTV18,32,237,5011,10.226507406299964,1
2025-10-14,CartoonNetwork,29,237,4689,9.864351993771164,1
2025-10-14,Pogo,41,235,4917,10.443068896931369,1
2025-10-14,Nickelodeon,50,210,4565,10.091876739402705,1
2025-10-14,SonyMax,37,237,4593,11.084599855492902,1
2025-10-14,ZeeTelugu,16,215,4894,9.998454917756375,1
2025-10-14,ETV,32,221,4573,10.711532606769259,1
2025-10-14,GeminiTV,63,221,4891,9.80909719568913,1
2025-10-14,MaaTV,10,209,4703,10.015619714499223,1
2025-10-14,UdayaTV,30,231,4766,9.957343855131002,1
2025-10-14,SuryaTV,40,226,4540,10.81276610091346,1
2025-10-14,KTV,54,230,4690,9.740070574069462,1
2025-10-14,JayaTV,25,224,4324,10.139439209843081,1
2025-10-14,RajTV,33,214,4653,9.75929211161475,1
2025-10-14,KalaignarTV,60,216,4882,10.300879706193305,1
2025-10-14,DDNews,23,232,4905,10.604161036774329,1
2025-10-14,DDNational,50,213,4301,9.851789160385703,1
2025-10-14,DDSports,21,208,4420,9.276567453353866,1
2025-10-14,TenSports,28,239,4890,9.239719360600898,1
2025-10-14,StarSports,46,222,4411,10.49470958260655,1
2025-10-14,SonySports,7,203,5000,9.359826216075604,1
2025-10-14,Eurosport,28,231,4633,10.563253000771896,1
2025-10-14,CNBC,58,216,4276,10.278184502573419,1
2025-10-14,BloombergTV,49,219,5042,10.456892525762054,1
2025-10-14,BBCWorld,-5,209,4640,10.024301256974974,1
2025-10-14,AlJazeera,-3,218,4879,10.0877341995991,1
2025-10-14,France24,47,201,4868,10.204993899414816,1
2025-10-14,VH1,45,222,4627,10.410728310194797,1
2025-10-14,MTV,43,211,4708,10.269028265343955,1
2025-10-15,News24,533,1,834,5.368170138910283,0
2025-10-15,StarTV,523,1,1138,4.547694347538791,0
2025-10-15,ZeeTV,531,8,1009,3.8040234386438456,0
2025-10-15,SunTV,516,1,954,4.737624734367097,0
2025-10-15,ABPNews,487,1,989,5.030846284589928,0
2025-10-15,NDTV,513,4,722,4.611981874651869,0
2025-10-15,IndiaTV,525,1,766,4.261519816884604,0
2025-10-15,CNNNews18,529,1,883,4.492485821229216,0
2025-10-15,TimesNow,522,1,911,5.165304258564253,0
2025-10-15,RepublicTV,520,1,868,4.883940329884786,0
2025-10-15,TV9,507,4,1054,5.076860566840143,0
2025-10-15,Asianet,494,1,832,5.380295253566262,0
2025-10-15,Colors,516,9,962,4.8961547413442785,0
2025-10-15,SonyTV,545,6,997,4.601175586882078,0
2025-10-15,StarPlus,489,1,1126,3.871734470492098,0
2025-10-15,ZeeCinema,495,3,882,5.250712063616514,0
2025-10-15,StarMovies,538,7,929,4.324882073345063,0
2025-10-15,HBO,479,1,878,5.0039396401967915,0
2025-10-15,Discovery,503,1,791,4.574746075250763,0
2025-10-15,NationalGeographic,538,1,824,5.340704153548194,0
2025-10-15,AnimalPlanet,525,12,864,5.281711979131305,0
2025-10-15,HistoryTV18,532,3,926,4.325414833565997,0
2025-10-15,CartoonNetwork,535,1,881,4.9687789018218655,0
2025-10-15,Pogo,512,1,844,4.4691058750873145,0
2025-10-15,Nickelodeon,508,3,956,5.162143541035475,0
2025-10-15,SonyMax,529,1,853,4.6896633170716235,0
2025-10-15,ZeeTelugu,515,1,797,4.2852135784562995,0
2025-10-15,ETV,540,1,656,4.404922685922226,0
2025-10-15,GeminiTV,516,2,812,4.992773669997005,0
2025-10-15,MaaTV,495,1,849,5.214356681252705,0
2025-10-15,UdayaTV,515,3,737,4.271576913744725,0
2025-10-15,SuryaTV,478,1,961,4.357556495160222,0
2025-10-15,KTV,510,5,740,5.0485284043486605,0
2025-10-15,JayaTV,520,4,1018,4.18242886726971,0
2025-10-15,RajTV,496,1,1120,4.335762894595899,0
2025-10-15,KalaignarTV,478,6,976,4.479044343937839,0
2025-10-15,DDNews,545,1,834,4.184539624783369,0
2025-10-15,DDNational,513,5,789,4.354409903724073,0
2025-10-15,DDSports,518,1,624,4.4160194340478975,0
2025-10-15,TenSports,478,1,1008,4.139920101208833,0
2025-10-15,StarSports,518,1,822,5.168408721473634,0
2025-10-15,SonySports,518,1,948,4.856166401652582,0
2025-10-15,Eurosport,543,1,735,5.479959552548265,0
2025-10-15,CNBC,490,1,1095,4.599061825203762,0
2025-10-15,BloombergTV,483,1,802,3.9992161586704036,0
2025-10-15,BBCWorld,508,1,708,4.489986902229154,0
2025-10-15,AlJazeera,509,1,959,4.436986158576813,0
2025-10-15,France24,487,1,997,5.5045503835315674,0
2025-10-15,VH1,543,1,942,5.080323032423131,0
2025-10-15,MTV,509,1,861,4.07384283642387,0
2025-10-16,News24,20,211,4725,10.544125111573031,1
2025-10-16,StarTV,30,218,4455,10.712626236393243,1
2025-10-16,ZeeTV,40,211,4679,10.443894233252585,1
2025-10-16,SunTV,37,219,4532,10.360175579973767,1
2025-10-16,ABPNews,29,234,5098,10.044368487496234,1
2025-10-16,NDTV,23,208,5011,11.179847769465518,1
2025-10-16,IndiaTV,-10,223,4760,10.94300509228584,1
2025-10-16,CNNNews18,21,221,4782,9.984778269197834,1
2025-10-16,TimesNow,56,247,4776,9.694103599387896,1
2025-10-16,RepublicTV,42,231,4561,10.60605369621869,1
2025-10-16,TV9,49,236,4682,11.10903097918916,1
2025-10-16,Asianet,15,230,5051,10.574296311297065,1
2025-10-16,Colors,6,235,4525,9.788117469765409,1
2025-10-16,SonyTV,2,202,4750,10.758261026078864,1
2025-10-16,StarPlus,5,212,4730,10.453463512853729,1
2025-10-16,ZeeCinema,-2,221,4822,9.984755064930813,1
2025-10-16,StarMovies,30,204,4456,10.409075372226944,1
2025-10-16,HBO,52,231,4772,11.267731722790476,1
2025-10-16,Discovery,45,211,4864,10.657499619958102,1
2025-10-16,NationalGeographic,25,227,4671,9.974567631565309,1
2025-10-16,AnimalPlanet,38,230,4574,11.192857614356447,1
2025-10-16,HistoryTV18,2,230,4629,10.168731898914908,1
2025-10-16,CartoonNetwork,5,241,4781,10.533127957672429,1
2025-10-16,Pogo,13,213,4905,10.261065694618788,1
2025-10-16,Nickelodeon,10,201,4628,10.177581585509492,1
2025-10-16,SonyMax,13,237,4616,10.229973645433585,1
2025-10-16,ZeeTelugu,32,215,4797,10.192837394713434,1
2025-10-16,ETV,14,236,5021,9.890171932224964,1
2025-10-16,GeminiTV,-6,239,4873,10.727272259519548,1
2025-10-16,MaaTV,29,228,4595,9.926021192200343,1
2025-10-16,UdayaTV,39,240,4684,10.66941562261902,1
2025-10-16,SuryaTV,-3,217,4885,10.507914388949919,1
2025-10-16,KTV,48,241,4377,10.622429818528444,1
2025-10-16,JayaTV,-14,229,4622,10.613266625378042,1
2025-10-16,RajTV,41,218,5160,10.300546112682639,1
2025-10-16,KalaignarTV,-10,217,4778,10.370246595418111,1
2025-10-16,DDNews,3,218,4853,9.702321522708017,1
2025-10-16,DDNational,38,229,4808,10.185554532128583,1
2025-10-16,DDSports,31,238,4676,9.861040090295809,1
2025-10-16,TenSports,27,211,4696,10.874774253899314,1
2025-10-16,StarSports,23,202,4964,10.192058392393106,1
2025-10-16,SonySports,26,221,4746,10.210550408383362,1
2025-10-16,Eurosport,1,236,4743,10.234860116089664,1
2025-10-16,CNBC,55,219,5058,11.215087565007385,1
2025-10-16,BloombergTV,10,218,4860,10.315310824850076,1
2025-10-16,BBCWorld,36,247,4877,11.006231675939588,1
2025-10-16,AlJazeera,39,227,5032,9.656144370898058,1
2025-10-16,France24,-11,221,4712,9.922765179522534,1
2025-10-16,VH1,50,213,4855,10.219286981827528,1
2025-10-16,MTV,21,230,4985,9.893072295802058,1
2025-10-17,News24,522,6,794,4.607666167470727,0
2025-10-17,StarTV,545,4,1016,4.693573280053117,0
2025-10-17,ZeeTV,564,1,868,4.4678832251454095,0
2025-10-17,SunTV,541,1,903,4.449815816101511,0
2025-10-17,ABPNews,546,8,1239,4.937746460774413,0
2025-10-17,NDTV,571,1,770,5.461505209958123,0
2025-10-17,IndiaTV,526,1,975,4.764011325551538,0
2025-10-17,CNNNews18,554,1,940,5.633635410704576,0
2025-10-17,TimesNow,543,1,1029,4.706543559097553,0
2025-10-17,RepublicTV,562,12,973,4.597633681919069,0
2025-10-17,TV9,549,1,843,4.650045533138084,0
2025-10-17,Asianet,517,1,858,5.024635107910068,0
2025-10-17,Colors,553,1,1106,4.730264579770774,0
2025-10-17,SonyTV,546,1,897,5.1130374718061,0
2025-10-17,StarPlus,551,9,901,4.17329029493036,0
2025-10-17,ZeeCinema,542,2,1017,5.1857448657830885,0
2025-10-17,StarMovies,535,6,1025,5.188123597858111,0
2025-10-17,HBO,566,4,867,4.901529538269174,0
2025-10-17,Discovery,554,1,744,5.4241805688424085,0
2025-10-17,NationalGeographic,578,1,954,4.693830493853521,0
2025-10-17,AnimalPlanet,518,9,942,5.489374879999536,0
2025-10-17,HistoryTV18,572,1,900,5.62194988870789,0
2025-10-17,CartoonNetwork,574,1,1131,5.850128626051051,0
2025-10-17,Pogo,542,2,750,4.772886625780321,0
2025-10-17,Nickelodeon,533,8,913,4.993485800303469,0
2025-10-17,SonyMax,543,1,893,4.7495318491238026,0
2025-10-17,ZeeTelugu,547,1,1050,5.641701064414677,0
2025-10-17,ETV,572,1,794,4.438540804782922,0
2025-10-17,GeminiTV,548,5,969,5.3848536324821055,0
2025-10-17,MaaTV,560,2,797,4.8405335483812335,0
2025-10-17,UdayaTV,551,1,986,5.27056666337722,0
2025-10-17,SuryaTV,572,1,833,5.260175239985926,0
2025-10-17,KTV,573,1,1023,4.790766362011394,0
2025-10-17,JayaTV,528,1,972,5.039947982711534,0
2025-10-17,RajTV,572,1,853,4.47775584516772,0
2025-10-17,KalaignarTV,532,1,1098,4.8427772588526095,0
2025-10-17,DDNews,573,1,1154,4.7343430808418825,0
2025-10-17,DDNational,545,1,975,4.63439235268744,0
2025-10-17,DDSports,570,1,898,5.732212766382212,0
2025-10-17,TenSports,568,1,1186,4.5857126335847465,0
2025-10-17,StarSports,525,1,1190,4.716400446867628,0
2025-10-17,SonySports,565,1,909,5.46963885486843,0
2025-10-17,Eurosport,566,6,1038,4.232016915699827,0
2025-10-17,CNBC,569,3,871,5.919357179265092,0
2025-10-17,BloombergTV,563,1,762,5.313835695806694,0
2025-10-17,BBCWorld,525,1,864,5.513377382767191,0
2025-10-17,AlJazeera,533,1,1030,5.08388477239032,0
2025-10-17,France24,553,3,707,5.134787894871443,0
2025-10-17,VH1,578,1,872,4.772028963818069,0
2025-10-17,MTV,570,1,962,4.162753112020849,0
2025-10-18,News24,44,245,4663,10.021834238745132,1
2025-10-18,StarTV,37,248,4718,10.3866493300585,1
2025-10-18,ZeeTV,24,225,4684,9.843493262587595,1
2025-10-18,SunTV,0,210,4815,9.803512705463044,1
2025-10-18,ABPNews,35,242,5072,9.688270687376843,1
2025-10-18,NDTV,15,207,4894,9.238871169792125,1
2025-10-18,IndiaTV,20,220,4785,9.653546980148084,1
2025-10-18,CNNNews18,44,216,4494,10.365966027034704,1
2025-10-18,TimesNow,0,224,4994,10.790866989994283,1
2025-10-18,RepublicTV,19,229,4637,10.322525474932318,1
2025-10-18,TV9,28,250,4701,10.705702155832236,1
2025-10-18,Asianet,2,214,4798,10.901624392895535,1
2025-10-18,Colors,22,212,4835,10.355113072377623,1
2025-10-18,SonyTV,5,220,4492,9.994016766626023,1
2025-10-18,StarPlus,51,233,4657,9.928341415878476,1
2025-10-18,ZeeCinema,-6,201,4671,9.805167198980111,1
2025-10-18,StarMovies,47,231,5151,10.184272772110331,1
2025-10-18,HBO,21,241,4476,10.314328157381684,1
2025-10-18,Discovery,38,226,4489,10.768593089428338,1
2025-10-18,NationalGeographic,38,239,4820,10.54953695142025,1
2025-10-18,AnimalPlanet,52,216,4898,10.540438834577053,1
2025-10-18,HistoryTV18,-1,199,4561,9.607081752187645,1
2025-10-18,CartoonNetwork,16,230,4571,10.86155915247088,1
2025-10-18,Pogo,37,235,4672,10.46447505439013,1
2025-10-18,Nickelodeon,3,240,4628,10.069633205197613,1
2025-10-18,SonyMax,17,220,4512,9.773877523767162,1
2025-10-18,ZeeTelugu,44,222,4771,10.209358821242564,1
2025-10-18,ETV,31,215,4633,9.903726928886686,1
2025-10-18,GeminiTV,25,208,4838,10.785306504860518,1
2025-10-18,MaaTV,42,201,4791,9.506371940210885,1
2025-10-18,UdayaTV,36,228,4669,9.489786554287658,1
2025-10-18,SuryaTV,14,218,4960,10.377185716658891,1
2025-10-18,KTV,3,233,4361,10.234453726034566,1
2025-10-18,JayaTV,-4,238,4390,10.176042646252718,1
2025-10-18,RajTV,39,232,4498,10.179373051469726,1
2025-10-18,KalaignarTV,26,202,4685,9.524838309001522,1
2025-10-18,DDNews,34,239,4930,10.715562064040181,1
2025-10-18,DDNational,38,224,4568,10.464591553592733,1
2025-10-18,DDSports,11,224,4869,11.129910006791894,1
2025-10-18,TenSports,-2,231,5002,9.700924663118563,1
2025-10-18,StarSports,6,226,4351,9.79598545104383,1
2025-10-18,SonySports,18,203,4737,10.524017900497636,1
2025-10-18,Eurosport,39,217,5070,9.398142685547771,1
2025-10-18,CNBC,48,235,5076,10.459067088553045,1
2025-10-18,BloombergTV,5,238,5062,9.466452627037466,1
2025-10-18,BBCWorld,11,248,4545,10.706283090975168,1
2025-10-18,AlJazeera,15,223,4878,9.769984401987632,1
2025-10-18,France24,-8,226,4587,9.917600198553304,1
2025-10-18,VH1,27,224,4686,10.107804695963058,1
2025-10-18,MTV,4,230,4803,10.202649015648067,1
2025-10-19,News24,498,1,959,4.215256324370215,0
2025-10-19,StarTV,496,1,908,4.167357440993989,0
2025-10-19,ZeeTV,546,3,750,5.240409975696126,0
2025-10-19,SunTV,515,3,931,4.549499525308931,0
2025-10-19,ABPNews,529,8,1101,4.730712822040838,0
2025-10-19,NDTV,549,1,775,5.043898256375205,0
2025-10-19,IndiaTV,533,7,914,4.768508247431515,0
2025-10-19,CNNNews18,534,1,917,3.8935634401023425,0
2025-10-19,TimesNow,488,1,705,5.353409037670084,0
2025-10-19,RepublicTV,542,1,1045,5.005217135916467,0
2025-10-19,TV9,524,1,734,4.616942505496367,0
2025-10-19,Asianet,540,1,869,5.018452536844004,0
2025-10-19,Colors,505,7,988,4.277668124533028,0
2025-10-19,SonyTV,524,1,1075,4.083246237704616,0
2025-10-19,StarPlus,498,1,1067,5.238672404093274,0
2025-10-19,ZeeCinema,529,4,907,4.035464130543111,0
2025-10-19,StarMovies,522,1,971,4.119189969482523,0
2025-10-19,HBO,492,11,797,4.541464583354051,0
2025-10-19,Discovery,526,1,743,4.40486297278198,0
2025-10-19,NationalGeographic,490,6,718,5.386065711418244,0
2025-10-19,AnimalPlanet,552,2,1027,4.17217357707197,0
2025-10-19,HistoryTV18,552,4,715,4.862308299653628,0
2025-10-19,CartoonNetwork,546,11,757,5.398270697428813,0
2025-10-19,Pogo,532,1,999,5.080395461413009,0
2025-10-19,Nickelodeon,511,1,989,4.788775911019604,0
2025-10-19,SonyMax,544,1,1093,4.014948314187744,0
2025-10-19,ZeeTelugu,523,1,1051,4.768502846069377,0
2025-10-19,ETV,546,6,754,4.012970122535942,0
2025-10-19,GeminiTV,538,1,770,3.8873605554106208,0
2025-10-19,MaaTV,513,7,891,4.838488324605848,0
2025-10-19,UdayaTV,506,1,934,4.319504946125265,0
2025-10-19,SuryaTV,539,1,895,5.257831674809646,0
2025-10-19,KTV,523,1,900,4.813432094009718,0
2025-10-19,JayaTV,519,1,984,5.070365833897335,0
2025-10-19,RajTV,514,1,940,5.052061859554015,0
2025-10-19,KalaignarTV,552,12,862,4.469073733783709,0
2025-10-19,DDNews,532,2,822,4.820570411116136,0
2025-10-19,DDNational,492,1,1036,5.222403801109596,0
2025-10-19,DDSports,530,1,768,4.936216014085493,0
2025-10-19,TenSports,505,1,937,4.5552880507101925,0
2025-10-19,StarSports,550,1,891,4.252697224764974,0
2025-10-19,SonySports,506,7,855,4.043441377521805,0
2025-10-19,Eurosport,506,1,1142,4.088627618647967,0
2025-10-19,CNBC,548,1,1125,4.615843583727191,0
2025-10-19,BloombergTV,495,1,1080,4.832580108308049,0
2025-10-19,BBCWorld,530,6,949,4.665245829247009,0
2025-10-19,AlJazeera,542,14,1012,4.44650740031098,0
2025-10-19,France24,491,2,780,4.568532404027823,0
2025-10-19,VH1,506,9,958,3.8835745924260388,0
2025-10-19,MTV,510,1,781,4.777747303331295,0
2025-10-20,News24,-18,224,4856,10.725351117819292,1
2025-10-20,StarTV,22,244,4604,11.017616776945934,1
2025-10-20,ZeeTV,35,221,4723,11.107638509934928,1
2025-10-20,SunTV,50,236,4526,10.995965148485329,1
2025-10-20,ABPNews,18,231,4953,10.49005215191718,1
2025-10-20,NDTV,52,252,4890,10.771794895893144,1
2025-10-20,IndiaTV,48,201,5048,10.038005366198663,1
2025-10-20,CNNNews18,29,219,5082,10.845284156976975,1
2025-10-20,TimesNow,9,233,4564,9.949693617798165,1
2025-10-20,RepublicTV,0,234,4853,10.556282602157538,1
2025-10-20,TV9,28,241,4657,10.543207944630682,1
2025-10-20,Asianet,4,235,5001,10.502681495172157,1
2025-10-20,Colors,34,209,4669,11.05466871733857,1
2025-10-20,SonyTV,5,230,4992,11.042857195978915,1
2025-10-20,StarPlus,3,236,4994,9.96367514920344,1
2025-10-20,ZeeCinema,11,220,4825,11.003250488332217,1
2025-10-20,StarMovies,36,216,5179,10.105408781917742,1
2025-10-20,HBO,1,208,4738,9.63661473005615,1
2025-10-20,Discovery,6,227,4827,9.857422847004239,1
2025-10-20,NationalGeographic,33,229,4560,10.589502622146338,1
2025-10-20,AnimalPlanet,17,207,4793,11.195154143623789,1
2025-10-20,HistoryTV18,-9,231,4838,10.68978334843644,1
2025-10-20,CartoonNetwork,2,229,4862,10.219787342755875,1
2025-10-20,Pogo,-6,235,5068,10.982480843298625,1
2025-10-20,Nickelodeon,48,209,4792,10.566711365373788,1
2025-10-20,SonyMax,-6,221,4977,10.500377773992488,1
2025-10-20,ZeeTelugu,19,240,4472,11.399593181039506,1
2025-10-20,ETV,17,225,4876,9.89075528034379,1
2025-10-20,GeminiTV,35,220,4911,10.44719926617664,1
2025-10-20,MaaTV,-5,204,4796,10.213868287795627,1
2025-10-20,UdayaTV,34,227,4985,9.871297251309743,1
2025-10-20,SuryaTV,6,250,5046,11.061168401942606,1
2025-10-20,KTV,40,252,5026,10.98050644250271,1
2025-10-20,JayaTV,23,249,4861,11.32995912965115,1
2025-10-20,RajTV,15,224,4911,10.52218556193318,1
2025-10-20,KalaignarTV,41,221,4978,10.22565157920327,1
2025-10-20,DDNews,19,238,4984,10.245640382911533,1
2025-10-20,DDNational,20,217,4666,10.748732643508609,1
2025-10-20,DDSports,3,228,4858,10.92476421442867,1
2025-10-20,TenSports,57,217,5049,9.69394133389131,1
2025-10-20,StarSports,1,207,4938,10.228345839525915,1
2025-10-20,SonySports,-7,229,4591,10.279206908976423,1
2025-10-20,Eurosport,1,221,4783,10.695411280966983,1
2025-10-20,CNBC,28,246,4722,10.59832057761497,1
2025-10-20,BloombergTV,30,217,5162,10.56546041660689,1
2025-10-20,BBCWorld,50,223,4795,10.687092677444143,1
2025-10-20,AlJazeera,11,244,4795,10.601047966875244,1
2025-10-20,France24,14,215,4805,10.443380814912622,1
2025-10-20,VH1,34,213,4591,11.00961284042993,1
2025-10-20,MTV,35,213,4683,10.33298430077424,1
2025-10-21,News24,540,1,776,5.798799730366899,0
2025-10-21,StarTV,541,1,970,4.463112045872692,0
2025-10-21,ZeeTV,567,1,842,5.202430569858883,0
2025-10-21,SunTV,579,1,1139,5.154099895071474,0
2025-10-21,ABPNews,577,1,953,5.48252199069468,0
2025-10-21,NDTV,574,1,977,5.10990472044786,0
2025-10-21,IndiaTV,575,1,1023,5.632310650746907,0
2025-10-21,CNNNews18,572,1,751,4.9593042611818845,0
2025-10-21,TimesNow,535,1,1159,5.0935412742084285,0
2025-10-21,RepublicTV,560,1,937,5.326940284985066,0
2025-10-21,TV9,588,1,865,5.526963104744422,0
2025-10-21,Asianet,575,1,1134,5.44950815041088,0
2025-10-21,Colors,578,1,1117,5.668569956969867,0
2025-10-21,SonyTV,574,1,1178,5.889619202718307,0
2025-10-21,StarPlus,548,1,915,5.587404342864044,0
2025-10-21,ZeeCinema,537,10,1064,5.435003992552343,0
2025-10-21,StarMovies,559,1,887,5.034810967713121,0
2025-10-21,HBO,589,1,1113,4.394823187755713,0
2025-10-21,Discovery,545,1,994,5.079673304376884,0
2025-10-21,NationalGeographic,567,1,1103,5.669261574004051,0
2025-10-21,AnimalPlanet,587,1,1075,5.5426579546852555,0
2025-10-21,HistoryTV18,572,1,979,4.309523052682365,0
2025-10-21,CartoonNetwork,534,1,795,4.5862225318198755,0
2025-10-21,Pogo,597,1,968,4.296910901943558,0
2025-10-21,Nickelodeon,580,1,1124,5.207571101052905,0
2025-10-21,SonyMax,583,1,1085,5.818497578012818,0
2025-10-21,ZeeTelugu,574,1,1078,5.392874593109131,0
2025-10-21,ETV,561,1,865,4.536292918404484,0
2025-10-21,GeminiTV,561,1,1039,5.15907477991263,0
2025-10-21,MaaTV,560,1,734,5.845800608336377,0
2025-10-21,UdayaTV,554,7,949,4.606542247028205,0
2025-10-21,SuryaTV,550,1,823,4.581137393507836,0
2025-10-21,KTV,558,1,1123,5.3016155344415425,0
2025-10-21,JayaTV,529,1,1108,4.94963808231562,0
2025-10-21,RajTV,550,1,992,5.536164307783256,0
2025-10-21,KalaignarTV,587,1,947,4.332707833089742,0
2025-10-21,DDNews,561,1,964,5.098776770213529,0
2025-10-21,DDNational,566,1,1223,5.142888780796132,0
2025-10-21,DDSports,547,1,1087,4.718096017513693,0
2025-10-21,TenSports,552,1,1068,4.282460464600063,0
2025-10-21,StarSports,589,1,1097,5.843716583791704,0
2025-10-21,SonySports,584,1,1017,5.470582790531159,0
2025-10-21,Eurosport,572,1,792,4.492764382754729,0
2025-10-21,CNBC,583,1,1151,4.843444830873854,0
2025-10-21,BloombergTV,580,1,777,4.7529303775256375,0
2025-10-21,BBCWorld,583,1,1170,4.2778803497831355,0
2025-10-21,AlJazeera,550,1,998,5.51825189540292,0
2025-10-21,France24,560,1,827,5.030331693517218,0
2025-10-21,VH1,569,11,1054,5.542818737504134,0
2025-10-21,MTV,541,1,1138,5.680854524430857,0
2025-10-22,News24,4,201,5081,9.680577477891767,1
2025-10-22,StarTV,7,242,4948,10.646819061931922,1
2025-10-22,ZeeTV,15,215,4655,10.220816251644884,1
2025-10-22,SunTV,35,218,4947,10.059127492681043,1
2025-10-22,ABPNews,42,231,4922,9.414137942557257,1
2025-10-22,NDTV,13,238,4781,10.080428144608911,1
2025-10-22,IndiaTV,-8,211,5043,10.605762928471476,1
2025-10-22,CNNNews18,55,220,4841,10.695697069205867,1
2025-10-22,TimesNow,33,224,5051,10.566234321629981,1
2025-10-22,RepublicTV,53,235,4852,10.381873594469415,1
2025-10-22,TV9,37,234,4628,9.682937515872007,1
2025-10-22,Asianet,36,251,4509,10.15647760005311,1
2025-10-22,Colors,15,217,4470,11.082245234365988,1
2025-10-22,SonyTV,22,233,4993,10.3481877131448,1
2025-10-22,StarPlus,27,205,4779,9.610957823449583,1
2025-10-22,ZeeCinema,10,212,4487,9.738057092548496,1
2025-10-22,StarMovies,38,230,4791,10.55271667390704,1
2025-10-22,HBO,29,225,5189,9.570575211911393,1
2025-10-22,Discovery,-2,236,4785,10.348791145577088,1
2025-10-22,NationalGeographic,-12,234,4785,9.628930797780077,1
2025-10-22,AnimalPlanet,36,208,5097,10.684861582561647,1
2025-10-22,HistoryTV18,40,243,4512,9.571933290702354,1
2025-10-22,CartoonNetwork,26,211,4768,9.499220677331044,1
2025-10-22,Pogo,46,227,5049,10.551565996654826,1
2025-10-22,Nickelodeon,-3,206,4896,9.800684046247152,1
2025-10-22,SonyMax,1,224,4608,10.152006460678281,1
2025-10-22,ZeeTelugu,25,235,4656,10.530590511612045,1
2025-10-22,ETV,39,218,4752,10.423257470752429,1
2025-10-22,GeminiTV,22,228,5149,10.135493182237138,1
2025-10-22,MaaTV,32,217,4885,9.60564422384688,1
2025-10-22,UdayaTV,61,200,4815,11.052033044172685,1
2025-10-22,SuryaTV,41,215,4821,10.291362093725644,1
2025-10-22,KTV,20,231,4932,10.808326785400011,1
2025-10-22,JayaTV,0,222,4849,10.49760098523459,1
2025-10-22,RajTV,6,239,4412,10.66475372323218,1
2025-10-22,KalaignarTV,-16,234,4560,9.310021553934588,1
2025-10-22,DDNews,34,223,5122,10.168739410803894,1
2025-10-22,DDNational,-1,206,4930,10.674887805439791,1
2025-10-22,DDSports,27,201,4652,10.844621536812017,1
2025-10-22,TenSports,37,245,4824,9.304195584332987,1
2025-10-22,StarSports,13,200,4769,10.278468615188917,1
2025-10-22,SonySports,15,230,4847,10.661709864623221,1
2025-10-22,Eurosport,3,215,4926,9.416455591511058,1
2025-10-22,CNBC,22,217,4828,10.421050834772593,1
2025-10-22,BloombergTV,32,211,4591,10.533650518147937,1
2025-10-22,BBCWorld,19,220,4455,10.284991035718368,1
2025-10-22,AlJazeera,0,241,4705,10.362994430482082,1
2025-10-22,France24,-2,248,5052,10.157506205003116,1
2025-10-22,VH1,2,250,4941,9.699829020316022,1
2025-10-22,MTV,14,236,4701,10.664118980733948,1
2025-10-23,News24,549,1,1079,4.230934272440329,0
2025-10-23,StarTV,545,1,1142,4.447328122152042,0
2025-10-23,ZeeTV,557,7,715,5.538382053544369,0
2025-10-23,SunTV,497,13,899,4.459281266531991,0
2025-10-23,ABPNews,541,1,759,4.816072304448847,0
2025-10-23,NDTV,536,1,1128,5.207005290132814,0
2025-10-23,IndiaTV,529,11,828,4.232312386916866,0
2025-10-23,CNNNews18,545,7,972,4.7033517013899955,0
2025-10-23,TimesNow,519,1,753,5.270195664257968,0
2025-10-23,RepublicTV,519,1,841,5.122702863384186,0
2025-10-23,TV9,501,3,847,4.238332968092998,0
2025-10-23,Asianet,528,3,1092,5.455312462351272,0
2025-10-23,Colors,508,1,1138,4.187247092581725,0
2025-10-23,SonyTV,552,1,825,5.576897701174953,0
2025-10-23,StarPlus,539,1,704,4.692062092523547,0
2025-10-23,ZeeCinema,537,6,854,4.387506417776823,0
2025-10-23,StarMovies,550,1,643,4.682017481474539,0
2025-10-23,HBO,554,1,700,4.32498262181769,0
2025-10-23,Discovery,556,6,863,5.132378354073534,0
2025-10-23,NationalGeographic,558,1,971,4.796371560158931,0
2025-10-23,AnimalPlanet,526,5,741,4.265163890641476,0
2025-10-23,HistoryTV18,524,2,1151,4.785162784302855,0
2025-10-23,CartoonNetwork,559,1,1063,5.338151506072541,0
2025-10-23,Pogo,507,1,860,4.037645522469318,0
2025-10-23,Nickelodeon,513,1,797,5.358353772302135,0
2025-10-23,SonyMax,509,2,883,4.899735759301703,0
2025-10-23,ZeeTelugu,548,1,981,4.819914555414652,0
2025-10-23,ETV,507,1,955,4.5248404684676435,0
2025-10-23,GeminiTV,537,1,876,4.511014895337698,0
2025-10-23,MaaTV,510,1,1006,4.357867415149322,0
2025-10-23,UdayaTV,546,1,961,5.011016753860967,0
2025-10-23,SuryaTV,549,6,1077,4.577516291043331,0
2025-10-23,KTV,530,1,1032,5.508003681013907,0
2025-10-23,JayaTV,518,1,980,4.140194315526877,0
2025-10-23,RajTV,532,1,1077,5.210819407859715,0
2025-10-23,KalaignarTV,560,1,978,4.963023418441862,0
2025-10-23,DDNews,567,1,803,5.499201685144587,0
2025-10-23,DDNational,555,1,814,4.8992885210048325,0
2025-10-23,DDSports,545,1,961,4.319285924414536,0
2025-10-23,TenSports,522,2,975,4.623139601151702,0
2025-10-23,StarSports,552,1,778,4.636413087802819,0
2025-10-23,SonySports,540,1,955,4.497494071231338,0
2025-10-23,Eurosport,554,1,745,4.207804380839393,0
2025-10-23,CNBC,520,10,789,4.671404391379748,0
2025-10-23,BloombergTV,540,2,989,4.21121903689456,0
2025-10-23,BBCWorld,564,1,911,4.494929741118349,0
2025-10-23,AlJazeera,517,4,958,5.413754891960606,0
2025-10-23,France24,523,1,1189,4.6951041306553725,0
2025-10-23,VH1,552,6,876,4.243472287093992,0
2025-10-23,MTV,529,7,816,5.451714236357107,0
2025-10-24,News24,43,214,4708,10.912078314649975,1
2025-10-24,StarTV,-1,210,4980,10.784001456130413,1
2025-10-24,ZeeTV,27,215,4886,10.003284172235254,1
2025-10-24,SunTV,20,231,5137,10.012838222095958,1
2025-10-24,ABPNews,52,209,4869,10.38071001100699,1
2025-10-24,NDTV,42,242,4888,10.5614564474234,1
2025-10-24,IndiaTV,1,230,4868,9.952072260986705,1
2025-10-24,CNNNews18,-3,212,5138,9.968426063322646,1
2025-10-24,TimesNow,44,217,4924,11.078858463947428,1
2025-10-24,RepublicTV,47,243,4853,9.78368206659145,1
2025-10-24,TV9,0,205,5119,10.61945024841323,1
2025-10-24,Asianet,9,223,4712,9.900458501241122,1
2025-10-24,Colors,-21,246,4636,10.124228688770717,1
2025-10-24,SonyTV,34,244,4976,10.836066043930323,1
2025-10-24,StarPlus,34,241,4997,10.197748434969382,1
2025-10-24,ZeeCinema,36,231,5054,10.697808630792709,1
2025-10-24,StarMovies,2,227,4938,9.815737156580775,1
2025-10-24,HBO,44,256,4904,10.75122938255659,1
2025-10-24,Discovery,20,247,4643,9.906163556272924,1
2025-10-24,NationalGeographic,29,224,4924,10.92727693576407,1
2025-10-24,AnimalPlanet,42,236,5217,10.993544648925997,1
2025-10-24,HistoryTV18,11,231,4737,10.7959077200819,1
2025-10-24,CartoonNetwork,20,210,4557,9.531327239293022,1
2025-10-24,Pogo,22,240,4823,9.66571526543109,1
2025-10-24,Nickelodeon,16,216,4847,10.316167988674621,1
2025-10-24,SonyMax,44,226,5072,10.03229069773378,1
2025-10-24,ZeeTelugu,-11,249,4662,9.493981606056986,1
2025-10-24,ETV,40,238,4832,9.983061575370686,1
2025-10-24,GeminiTV,-4,223,4834,10.069164543699614,1
2025-10-24,MaaTV,47,209,5242,10.92044946079275,1
2025-10-24,UdayaTV,5,222,5054,10.948555265423295,1
2025-10-24,SuryaTV,15,224,4750,10.246536227292504,1
2025-10-24,KTV,23,228,4838,10.95155803154757,1
2025-10-24,JayaTV,47,238,4674,9.56820027632528,1
2025-10-24,RajTV,42,242,4857,10.26240273935784,1
2025-10-24,KalaignarTV,7,245,5144,10.971277590708745,1
2025-10-24,DDNews,20,259,4692,10.661036541504739,1
2025-10-24,DDNational,16,234,4986,10.170228538660146,1
2025-10-24,DDSports,34,242,4975,10.728788754743691,1
2025-10-24,TenSports,22,241,4860,10.29355940789767,1
2025-10-24,StarSports,18,231,4977,10.323968166103686,1
2025-10-24,SonySports,-8,245,5131,10.361796244228126,1
2025-10-24,Eurosport,45,245,4544,10.146600363111705,1
2025-10-24,CNBC,-8,236,4985,10.672117891988956,1
2025-10-24,BloombergTV,21,232,4846,10.687373048519113,1
2025-10-24,BBCWorld,11,239,5190,10.29273776736049,1
2025-10-24,AlJazeera,-11,231,4941,10.07671327346374,1
2025-10-24,France24,34,252,5224,9.862075247450175,1
2025-10-24,VH1,18,217,4885,10.748119665271943,1
2025-10-24,MTV,-2,224,5264,9.77736068693163,1
2025-10-25,News24,574,2,912,5.95517347649696,0
2025-10-25,StarTV,586,1,1041,5.435985280263417,0
2025-10-25,ZeeTV,558,1,1208,5.604853012201496,0
2025-10-25,SunTV,549,1,1009,6.195992054058877,0
2025-10-25,ABPNews,580,1,1068,5.085084380111053,0
2025-10-25,NDTV,585,1,910,5.288054327955284,0
2025-10-25,IndiaTV,599,2,807,5.505211950230911,0
2025-10-25,CNNNews18,556,1,1088,5.104278168279478,0
2025-10-25,TimesNow,604,7,1179,5.913170656838751,0
2025-10-25,RepublicTV,594,1,1009,4.560039053693414,0
2025-10-25,TV9,555,9,835,4.460938738764871,0
2025-10-25,Asianet,581,1,911,4.623635488620436,0
2025-10-25,Colors,554,1,940,5.760428923813716,0
2025-10-25,SonyTV,572,1,1249,4.844331940232065,0
2025-10-25,StarPlus,580,1,812,5.534565248260069,0
2025-10-25,ZeeCinema,576,1,844,5.185491202581391,0
2025-10-25,StarMovies,561,4,964,5.653740014383518,0
2025-10-25,HBO,578,1,1004,5.24283206096379,0
2025-10-25,Discovery,555,1,907,5.444648551530955,0
2025-10-25,NationalGeographic,538,1,1255,4.436545236124273,0
2025-10-25,AnimalPlanet,600,1,910,5.545548030010764,0
2025-10-25,HistoryTV18,558,1,1135,5.640861104729112,0
2025-10-25,CartoonNetwork,545,1,834,5.538343216356806,0
2025-10-25,Pogo,568,1,1091,4.565700681946768,0
2025-10-25,Nickelodeon,561,1,819,5.470871639417256,0
2025-10-25,SonyMax,558,1,1083,5.442561408298987,0
2025-10-25,ZeeTelugu,558,1,1005,4.74011312437189,0
2025-10-25,ETV,604,1,802,4.594939538085233,0
2025-10-25,GeminiTV,580,6,1142,5.00791890503875,0
2025-10-25,MaaTV,594,1,1162,4.821086185416146,0
2025-10-25,UdayaTV,546,1,940,5.097225667968977,0
2025-10-25,SuryaTV,551,3,944,4.514875616845046,0
2025-10-25,KTV,597,1,984,4.506740880851692,0
2025-10-25,JayaTV,575,1,1123,5.500850858156878,0
2025-10-25,RajTV,576,1,1057,4.980160982769642,0
2025-10-25,KalaignarTV,609,1,1135,5.008319842073105,0
2025-10-25,DDNews,581,1,1106,5.950213028535788,0
2025-10-25,DDNational,583,1,933,4.9880943005054865,0
2025-10-25,DDSports,579,1,1051,4.846887487336721,0
2025-10-25,TenSports,571,1,855,5.800285431288474,0
2025-10-25,StarSports,554,7,1218,4.958967807881205,0
2025-10-25,SonySports,585,1,1114,4.786595586754827,0
2025-10-25,Eurosport,582,1,1164,5.812604061913523,0
2025-10-25,CNBC,577,1,755,5.124803329836484,0
2025-10-25,BloombergTV,594,1,929,5.013335970220439,0
2025-10-25,BBCWorld,591,1,1020,5.702827907169974,0
2025-10-25,AlJazeera,578,1,964,4.835390312286038,0
2025-10-25,France24,597,1,972,4.69715509778645,0
2025-10-25,VH1,575,1,1200,5.0472373511167135,0
2025-10-25,MTV,559,1,888,4.991573641868127,0
2025-10-26,News24,36,222,4742,9.710420419431342,1
2025-10-26,StarTV,17,244,4845,10.291134618185918,1
2025-10-26,ZeeTV,40,232,4778,10.646032684213097,1
2025-10-26,SunTV,22,228,4881,10.09550503691097,1
2025-10-26,ABPNews,35,211,4951,10.159482104516435,1
2025-10-26,NDTV,-9,219,4555,10.18696427776363,1
2025-10-26,IndiaTV,14,229,5005,10.544477693256722,1
2025-10-26,CNNNews18,58,220,4927,10.686483516497908,1
2025-10-26,TimesNow,4,243,4798,10.810795332525096,1
2025-10-26,RepublicTV,1,207,4498,10.240203801217286,1
2025-10-26,TV9,42,227,4545,10.606692636934888,1
2025-10-26,Asianet,11,229,4946,10.924838110882542,1
2025-10-26,Colors,19,218,4573,10.354115315031661,1
2025-10-26,SonyTV,37,244,4787,11.226706369909438,1
2025-10-26,StarPlus,24,236,4747,11.20474140915905,1
2025-10-26,ZeeCinema,17,240,4858,10.255614443560143,1
2025-10-26,StarMovies,32,234,5158,10.675709732234141,1
2025-10-26,HBO,18,233,4948,11.19927376767988,1
2025-10-26,Discovery,-3,242,4902,10.74656570732785,1
2025-10-26,NationalGeographic,14,226,4660,10.475670323337821,1
2025-10-26,AnimalPlanet,28,217,5078,10.11399438440848,1
2025-10-26,HistoryTV18,23,231,4651,10.345486541041817,1
2025-10-26,CartoonNetwork,7,239,4433,10.142943744418345,1
2025-10-26,Pogo,4,239,4724,11.085649313389357,1
2025-10-26,Nickelodeon,40,242,4795,9.835704718609284,1
2025-10-26,SonyMax,23,214,4705,11.239210205714055,1
2025-10-26,ZeeTelugu,4,254,4905,10.59676843687745,1
2025-10-26,ETV,45,201,4842,10.052776933630083,1
2025-10-26,GeminiTV,-4,205,4550,11.187943414660023,1
2025-10-26,MaaTV,13,255,5101,9.729305760355686,1
2025-10-26,UdayaTV,51,233,5010,10.761728170241524,1
2025-10-26,SuryaTV,10,219,4712,10.89090012535528,1
2025-10-26,KTV,8,234,4886,10.447891445443387,1
2025-10-26,JayaTV,20,207,4569,10.110238276286589,1
2025-10-26,RajTV,-10,239,4915,10.587086216542055,1
2025-10-26,KalaignarTV,27,219,4918,10.037359945450925,1
2025-10-26,DDNews,52,232,4903,10.97049391334572,1
2025-10-26,DDNational,-10,239,4780,10.788600744650228,1
2025-10-26,DDSports,34,216,4691,10.52756219117682,1
2025-10-26,TenSports,55,215,4697,10.896074199101063,1
2025-10-26,StarSports,9,228,4914,10.741935549245571,1
2025-10-26,SonySports,-3,224,5055,10.53476257920541,1
2025-10-26,Eurosport,32,242,5160,10.843188123569833,1
2025-10-26,CNBC,16,248,4796,10.84603492997675,1
2025-10-26,BloombergTV,-7,217,4641,11.099624128726205,1
2025-10-26,BBCWorld,-17,238,4751,10.609935805305211,1
2025-10-26,AlJazeera,-5,229,4584,9.706979724408125,1
2025-10-26,France24,25,238,5175,9.732914038422953,1
2025-10-26,VH1,42,232,4769,10.612768221607826,1
2025-10-26,MTV,8,215,5061,10.975804450417668,1
2025-10-27,News24,520,1,977,4.890960222541966,0
2025-10-27,StarTV,527,1,1141,5.285685859057658,0
2025-10-27,ZeeTV,519,1,929,5.489288959134976,0
2025-10-27,SunTV,526,1,875,4.963102400985184,0
2025-10-27,ABPNews,525,1,1108,4.602567488893664,0
2025-10-27,NDTV,534,1,1109,5.21856089441998,0
2025-10-27,IndiaTV,527,1,1111,5.565011768868094,0
2025-10-27,CNNNews18,563,1,1191,5.415937987366332,0
2025-10-27,TimesNow,565,1,1001,4.081347180311916,0
2025-10-27,RepublicTV,513,5,855,5.217302043988136,0
2025-10-27,TV9,576,1,852,4.570578730376985,0
2025-10-27,Asianet,516,1,906,5.028656746299201,0
2025-10-27,Colors,523,1,1047,4.954804503958897,0
2025-10-27,SonyTV,553,11,964,5.333249818930787,0
2025-10-27,StarPlus,534,1,861,5.3946363684707075,0
2025-10-27,ZeeCinema,539,1,789,5.4834398593379206,0
2025-10-27,StarMovies,559,4,1062,4.123756742370803,0
2025-10-27,HBO,576,1,933,5.108906502158511,0
2025-10-27,Discovery,529,3,751,4.369694708564417,0
2025-10-27,NationalGeographic,554,1,885,5.545806720995536,0
2025-10-27,AnimalPlanet,579,1,1118,4.462857373434585,0
2025-10-27,HistoryTV18,575,1,928,4.983188037933698,0
2025-10-27,CartoonNetwork,509,11,751,5.645584044234281,0
2025-10-27,Pogo,532,2,1237,5.605406075664866,0
2025-10-27,Nickelodeon,533,1,1149,5.59166137667078,0
2025-10-27,SonyMax,508,10,960,4.872927901957063,0
2025-10-27,ZeeTelugu,530,1,850,4.846218018752564,0
2025-10-27,ETV,517,1,920,5.111988150018351,0
2025-10-27,GeminiTV,552,14,1054,4.874894313444716,0
2025-10-27,MaaTV,521,1,822,4.919973975532062,0
2025-10-27,UdayaTV,564,1,761,4.711288417367189,0
2025-10-27,SuryaTV,578,1,785,4.909736457476816,0
2025-10-27,KTV,561,1,1084,5.600921497539005,0
2025-10-27,JayaTV,546,1,1046,4.383500116671602,0
2025-10-27,RajTV,540,6,936,4.5672594305508065,0
2025-10-27,KalaignarTV,565,2,1110,5.213522699675906,0
2025-10-27,DDNews,543,1,815,5.18517953919184,0
2025-10-27,DDNational,520,5,966,4.142059130285131,0
2025-10-27,DDSports,562,1,951,4.589936326471012,0
2025-10-27,TenSports,560,1,1031,5.006313392775871,0
2025-10-27,StarSports,557,1,895,4.356797991951703,0
2025-10-27,SonySports,547,1,883,4.2820872044616,0
2025-10-27,Eurosport,546,2,905,5.505298179492373,0
2025-10-27,CNBC,533,9,727,4.815786554221628,0
2025-10-27,BloombergTV,554,3,684,4.673009061930312,0
2025-10-27,BBCWorld,559,1,805,5.425217633674432,0
2025-10-27,AlJazeera,542,2,1042,5.076285959459522,0
2025-10-27,France24,541,1,1045,5.188174193476108,0
2025-10-27,VH1,515,1,940,5.590355525544225,0
2025-10-27,MTV,542,1,918,4.820202359300191,0
2025-10-28,News24,4,245,4918,10.630130651620338,1
2025-10-28,StarTV,15,229,5001,11.207106237470018,1
2025-10-28,ZeeTV,26,230,4701,11.080474240670195,1
2025-10-28,SunTV,9,236,5159,9.81169538178607,1
2025-10-28,ABPNews,-13,225,4742,11.368296421802622,1
2025-10-28,NDTV,-10,230,5254,10.5674114315835,1
2025-10-28,IndiaTV,40,222,5103,9.708214024661158,1
2025-10-28,CNNNews18,19,219,4820,11.126633740802909,1
2025-10-28,TimesNow,11,248,4650,10.214707777565252,1
2025-10-28,RepublicTV,24,230,4737,10.84845587938338,1
2025-10-28,TV9,10,240,4774,9.92349686281188,1
2025-10-28,Asianet,19,246,5141,10.182542779786592,1
2025-10-28,Colors,49,246,5112,9.993022382409526,1
2025-10-28,SonyTV,-22,245,4980,10.585680448173223,1
2025-10-28,StarPlus,33,218,5018,11.088495131346228,1
2025-10-28,ZeeCinema,32,222,5066,11.508243641311424,1
2025-10-28,StarMovies,18,234,5020,11.26955870449087,1
2025-10-28,HBO,35,226,4557,11.071569023354982,1
2025-10-28,Discovery,44,232,4888,11.137904824414711,1
2025-10-28,NationalGeographic,2,255,5058,10.351302149052382,1
2025-10-28,AnimalPlanet,33,215,5214,9.778159691446767,1
2025-10-28,HistoryTV18,18,228,4960,10.15246471766449,1
2025-10-28,CartoonNetwork,-7,215,4957,10.022628782070775,1
2025-10-28,Pogo,17,214,4829,10.323109453801376,1
2025-10-28,Nickelodeon,34,227,4615,9.651078667222153,1
2025-10-28,SonyMax,-4,248,5123,11.316011222141523,1
2025-10-28,ZeeTelugu,37,225,5041,10.835950013135992,1
2025-10-28,ETV,19,212,4982,11.28089874483115,1
2025-10-28,GeminiTV,48,220,4905,10.157171140676397,1
2025-10-28,MaaTV,6,233,4750,10.878323484143138,1
2025-10-28,UdayaTV,41,251,5015,11.340963025726998,1
2025-10-28,SuryaTV,27,239,5063,10.83630496285081,1
2025-10-28,KTV,6,231,4965,9.847565204273803,1
2025-10-28,JayaTV,25,231,4572,10.558318169388755,1
2025-10-28,RajTV,41,233,5036,10.76035156571478,1
2025-10-28,KalaignarTV,-4,215,4968,10.3432803490178,1
2025-10-28,DDNews,23,253,4880,11.099628824365558,1
2025-10-28,DDNational,27,238,4907,10.908757413452493,1
2025-10-28,DDSports,10,246,4692,10.697629085436528,1
2025-10-28,TenSports,31,254,4902,10.965655380136218,1
2025-10-28,StarSports,30,228,4758,10.521481513014031,1
2025-10-28,SonySports,24,257,5238,11.158866290405895,1
2025-10-28,Eurosport,-1,222,5166,10.265112937799872,1
2025-10-28,CNBC,-9,235,5148,10.018460566157213,1
2025-10-28,BloombergTV,0,248,4859,10.748139421379804,1
2025-10-28,BBCWorld,-2,227,4943,10.284474045590471,1
2025-10-28,AlJazeera,-10,244,4663,10.656088778187993,1
2025-10-28,France24,4,223,5163,10.49139166600521,1
2025-10-28,VH1,-11,230,5165,10.075482771267179,1
2025-10-28,MTV,7,243,5164,10.319407118189458,1
2025-10-29,News24,594,1,898,4.723977593385932,0
2025-10-29,StarTV,574,1,812,4.561393119265476,0
2025-10-29,ZeeTV,582,1,898,5.773744483986533,0
2025-10-29,SunTV,578,2,1180,5.569844726554021,0
2025-10-29,ABPNews,561,1,968,5.181163440263566,0
2025-10-29,NDTV,570,1,1305,4.664246750217459,0
2025-10-29,IndiaTV,558,1,1145,4.447119487948039,0
2025-10-29,CNNNews18,562,1,895,4.763894169053871,0
2025-10-29,TimesNow,608,1,925,4.453200640317337,0
2025-10-29,RepublicTV,573,1,971,5.4289060326534475,0
2025-10-29,TV9,556,1,1291,4.695975299841239,0
2025-10-29,Asianet,592,9,1059,5.66383892877688,0
2025-10-29,Colors,553,1,913,5.494361566168003,0
2025-10-29,SonyTV,572,1,801,5.410151162613218,0
2025-10-29,StarPlus,573,1,888,5.747919985194044,0
2025-10-29,ZeeCinema,607,1,845,5.122510840081526,0
2025-10-29,StarMovies,623,1,1068,4.684014806780844,0
2025-10-29,HBO,576,4,915,4.75269827442,0
2025-10-29,Discovery,562,8,1119,4.820696388826914,0
2025-10-29,NationalGeographic,597,3,1143,4.704835211860112,0
2025-10-29,AnimalPlanet,561,1,813,5.795666609848923,0
2025-10-29,HistoryTV18,573,3,909,5.376243010818485,0
2025-10-29,CartoonNetwork,592,1,908,5.462135050374902,0
2025-10-29,Pogo,600,1,971,5.508310848957221,0
2025-10-29,Nickelodeon,584,1,1055,4.741970385527618,0
2025-10-29,SonyMax,595,1,1168,5.225386558286443,0
2025-10-29,ZeeTelugu,607,1,927,4.683817133862506,0
2025-10-29,ETV,599,1,1211,5.644670960708726,0
2025-10-29,GeminiTV,562,9,1076,6.021183039083197,0
2025-10-29,MaaTV,555,4,1022,5.171515196720439,0
2025-10-29,UdayaTV,582,1,1110,5.1780206682065,0
2025-10-29,SuryaTV,617,1,1270,5.014187169763372,0
2025-10-29,KTV,619,3,1047,4.7864041594400115,0
2025-10-29,JayaTV,600,1,1109,4.612683846466555,0
2025-10-29,RajTV,605,1,885,4.372713340581012,0
2025-10-29,KalaignarTV,552,1,1047,5.070134296691451,0
2025-10-29,DDNews,591,1,1147,5.206510493377844,0
2025-10-29,DDNational,587,1,1076,4.806389603080451,0
2025-10-29,DDSports,584,1,1111,5.054615125043959,0
2025-10-29,TenSports,569,1,1162,5.158433285104207,0
2025-10-29,StarSports,585,1,1058,5.051705522440513,0
2025-10-29,SonySports,582,1,1219,4.637454579969182,0
2025-10-29,Eurosport,583,4,1179,4.694147125216141,0
2025-10-29,CNBC,568,1,936,5.337594152521099,0
2025-10-29,BloombergTV,613,1,846,5.962424502787671,0
2025-10-29,BBCWorld,581,1,1203,4.585479160027595,0
2025-10-29,AlJazeera,587,2,1003,4.762413611535871,0
2025-10-29,France24,568,1,988,4.747855465180418,0
2025-10-29,VH1,568,1,1114,4.744114093621844,0
2025-10-29,MTV,613,1,925,5.344012968101015,0
2025-10-30,News24,42,204,5132,9.64914151401508,1
2025-10-30,StarTV,49,235,4920,9.979864454131883,1
2025-10-30,ZeeTV,16,234,5054,10.035570276096818,1
2025-10-30,SunTV,0,217,4876,9.987331552887012,1
2025-10-30,ABPNews,-3,247,4591,9.93040928747417,1
2025-10-30,NDTV,51,249,4986,11.010305352259753,1
2025-10-30,IndiaTV,16,255,5231,10.960271312047471,1
2025-10-30,CNNNews18,6,227,4850,10.220246350833838,1
2025-10-30,TimesNow,20,240,4909,10.112324773688478,1
2025-10-30,RepublicTV,48,206,4967,10.209085977121312,1
2025-10-30,TV9,2,230,5086,11.173508906864372,1
2025-10-30,Asianet,26,241,5216,10.634524733083207,1
2025-10-30,Colors,4,206,5160,10.908658162011646,1
2025-10-30,SonyTV,45,206,5352,9.99162096978121,1
2025-10-30,StarPlus,4,243,5239,9.783107704038827,1
2025-10-30,ZeeCinema,31,236,4648,9.813928479603401,1
2025-10-30,StarMovies,-12,210,4714,10.318927101441952,1
2025-10-30,HBO,-22,256,4830,10.399769598187534,1
2025-10-30,Discovery,8,226,5395,10.528910921379424,1
2025-10-30,NationalGeographic,1,229,5126,10.30995831051754,1
2025-10-30,AnimalPlanet,-8,213,5087,10.948570765217655,1
2025-10-30,HistoryTV18,44,224,5247,10.935563073766517,1
2025-10-30,CartoonNetwork,1,244,5083,10.704049735788365,1
2025-10-30,Pogo,24,211,5206,9.858198542974922,1
2025-10-30,Nickelodeon,50,244,5259,9.679316667640876,1
2025-10-30,SonyMax,36,239,5211,10.779150244417403,1
2025-10-30,ZeeTelugu,18,220,5091,9.525554447663957,1
2025-10-30,ETV,18,245,4727,10.645888185708875,1
2025-10-30,GeminiTV,-9,219,5186,10.01575956105074,1
2025-10-30,MaaTV,24,212,4886,10.5304278795266,1
2025-10-30,UdayaTV,39,245,5072,10.250250341311842,1
2025-10-30,SuryaTV,11,224,4699,10.423540541048258,1
2025-10-30,KTV,45,208,5063,11.067227817837619,1
2025-10-30,JayaTV,-11,226,5185,10.209832779303103,1
2025-10-30,RajTV,20,239,4961,10.575378566426119,1
2025-10-30,KalaignarTV,18,233,5012,10.525269006065383,1
2025-10-30,DDNews,51,221,4965,10.254793281296605,1
2025-10-30,DDNational,-4,217,4964,10.352141856598989,1
2025-10-30,DDSports,25,235,5150,10.579922224243528,1
2025-10-30,TenSports,28,229,4976,10.514665300310305,1
2025-10-30,StarSports,30,215,4822,10.865122950475754,1
2025-10-30,SonySports,34,250,5063,10.290687616432347,1
2025-10-30,Eurosport,20,234,4939,11.180118005666092,1
2025-10-30,CNBC,36,215,5111,10.410528659881953,1
2025-10-30,BloombergTV,9,236,4818,9.918231129326001,1
2025-10-30,BBCWorld,36,238,4976,10.101143400401083,1
2025-10-30,AlJazeera,39,233,5152,10.334315391241846,1
2025-10-30,France24,49,256,4574,10.474369459562206,1
2025-10-30,VH1,8,248,5208,11.157160476108931,1
2025-10-30,MTV,10,248,4825,11.03338030884185,1
2025-10-31,News24,540,1,811,5.142059226386572,0
2025-10-31,StarTV,521,10,993,4.570941419657572,0
2025-10-31,ZeeTV,573,1,970,4.859654700595776,0
2025-10-31,SunTV,571,1,904,5.389472222742479,0
2025-10-31,ABPNews,560,1,844,4.015674102871227,0
2025-10-31,NDTV,584,1,1049,4.405279426662609,0
2025-10-31,IndiaTV,582,1,895,5.131357715932829,0
2025-10-31,CNNNews18,560,1,831,4.44059665800374,0
2025-10-31,TimesNow,520,1,1039,4.204792309395944,0
2025-10-31,RepublicTV,576,9,778,4.663416472874461,0
2025-10-31,TV9,589,1,924,5.453051757166357,0
2025-10-31,Asianet,577,1,1176,4.569971537173259,0
2025-10-31,Colors,545,1,984,5.420316557015818,0
2025-10-31,SonyTV,527,1,1099,4.777234923043264,0
2025-10-31,StarPlus,536,1,1019,4.180256871186744,0
2025-10-31,ZeeCinema,573,1,843,4.843160706826585,0
2025-10-31,StarMovies,558,1,982,4.681008515807512,0
2025-10-31,HBO,566,7,1026,4.176252348421382,0
2025-10-31,Discovery,545,1,1001,4.719737430992949,0
2025-10-31,NationalGeographic,551,1,1194,4.860982598179833,0
2025-10-31,AnimalPlanet,527,1,900,4.536596002272207,0
2025-10-31,HistoryTV18,547,1,905,5.359915438269718,0
2025-10-31,CartoonNetwork,558,1,1152,4.863449256354194,0
2025-10-31,Pogo,576,1,1004,4.328358799009732,0
2025-10-31,Nickelodeon,588,1,1225,4.429271139163587,0
2025-10-31,SonyMax,563,1,998,5.154894544098029,0
2025-10-31,ZeeTelugu,531,1,967,5.1915446001275605,0
2025-10-31,ETV,559,1,745,5.427676342769264,0
2025-10-31,GeminiTV,558,7,1115,5.453799889855153,0
2025-10-31,MaaTV,573,1,1144,4.737547386611366,0
2025-10-31,UdayaTV,540,1,873,4.333929871581782,0
2025-10-31,SuryaTV,557,1,855,5.279474488530764,0
2025-10-31,KTV,540,6,946,4.942823836271992,0
2025-10-31,JayaTV,564,7,979,5.421748443386784,0
2025-10-31,RajTV,552,1,942,5.1526165131179305,0
2025-10-31,KalaignarTV,539,1,1059,4.378113272020985,0
2025-10-31,DDNews,582,1,1186,4.812877397481788,0
2025-10-31,DDNational,536,1,1036,5.0249134778749385,0
2025-10-31,DDSports,558,1,1074,4.452546982868893,0
2025-10-31,TenSports,557,1,957,4.987113804376527,0
2025-10-31,StarSports,536,1,958,4.184776956654052,0
2025-10-31,SonySports,554,11,1058,4.378018549291889,0
2025-10-31,Eurosport,555,1,993,4.178133184688078,0
2025-10-31,CNBC,569,6,1082,4.31050638528828,0
2025-10-31,BloombergTV,569,3,760,5.338774714406877,0
2025-10-31,BBCWorld,559,1,980,4.040789810013527,0
2025-10-31,AlJazeera,563,11,887,4.345980844164859,0
2025-10-31,France24,563,1,938,5.016160822487394,0
2025-10-31,VH1,556,1,1069,5.302151651210085,0
2025-10-31,MTV,549,6,823,5.122185175648303,0
2025-11-01,News24,531,2,1030,4.609552321585924,0
2025-11-01,StarTV,534,6,739,3.743057561507284,0
2025-11-01,ZeeTV,520,1,1027,3.761946682872284,0
2025-11-01,SunTV,517,11,922,4.932015046206595,0
2025-11-01,ABPNews,533,1,762,4.286346596520663,0
2025-11-01,NDTV,507,1,1067,5.125078951086878,0
2025-11-01,IndiaTV,547,7,886,4.632949535460594,0
2025-11-01,CNNNews18,555,1,1047,4.3071180111114336,0
2025-11-01,TimesNow,555,1,953,4.372555022138203,0
2025-11-01,RepublicTV,533,1,829,4.568204863030725,0
2025-11-01,TV9,523,5,722,4.557123953912943,0
2025-11-01,Asianet,560,1,799,4.509256068672499,0
2025-11-01,Colors,515,1,831,4.489648413545199,0
2025-11-01,SonyTV,540,1,942,4.420362748422418,0
2025-11-01,StarPlus,528,8,870,4.595788645510667,0
2025-11-01,ZeeCinema,545,6,719,5.045255525338383,0
2025-11-01,StarMovies,541,1,926,4.956273053657212,0
2025-11-01,HBO,505,1,690,4.917288754520528,0
2025-11-01,Discovery,552,1,798,4.591945978953141,0
2025-11-01,NationalGeographic,534,1,690,4.415529998465486,0
2025-11-01,AnimalPlanet,542,1,842,5.413309891211062,0
2025-11-01,HistoryTV18,514,1,1075,4.671133237553069,0
2025-11-01,CartoonNetwork,514,1,824,3.957314316115183,0
2025-11-01,Pogo,532,6,1049,4.317939694080094,0
2025-11-01,Nickelodeon,512,1,1081,4.5997832717555776,0
2025-11-01,SonyMax,552,1,882,3.8919619299108765,0
2025-11-01,ZeeTelugu,566,1,968,5.170702875506284,0
2025-11-01,ETV,533,1,692,4.213175368769145,0
2025-11-01,GeminiTV,533,13,840,4.4519674600276895,0
2025-11-01,MaaTV,505,12,1015,4.49199460980656,0
2025-11-01,UdayaTV,542,3,969,5.424201546096574,0
2025-11-01,SuryaTV,552,1,984,4.513594197909254,0
2025-11-01,KTV,561,1,711,5.0446062309876964,0
2025-11-01,JayaTV,557,1,917,5.051599460942202,0
2025-11-01,RajTV,507,1,993,4.092765720172578,0
2025-11-01,KalaignarTV,522,1,995,4.9193290854889575,0
2025-11-01,DDNews,560,1,902,4.922041797202968,0
2025-11-01,DDNational,507,4,995,4.692747298737951,0
2025-11-01,DDSports,510,2,660,5.072729240265414,0
2025-11-01,TenSports,536,14,923,4.0015164464600605,0
2025-11-01,StarSports,552,2,1021,4.286918754510259,0
2025-11-01,SonySports,524,1,902,4.637925051604273,0
2025-11-01,Eurosport,516,1,714,4.195640100509425,0
2025-11-01,CNBC,537,1,951,4.745936741785951,0
2025-11-01,BloombergTV,543,1,956,5.032499180025713,0
2025-11-01,BBCWorld,540,5,820,4.929052661452337,0
2025-11-01,AlJazeera,507,6,633,4.025017226467066,0
2025-11-01,France24,512,1,882,4.490772508424478,0
2025-11-01,VH1,518,1,811,5.047905244617178,0
2025-11-01,MTV,544,5,1025,4.861309119772617,0
2025-11-02,News24,33,225,4512,10.37709581564843,1
2025-11-02,StarTV,43,222,4614,9.825194013633874,1
2025-11-02,ZeeTV,13,209,4334,10.492147924435182,1
2025-11-02,SunTV,46,206,4456,9.63626779755914,1
2025-11-02,ABPNews,7,200,4266,9.652462559630592,1
2025-11-02,NDTV,35,238,4339,9.973253698706987,1
2025-11-02,IndiaTV,28,221,4539,10.033244274107114,1
2025-11-02,CNNNews18,53,223,4677,10.100455661651361,1
2025-11-02,TimesNow,28,181,4371,9.972388376180302,1
2025-11-02,RepublicTV,30,233,4342,9.684561089744511,1
2025-11-02,TV9,42,222,4365,9.70852965252631,1
2025-11-02,Asianet,42,201,4528,10.51732362024024,1
2025-11-02,Colors,3,184,4221,9.627916492879862,1
2025-11-02,SonyTV,40,216,4400,9.397262155159924,1
2025-11-02,StarPlus,20,214,4617,9.990283647295763,1
2025-11-02,ZeeCinema,11,211,4122,10.90010693859443,1
2025-11-02,StarMovies,30,218,4634,9.528398613292602,1
2025-11-02,HBO,-6,209,4662,9.192341986253819,1
2025-11-02,Discovery,22,206,4766,10.635951951132329,1
2025-11-02,NationalGeographic,11,182,4274,10.600453280462029,1
2025-11-02,AnimalPlanet,65,225,4521,9.886257956070677,1
2025-11-02,HistoryTV18,48,209,4246,10.737246868636358,1
2025-11-02,CartoonNetwork,17,192,4476,10.22032786472789,1
2025-11-02,Pogo,29,185,4487,8.954681694418278,1
2025-11-02,Nickelodeon,65,225,4209,9.88729347354511,1
2025-11-02,SonyMax,28,197,4275,9.5388628730064,1
2025-11-02,ZeeTelugu,21,187,4213,10.570620739335427,1
2025-11-02,ETV,52,202,4077,9.815034994780097,1
2025-11-02,GeminiTV,5,206,4414,9.803768629864212,1
2025-11-02,MaaTV,66,194,4756,9.324270901838664,1
2025-11-02,UdayaTV,38,205,4199,9.002812159078179,1
2025-11-02,SuryaTV,14,221,4272,9.419946297127314,1
2025-11-02,KTV,33,208,4411,9.920332249837795,1
2025-11-02,JayaTV,60,228,4328,9.096565340382616,1
2025-11-02,RajTV,10,186,4481,10.265614632777222,1
2025-11-02,KalaignarTV,51,219,4538,9.667581311754638,1
2025-11-02,DDNews,31,211,4555,9.77215287989016,1
2025-11-02,DDNational,51,232,4506,10.437890830623603,1
2025-11-02,DDSports,10,209,4639,9.161350551147969,1
2025-11-02,TenSports,51,182,4440,10.35183785471948,1
2025-11-02,StarSports,3,201,4845,10.240539010843309,1
2025-11-02,SonySports,5,212,4431,10.217435361876177,1
2025-11-02,Eurosport,32,198,4449,10.152568258997588,1
2025-11-02,CNBC,14,222,4341,10.18619417212552,1
2025-11-02,BloombergTV,36,226,4433,10.318825991033501,1
2025-11-02,BBCWorld,24,214,4650,9.907418566896897,1
2025-11-02,AlJazeera,30,203,4357,10.506151718357145,1
2025-11-02,France24,21,212,4583,10.293965452913808,1
2025-11-02,VH1,-3,213,4374,9.970692913097675,1
2025-11-02,MTV,50,208,4081,10.424060110482666,1
2025-11-03,News24,476,8,814,4.588821834776682,0
2025-11-03,StarTV,507,1,612,4.005750711679615,0
2025-11-03,ZeeTV,477,1,716,4.761568050606515,0
2025-11-03,SunTV,494,1,638,4.348229306126868,0
2025-11-03,ABPNews,468,7,730,3.47020249860045,0
2025-11-03,NDTV,491,15,825,3.640163846719557,0
2025-11-03,IndiaTV,473,1,963,3.835351631250297,0
2025-11-03,CNNNews18,507,5,912,4.533446189559001,0
2025-11-03,TimesNow,496,5,863,3.58822924750354,0
2025-11-03,RepublicTV,512,9,657,3.7404376358742493,0
2025-11-03,TV9,450,8,865,4.260150812801403,0
2025-11-03,Asianet,494,1,631,4.696317998274484,0
2025-11-03,Colors,504,1,891,4.290874685888687,0
2025-11-03,SonyTV,502,1,800,4.140784687675533,0
2025-11-03,StarPlus,508,5,792,4.395756822529385,0
2025-11-03,ZeeCinema,511,1,913,4.0205163425614225,0
2025-11-03,StarMovies,484,5,892,4.730918225790171,0
2025-11-03,HBO,500,16,890,4.872110501734427,0
2025-11-03,Discovery,498,1,854,3.775463759285102,0
2025-11-03,NationalGeographic,489,1,694,4.471534673525707,0
2025-11-03,AnimalPlanet,498,1,700,4.290377877651716,0
2025-11-03,HistoryTV18,492,1,1009,3.8264656298557163,0
2025-11-03,CartoonNetwork,517,1,705,4.297443396855717,0
2025-11-03,Pogo,459,5,839,4.304264527030683,0
2025-11-03,Nickelodeon,481,5,779,4.1502913637111805,0
2025-11-03,SonyMax,461,12,694,4.194893879468893,0
2025-11-03,ZeeTelugu,481,1,906,3.926720391069149,0
2025-11-03,ETV,484,1,755,3.745452167882451,0
2025-11-03,GeminiTV,493,3,810,3.5952157317393603,0
2025-11-03,MaaTV,483,1,606,4.0577655320354244,0
2025-11-03,UdayaTV,491,6,641,3.4688100437697202,0
2025-11-03,SuryaTV,492,9,755,4.043388481804754,0
2025-11-03,KTV,492,1,600,4.1879961353661725,0
2025-11-03,JayaTV,473,9,734,4.094486483577596,0
2025-11-03,RajTV,477,1,728,3.4432706694389377,0
2025-11-03,KalaignarTV,455,4,962,4.3213440864043315,0
2025-11-03,DDNews,477,19,867,3.7297024121458997,0
2025-11-03,DDNational,467,1,982,4.195359978840239,0
2025-11-03,DDSports,514,7,921,4.935450884277883,0
2025-11-03,TenSports,509,8,813,3.755481191933783,0
2025-11-03,StarSports,448,2,877,3.5259597437606107,0
2025-11-03,SonySports,477,7,645,4.698180508595436,0
2025-11-03,Eurosport,491,10,659,3.706516217938806,0
2025-11-03,CNBC,484,6,820,3.3543916738875907,0
2025-11-03,BloombergTV,487,16,701,3.8669455577641707,0
2025-11-03,BBCWorld,467,9,649,4.543664315788388,0
2025-11-03,AlJazeera,511,4,764,4.146764837989357,0
2025-11-03,France24,504,1,769,4.27205252450093,0
2025-11-03,VH1,486,19,1029,4.231447949835615,0
2025-11-03,MTV,456,10,916,4.142167514807903,0
2025-11-04,News24,16,214,4269,10.09758219088153,1
2025-11-04,StarTV,53,205,4439,9.384844559095992,1
2025-11-04,ZeeTV,6,231,4209,10.624957181889663,1
2025-11-04,SunTV,44,209,4390,10.232003054854081,1
2025-11-04,ABPNews,12,223,4769,9.111577696864275,1
2025-11-04,NDTV,26,219,4590,10.335504074397964,1
2025-11-04,IndiaTV,41,204,4847,10.671543288658349,1
2025-11-04,CNNNews18,19,229,4350,10.69584365690645,1
2025-11-04,TimesNow,-6,213,4519,10.489437963714774,1
2025-11-04,RepublicTV,49,208,4724,10.684955749811257,1
2025-11-04,TV9,14,217,4687,10.459277121875889,1
2025-11-04,Asianet,55,216,4347,10.169027520977487,1
2025-11-04,Colors,46,239,4389,10.294535749141744,1
2025-11-04,SonyTV,23,207,4487,10.506036045793754,1
2025-11-04,StarPlus,33,224,4564,10.391832140038815,1
2025-11-04,ZeeCinema,44,211,4280,10.892483860287442,1
2025-11-04,StarMovies,53,210,4294,9.72930933956787,1
2025-11-04,HBO,55,217,4291,10.217589717464325,1
2025-11-04,Discovery,3,218,4437,10.64176857440432,1
2025-11-04,NationalGeographic,-2,213,4309,9.980405982208607,1
2025-11-04,AnimalPlanet,51,202,4345,9.985983860997111,1
2025-11-04,HistoryTV18,27,189,4559,10.435793799894226,1
2025-11-04,CartoonNetwork,30,218,4320,10.318409163534648,1
2025-11-04,Pogo,5,191,4451,10.616396916513551,1
2025-11-04,Nickelodeon,-9,203,4636,10.570493010455719,1
2025-11-04,SonyMax,29,238,4382,10.837582340726152,1
2025-11-04,ZeeTelugu,-1,211,4493,10.623693735152006,1
2025-11-04,ETV,51,203,4567,9.724618152155687,1
2025-11-04,GeminiTV,39,219,4404,9.798004607830718,1
2025-11-04,MaaTV,1,220,4363,10.451566961385874,1
2025-11-04,UdayaTV,23,210,4752,9.794820076172796,1
2025-11-04,SuryaTV,19,200,4509,10.42598313243413,1
2025-11-04,KTV,34,225,4718,9.489092427745714,1
2025-11-04,JayaTV,30,224,4540,9.932410809506187,1
2025-11-04,RajTV,35,219,4524,9.747118685947283,1
2025-11-04,KalaignarTV,14,213,4490,10.596818837895492,1
2025-11-04,DDNews,-5,221,4570,10.597453686348556,1
2025-11-04,DDNational,33,204,4645,9.451741488801082,1
2025-11-04,DDSports,21,214,4454,10.533983956457813,1
2025-11-04,TenSports,27,230,4893,10.276284169170228,1
2025-11-04,StarSports,59,220,4649,9.507077189731483,1
2025-11-04,SonySports,49,228,4307,10.951054368752592,1
2025-11-04,Eurosport,36,208,4484,9.453943294866969,1
2025-11-04,CNBC,49,239,4207,9.849966216117155,1
2025-11-04,BloombergTV,64,208,4483,9.876323144576881,1
2025-11-04,BBCWorld,0,219,4288,9.837305553371095,1
2025-11-04,AlJazeera,17,212,4444,10.163611725243744,1
2025-11-04,France24,10,230,4535,9.8746662787347,1
2025-11-04,VH1,22,230,4611,10.316919427294879,1
2025-11-04,MTV,30,227,4463,9.798406108467871,1
2025-11-05,News24,554,1,1074,4.424930178402502,0
2025-11-05,StarTV,509,1,778,4.682281255968801,0
2025-11-05,ZeeTV,508,1,976,4.280826609305689,0
2025-11-05,SunTV,499,12,1148,4.204295476820655,0
2025-11-05,ABPNews,544,1,938,4.473662991404501,0
2025-11-05,NDTV,508,1,967,5.132523816116272,0
2025-11-05,IndiaTV,511,10,921,4.435829335956723,0
2025-11-05,CNNNews18,497,1,826,4.471505376057834,0
2025-11-05,TimesNow,552,1,1030,4.799675263816506,0
2025-11-05,RepublicTV,527,10,1041,4.492982785560362,0
2025-11-05,TV9,500,1,809,5.517794882488098,0
2025-11-05,Asianet,538,3,854,5.078594398543935,0
2025-11-05,Colors,543,1,673,3.983170409264003,0
2025-11-05,SonyTV,517,6,1129,4.100607004662935,0
2025-11-05,StarPlus,502,5,673,5.003529100345392,0
2025-11-05,ZeeCinema,512,1,859,4.682656481881909,0
2025-11-05,StarMovies,536,1,937,4.73847196927171,0
2025-11-05,HBO,508,1,1000,4.895862010146959,0
2025-11-05,Discovery,496,9,923,4.861361884576103,0
2025-11-05,NationalGeographic,515,3,984,4.569255363976107,0
2025-11-05,AnimalPlanet,494,1,816,4.85355675465481,0
2025-11-05,HistoryTV18,521,1,894,5.55471690111382,0
2025-11-05,CartoonNetwork,501,1,995,4.803855456376812,0
2025-11-05,Pogo,548,1,736,4.978496564753078,0
2025-11-05,Nickelodeon,500,3,737,4.990771745844736,0
2025-11-05,SonyMax,509,1,1151,5.390414934626054,0
2025-11-05,ZeeTelugu,503,1,855,4.571262616335773,0
2025-11-05,ETV,529,1,914,4.961834761181852,0
2025-11-05,GeminiTV,507,2,789,5.539527042110549,0
2025-11-05,MaaTV,534,1,822,4.887787139280246,0
2025-11-05,UdayaTV,497,1,1079,4.682537288441803,0
2025-11-05,SuryaTV,528,3,865,5.331365745053891,0
2025-11-05,KTV,519,9,1101,3.9103782660387125,0
2025-11-05,JayaTV,539,1,879,3.9906205961759342,0
2025-11-05,RajTV,533,1,1105,4.952304775124573,0
2025-11-05,KalaignarTV,534,1,1068,4.689148806231199,0
2025-11-05,DDNews,514,1,884,5.293608214349955,0
2025-11-05,DDNational,550,10,947,4.679194998415939,0
2025-11-05,DDSports,552,1,740,4.933084746977742,0
2025-11-05,TenSports,495,12,879,5.041326660935927,0
2025-11-05,StarSports,532,3,819,3.9721404711767825,0
2025-11-05,SonySports,513,3,838,4.027439752335246,0
2025-11-05,Eurosport,498,5,939,4.572381873215902,0
2025-11-05,CNBC,539,1,1023,4.859039816563487,0
2025-11-05,BloombergTV,504,1,875,3.977999629639117,0
2025-11-05,BBCWorld,541,9,955,5.249105708130878,0
2025-11-05,AlJazeera,515,1,997,5.156789388118434,0
2025-11-05,France24,506,1,1052,4.767351803677864,0
2025-11-05,VH1,487,1,1113,5.2942648411672195,0
2025-11-05,MTV,503,1,867,4.43305552164234,0
2025-11-06,News24,2,212,4113,9.597043030460236,1
2025-11-06,StarTV,17,198,4669,10.54170737145617,1
2025-11-06,ZeeTV,3,232,4521,10.01963528533478,1
2025-11-06,SunTV,52,222,4344,10.402195894796083,1
2025-11-06,ABPNews,18,206,4566,9.132921112226274,1
2025-11-06,NDTV,45,203,4606,9.750477604899306,1
2025-11-06,IndiaTV,42,212,4683,9.181664995498322,1
2025-11-06,CNNNews18,39,198,4479,10.511670034779138,1
2025-11-06,TimesNow,27,230,4519,9.793749496753394,1
2025-11-06,RepublicTV,9,236,4433,10.11147452600282,1
2025-11-06,TV9,38,215,4121,9.33184723967816,1
2025-11-06,Asianet,14,202,4238,10.609720391871571,1
2025-11-06,Colors,16,217,4905,10.306914358332286,1
2025-11-06,SonyTV,40,203,4668,10.087097407234012,1
2025-11-06,StarPlus,21,192,4334,9.47341617392234,1
2025-11-06,ZeeCinema,59,203,4589,9.928982300612628,1
2025-11-06,StarMovies,24,218,4523,10.762171555796108,1
2025-11-06,HBO,23,204,4613,10.471167594969252,1
2025-11-06,Discovery,42,201,4814,9.81091858539883,1
2025-11-06,NationalGeographic,-4,225,4628,9.880454755621688,1
2025-11-06,AnimalPlanet,65,210,4808,9.343731612458708,1
2025-11-06,HistoryTV18,48,214,4450,9.965114472762352,1
2025-11-06,CartoonNetwork,37,214,4817,10.289753613426933,1
2025-11-06,Pogo,7,214,4692,10.27832433477064,1
2025-11-06,Nickelodeon,20,200,4742,9.654204279112411,1
2025-11-06,SonyMax,-2,205,4420,10.69806455011131,1
2025-11-06,ZeeTelugu,51,225,4100,9.481379384704818,1
2025-11-06,ETV,41,201,4658,9.463869675879604,1
2025-11-06,GeminiTV,31,236,4573,9.523918687459862,1
2025-11-06,MaaTV,24,210,4532,9.308852900386718,1
2025-11-06,UdayaTV,47,224,4411,9.825111853040069,1
2025-11-06,SuryaTV,62,205,4625,10.260839432950995,1
2025-11-06,KTV,21,217,4788,10.145885717004806,1
2025-11-06,JayaTV,42,206,4502,10.527814769280964,1
2025-11-06,RajTV,52,223,4548,9.296001960918616,1
2025-11-06,KalaignarTV,61,195,4330,9.511708250976609,1
2025-11-06,DDNews,22,211,4678,9.480707119592896,1
2025-11-06,DDNational,54,217,4657,10.50649290373357,1
2025-11-06,DDSports,11,219,4149,10.311305406047584,1
2025-11-06,TenSports,23,212,4408,9.349030714207785,1
2025-11-06,StarSports,-1,193,4902,9.787773436981968,1
2025-11-06,SonySports,27,201,4520,9.175933632032757,1
2025-11-06,Eurosport,28,228,4381,9.500679470229523,1
2025-11-06,CNBC,15,225,4541,8.904663320868554,1
2025-11-06,BloombergTV,7,185,4670,9.551612215856455,1
2025-11-06,BBCWorld,10,218,4726,9.136743326595875,1
2025-11-06,AlJazeera,29,202,4408,9.01733823288879,1
2025-11-06,France24,5,225,4186,9.449799077519721,1
2025-11-06,VH1,30,223,4545,9.071638319974861,1
2025-11-06,MTV,18,188,4385,10.595503263119957,1
2025-11-07,News24,492,1,775,4.377385109510818,0
2025-11-07,StarTV,518,1,834,3.843935141159113,0
2025-11-07,ZeeTV,503,19,1011,4.010292386647792,0
2025-11-07,SunTV,488,1,950,3.988409387024036,0
2025-11-07,ABPNews,500,16,737,4.870700310944246,0
2025-11-07,NDTV,524,8,650,4.586504321688312,0
2025-11-07,IndiaTV,464,1,908,4.781588299731024,0
2025-11-07,CNNNews18,456,5,1113,3.9098594088338747,0
2025-11-07,TimesNow,465,1,984,4.375755206575201,0
2025-11-07,RepublicTV,472,1,897,4.560901792934338,0
2025-11-07,TV9,494,1,829,4.332937417777066,0
2025-11-07,Asianet,479,1,790,3.885387904320677,0
2025-11-07,Colors,481,1,998,3.795047622195263,0
2025-11-07,SonyTV,527,5,708,4.16826768069036,0
2025-11-07,StarPlus,481,1,923,3.8790563309041066,0
2025-11-07,ZeeCinema,518,1,760,4.486437577957689,0
2025-11-07,StarMovies,498,10,960,4.422328095991221,0
2025-11-07,HBO,521,1,906,4.686317143461449,0
2025-11-07,Discovery,476,12,852,4.044625701596783,0
2025-11-07,NationalGeographic,510,11,934,4.318034822058928,0
2025-11-07,AnimalPlanet,476,1,926,4.731537921668792,0
2025-11-07,HistoryTV18,497,1,781,3.7909403770938535,0
2025-11-07,CartoonNetwork,475,4,684,4.365554939821301,0
2025-11-07,Pogo,493,11,647,4.421085385754349,0
2025-11-07,Nickelodeon,478,1,666,3.9432067927273744,0
2025-11-07,SonyMax,498,2,842,4.380310488463577,0
2025-11-07,ZeeTelugu,490,9,746,5.042022259158329,0
2025-11-07,ETV,507,8,883,5.00764581271128,0
2025-11-07,GeminiTV,523,1,955,4.377156040448409,0
2025-11-07,MaaTV,479,1,918,3.507229708700127,0
2025-11-07,UdayaTV,493,17,817,4.032976340015539,0
2025-11-07,SuryaTV,491,2,548,4.6460578474209235,0
2025-11-07,KTV,501,9,711,3.9459344779805536,0
2025-11-07,JayaTV,478,1,794,5.079285597916513,0
2025-11-07,RajTV,490,1,630,4.23354630513873,0
2025-11-07,KalaignarTV,496,4,674,4.740056836824418,0
2025-11-07,DDNews,511,2,890,5.105802027001461,0
2025-11-07,DDNational,523,11,931,5.157470957181238,0
2025-11-07,DDSports,474,1,870,4.590169811347534,0
2025-11-07,TenSports,465,17,801,4.520425112820421,0
2025-11-07,StarSports,520,4,928,4.0666120784899835,0
2025-11-07,SonySports,473,2,865,3.987178032931755,0
2025-11-07,Eurosport,507,1,824,4.084260299250295,0
2025-11-07,CNBC,507,2,806,4.50416280088291,0
2025-11-07,BloombergTV,460,9,635,4.413841848485384,0
2025-11-07,BBCWorld,500,1,1031,4.960155476600958,0
2025-11-07,AlJazeera,507,1,1039,4.018914679831376,0
2025-11-07,France24,475,7,644,4.512298575085455,0
2025-11-07,VH1,486,4,717,4.53997396043561,0
2025-11-07,MTV,469,1,973,4.9694397432966255,0
2025-11-08,News24,49,240,4618,9.755358068182685,1
2025-11-08,StarTV,1,199,4797,9.84435081280318,1
2025-11-08,ZeeTV,-9,238,4309,9.744161190447384,1
2025-11-08,SunTV,34,212,4624,9.876726826919871,1
2025-11-08,ABPNews,14,225,4680,9.830645796993782,1
2025-11-08,NDTV,47,209,4677,10.543880710745094,1
2025-11-08,IndiaTV,43,201,4420,10.572397871114406,1
2025-11-08,CNNNews18,42,219,4205,9.678909097182943,1
2025-11-08,TimesNow,57,220,4773,10.631150924439215,1
2025-11-08,RepublicTV,-7,233,4566,10.201950532827018,1
2025-11-08,TV9,24,234,4785,10.628039085835672,1
2025-11-08,Asianet,36,238,4787,10.227915787287571,1
2025-11-08,Colors,5,218,4523,9.501476659714562,1
2025-11-08,SonyTV,38,216,4476,10.69536199751586,1
2025-11-08,StarPlus,47,240,4554,9.88102807137292,1
2025-11-08,ZeeCinema,7,237,4707,10.314605742715631,1
2025-11-08,StarMovies,44,220,4640,10.89660301128021,1
2025-11-08,HBO,57,214,4714,9.691700809777537,1
2025-11-08,Discovery,30,227,4757,9.498567973420904,1
2025-11-08,NationalGeographic,16,228,4589,9.927215447078066,1
2025-11-08,AnimalPlanet,32,205,4887,10.56713464827044,1
2025-11-08,HistoryTV18,28,224,4695,10.24688549086274,1
2025-11-08,CartoonNetwork,1,235,4510,9.840110137915174,1
2025-11-08,Pogo,-2,230,4601,10.87834303136682,1
2025-11-08,Nickelodeon,4,201,4690,9.77522226811063,1
2025-11-08,SonyMax,18,224,4892,10.33029451189277,1
2025-11-08,ZeeTelugu,46,206,4897,10.686853495253283,1
2025-11-08,ETV,37,216,4564,10.219988472123385,1
2025-11-08,GeminiTV,51,224,4516,9.89939949639127,1
2025-11-08,MaaTV,28,209,4755,9.739034053255386,1
2025-11-08,UdayaTV,13,217,4759,10.104302518927335,1
2025-11-08,SuryaTV,46,225,4625,10.37006160441315,1
2025-11-08,KTV,25,238,4648,9.932755631605874,1
2025-11-08,JayaTV,-2,204,4168,9.654256252706608,1
2025-11-08,RajTV,13,219,4786,9.965276827564454,1
2025-11-08,KalaignarTV,34,236,4179,9.489498922107927,1
2025-11-08,DDNews,36,237,4280,9.507853931193317,1
2025-11-08,DDNational,50,234,4702,10.04742600688794,1
2025-11-08,DDSports,16,211,4955,10.386825288129637,1
2025-11-08,TenSports,28,225,4653,10.437589434856395,1
2025-11-08,StarSports,32,214,4616,10.194266728425017,1
2025-11-08,SonySports,20,216,4502,10.165773348419483,1
2025-11-08,Eurosport,38,236,4712,10.49895809544628,1
2025-11-08,CNBC,45,229,4547,10.372875533820345,1
2025-11-08,BloombergTV,30,227,4465,9.25933549189495,1
2025-11-08,BBCWorld,5,214,4321,9.646955902906392,1
2025-11-08,AlJazeera,3,233,4729,10.047251298807689,1
2025-11-08,France24,13,225,4585,9.817068971779804,1
2025-11-08,VH1,18,200,4763,9.773485942005637,1
2025-11-08,MTV,22,212,4793,9.317396034903298,1
2025-11-09,News24,514,1,934,4.317581203064803,0
2025-11-09,StarTV,539,1,774,4.951566748084745,0
2025-11-09,ZeeTV,555,1,1033,5.191833880489975,0
2025-11-09,SunTV,517,3,772,4.6859267070090125,0
2025-11-09,ABPNews,555,1,864,4.623635607676221,0
2025-11-09,NDTV,537,1,1145,4.800784951802634,0
2025-11-09,IndiaTV,547,1,634,5.144109287249834,0
2025-11-09,CNNNews18,522,1,756,5.052330506981368,0
2025-11-09,TimesNow,511,3,796,4.848644315139153,0
2025-11-09,RepublicTV,541,1,1111,5.276942157297384,0
2025-11-09,TV9,544,1,950,5.37191979449226,0
2025-11-09,Asianet,535,1,905,5.782126798864317,0
2025-11-09,Colors,529,1,1040,4.280871775019575,0
2025-11-09,SonyTV,549,1,753,5.656266472178479,0
2025-11-09,StarPlus,523,1,896,5.081472005033443,0
2025-11-09,ZeeCinema,558,1,858,4.866646953524442,0
2025-11-09,StarMovies,519,10,936,5.073717972494116,0
2025-11-09,HBO,522,1,1049,5.689829080308886,0
2025-11-09,Discovery,556,4,847,4.882071412050483,0
2025-11-09,NationalGeographic,537,1,945,4.869865443758944,0
2025-11-09,AnimalPlanet,520,5,1049,4.722707532613701,0
2025-11-09,HistoryTV18,522,1,870,5.030300049452061,0
2025-11-09,CartoonNetwork,546,1,961,4.639853041524457,0
2025-11-09,Pogo,517,1,763,5.167388369909708,0
2025-11-09,Nickelodeon,512,1,755,5.193064231665112,0
2025-11-09,SonyMax,511,2,878,5.092876182144395,0
2025-11-09,ZeeTelugu,511,1,1085,4.086705079465806,0
2025-11-09,ETV,533,1,873,4.3190166174778195,0
2025-11-09,GeminiTV,544,11,764,4.611577886752337,0
2025-11-09,MaaTV,528,6,998,4.626564467396729,0
2025-11-09,UdayaTV,560,5,986,4.694284096759607,0
2025-11-09,SuryaTV,535,1,976,4.939919724733313,0
2025-11-09,KTV,554,1,940,5.631012986591443,0
2025-11-09,JayaTV,544,1,898,5.067689148610786,0
2025-11-09,RajTV,556,1,1053,5.570120368236519,0
2025-11-09,KalaignarTV,515,7,885,4.531468349207024,0
2025-11-09,DDNews,533,1,992,4.872450102337018,0
2025-11-09,DDNational,516,1,1055,5.607614677339028,0
2025-11-09,DDSports,539,14,1096,4.6854483465459795,0
2025-11-09,TenSports,524,1,727,4.340544093163711,0
2025-11-09,StarSports,549,1,957,5.500897832768205,0
2025-11-09,SonySports,540,1,773,4.9481776930770955,0
2025-11-09,Eurosport,554,1,778,4.806047917900547,0
2025-11-09,CNBC,535,1,1050,4.367282009518262,0
2025-11-09,BloombergTV,539,3,785,5.539779903636542,0
2025-11-09,BBCWorld,555,1,924,5.175419077370129,0
2025-11-09,AlJazeera,558,1,825,5.3992153879884315,0
2025-11-09,France24,511,1,720,5.434305592001273,0
2025-11-09,VH1,529,1,773,4.07714310949614,0
2025-11-09,MTV,556,3,745,4.35651788532502,0
2025-11-10,News24,43,221,4746,10.515652139179485,1
2025-11-10,StarTV,42,193,4405,10.709917696336657,1
2025-11-10,ZeeTV,23,217,4306,9.455683164925897,1
2025-11-10,SunTV,29,238,4431,9.820280138951535,1
2025-11-10,ABPNews,63,216,4690,10.70832082946782,1
2025-11-10,NDTV,9,226,4533,10.488859109442231,1
2025-11-10,IndiaTV,40,219,4295,11.146830845003562,1
2025-11-10,CNNNews18,9,219,4303,9.330053761783427,1
2025-11-10,TimesNow,17,206,4699,10.609233470700236,1
2025-11-10,RepublicTV,45,215,4690,10.180845316175976,1
2025-11-10,TV9,1,219,4754,10.088629764624068,1
2025-11-10,Asianet,-7,215,4985,10.972366804589578,1
2025-11-10,Colors,39,245,4250,10.28037696608341,1
2025-11-10,SonyTV,18,218,4566,10.009012911017557,1
2025-11-10,StarPlus,24,213,4863,9.717072866214982,1
2025-11-10,ZeeCinema,4,218,4386,11.15938078660197,1
2025-11-10,StarMovies,42,238,4363,9.81973329878477,1
2025-11-10,HBO,45,216,5007,10.276775965188953,1
2025-11-10,Discovery,2,241,4438,10.404055507278333,1
2025-11-10,NationalGeographic,44,218,4418,10.21445216127527,1
2025-11-10,AnimalPlanet,25,208,4627,9.984619167387228,1
2025-11-10,HistoryTV18,23,202,4904,10.651519382416907,1
2025-11-10,CartoonNetwork,10,243,4599,10.24970165462695,1
2025-11-10,Pogo,27,215,4770,10.02524933670042,1
2025-11-10,Nickelodeon,25,228,4681,9.844468351640947,1
2025-11-10,SonyMax,52,201,4925,10.346261415108264,1
2025-11-10,ZeeTelugu,18,244,4555,10.36881052080903,1
2025-11-10,ETV,60,227,4976,9.97628128298496,1
2025-11-10,GeminiTV,20,211,4710,10.178023207102804,1
2025-11-10,MaaTV,22,216,4756,10.014711390923846,1
2025-11-10,UdayaTV,27,216,4919,10.985310020279295,1
2025-11-10,SuryaTV,10,215,4529,10.479284496468125,1
2025-11-10,KTV,50,228,4915,9.395232290809206,1
2025-11-10,JayaTV,18,228,4810,10.517090020375555,1
2025-11-10,RajTV,34,228,5036,9.665881414426988,1
2025-11-10,KalaignarTV,56,218,4385,9.824114423901129,1
2025-11-10,DDNews,21,218,4824,9.715438446964537,1
2025-11-10,DDNational,37,201,4671,10.031053478251827,1
2025-11-10,DDSports,48,201,4358,10.401406031340786,1
2025-11-10,TenSports,24,235,4414,10.68764933595162,1
2025-11-10,StarSports,38,208,4882,9.916750170715634,1
2025-11-10,SonySports,15,200,4876,10.337447337180993,1
2025-11-10,Eurosport,38,208,4688,9.849537627120975,1
2025-11-10,CNBC,-1,232,4711,10.639467418768426,1
2025-11-10,BloombergTV,51,235,4924,10.370625322786637,1
2025-11-10,BBCWorld,43,223,4680,10.063746129537865,1
2025-11-10,AlJazeera,32,210,4815,9.798666056368686,1
2025-11-10,France24,34,230,4855,11.14284334883174,1
2025-11-10,VH1,33,213,4619,10.646954744477611,1
2025-11-10,MTV,54,216,4443,10.27862000712843,1
2025-11-11,News24,511,7,751,4.534063940365312,0
2025-11-11,StarTV,498,1,766,4.058736533028204,0
2025-11-11,ZeeTV,500,1,912,4.045161811393157,0
2025-11-11,SunTV,523,1,933,4.6682541279547705,0
2025-11-11,ABPNews,504,11,794,4.29440853622946,0
2025-11-11,NDTV,490,11,1076,4.202732081810721,0
2025-11-11,IndiaTV,532,6,868,4.2893710233980205,0
2025-11-11,CNNNews18,500,1,748,4.1988074126832435,0
2025-11-11,TimesNow,523,1,1065,4.3815462024404965,0
2025-11-11,RepublicTV,500,1,804,4.619289160888085,0
2025-11-11,TV9,535,1,849,5.131028306160936,0
2025-11-11,Asianet,509,4,759,4.787603656125269,0
2025-11-11,Colors,538,15,827,3.7811898216764317,0
2025-11-11,SonyTV,523,1,941,4.494219598550712,0
2025-11-11,StarPlus,511,1,810,4.478708068450972,0
2025-11-11,ZeeCinema,535,12,852,4.607561757204412,0
2025-11-11,StarMovies,472,12,612,4.122195843059688,0
2025-11-11,HBO,528,11,1009,4.3935893770334165,0
2025-11-11,Discovery,507,1,985,4.100367566752902,0
2025-11-11,NationalGeographic,519,2,1068,4.445949021113219,0
2025-11-11,AnimalPlanet,527,7,915,4.203176273556171,0
2025-11-11,HistoryTV18,521,13,745,4.227989666194399,0
2025-11-11,CartoonNetwork,500,1,989,4.591727188966911,0
2025-11-11,Pogo,521,2,857,4.9751745329513595,0
2025-11-11,Nickelodeon,475,3,792,4.375029569706699,0
2025-11-11,SonyMax,491,1,717,3.9153039613473513,0
2025-11-11,ZeeTelugu,509,6,896,3.9495523219729223,0
2025-11-11,ETV,512,3,961,5.207925710476329,0
2025-11-11,GeminiTV,522,1,916,4.485784853800728,0
2025-11-11,MaaTV,490,1,855,4.1019300072048015,0
2025-11-11,UdayaTV,497,12,651,4.979345037089757,0
2025-11-11,SuryaTV,506,1,844,4.8237307503004345,0
2025-11-11,KTV,468,1,818,4.210687389411873,0
2025-11-11,JayaTV,476,8,899,4.880252675388649,0
2025-11-11,RajTV,480,1,899,3.86114014023119,0
2025-11-11,KalaignarTV,503,6,740,3.808523750407626,0
2025-11-11,DDNews,488,1,1013,5.2731683979151835,0
2025-11-11,DDNational,490,1,779,4.38667858058352,0
2025-11-11,DDSports,496,1,691,4.348345311142979,0
2025-11-11,TenSports,526,11,839,4.761203717155557,0
2025-11-11,StarSports,519,1,1001,4.2411386264971345,0
2025-11-11,SonySports,509,1,957,4.336308492406346,0
2025-11-11,Eurosport,510,1,1135,4.587178845066245,0
2025-11-11,CNBC,528,1,834,4.681653465122131,0
2025-11-11,BloombergTV,472,1,926,4.398162818930065,0
2025-11-11,BBCWorld,514,1,859,4.427603827343223,0
2025-11-11,AlJazeera,467,1,775,4.616774233020805,0
2025-11-11,France24,524,1,789,4.5007554705382615,0
2025-11-11,VH1,514,4,914,3.700660527195968,0
2025-11-11,MTV,487,3,653,5.064415075624011,0
2025-11-12,News24,-12,232,4978,9.723510224228729,1
2025-11-12,StarTV,-8,229,4546,10.082275602971697,1
2025-11-12,ZeeTV,33,200,4937,9.866582091078314,1
2025-11-12,SunTV,37,219,4648,10.211400835329771,1
2025-11-12,ABPNews,38,210,4452,10.034683145492359,1
2025-11-12,NDTV,22,204,4808,10.416659846820234,1
2025-11-12,IndiaTV,42,208,4326,10.367609544016169,1
2025-11-12,CNNNews18,32,235,4872,9.626584282447165,1
2025-11-12,TimesNow,13,207,4763,10.491985707868743,1
2025-11-12,RepublicTV,-2,197,4933,10.047620638438438,1
2025-11-12,TV9,22,201,4764,9.63262665267235,1
2025-11-12,Asianet,-1,217,4741,10.285699703759398,1
2025-11-12,Colors,14,230,5012,11.190292937996553,1
2025-11-12,SonyTV,35,231,4665,10.46514340128534,1
2025-11-12,StarPlus,35,213,4770,9.977849847221416,1
2025-11-12,ZeeCinema,2,238,4556,10.637756493111267,1
2025-11-12,StarMovies,-10,208,4886,10.792646328530871,1
2025-11-12,HBO,21,241,4452,11.327064710203405,1
2025-11-12,Discovery,58,235,4730,10.520288492284012,1
2025-11-12,NationalGeographic,45,215,4736,10.760348671068968,1
2025-11-12,AnimalPlanet,-12,224,4434,10.162441232696354,1
2025-11-12,HistoryTV18,37,224,4702,10.819613978566494,1
2025-11-12,CartoonNetwork,21,241,4672,10.213530576906294,1
2025-11-12,Pogo,32,202,5040,10.16019079438171,1
2025-11-12,Nickelodeon,37,224,4641,10.263209463572233,1
2025-11-12,SonyMax,20,216,4526,10.129573148932101,1
2025-11-12,ZeeTelugu,36,230,4496,10.605887225842284,1
2025-11-12,ETV,10,224,4710,10.834455130254387,1
2025-11-12,GeminiTV,7,228,4840,10.142049374671448,1
2025-11-12,MaaTV,-6,240,4990,10.799782182962614,1
2025-11-12,UdayaTV,49,222,4937,10.890319667980522,1
2025-11-12,SuryaTV,-7,250,4630,10.500699294586859,1
2025-11-12,KTV,31,238,4789,10.67300542464398,1
2025-11-12,JayaTV,20,248,4524,10.912536328415014,1
2025-11-12,RajTV,47,213,4630,10.548624470682082,1
2025-11-12,KalaignarTV,50,221,4769,10.453489969548452,1
2025-11-12,DDNews,13,219,4706,9.98415461865892,1
2025-11-12,DDNational,8,228,4535,10.168499163866096,1
2025-11-12,DDSports,14,209,4892,11.24950963317445,1
2025-11-12,TenSports,48,213,4795,10.672826998172475,1
2025-11-12,StarSports,15,222,4593,10.436807850631313,1
2025-11-12,SonySports,12,222,4898,11.107684313368722,1
2025-11-12,Eurosport,4,251,4566,10.151676257030026,1
2025-11-12,CNBC,21,207,4390,10.696770777192844,1
2025-11-12,BloombergTV,47,221,4543,10.254172858301962,1
2025-11-12,BBCWorld,40,234,4706,10.38587380011901,1
2025-11-12,AlJazeera,-2,244,4903,10.626602015777197,1
2025-11-12,France24,26,207,4554,10.809737147344949,1
2025-11-12,VH1,-7,227,4897,9.709443904045575,1
2025-11-12,MTV,6,246,4953,10.303088847109183,1
2025-11-13,News24,554,1,1159,5.382746698119947,0
2025-11-13,StarTV,562,1,864,5.4694630875031764,0
2025-11-13,ZeeTV,525,1,946,5.412376700645143,0
2025-11-13,SunTV,547,1,801,4.704889082131278,0
2025-11-13,ABPNews,546,1,984,5.3693191710966115,0
2025-11-13,NDTV,554,1,1168,5.13377354742675,0
2025-11-13,IndiaTV,573,1,902,4.735819500771469,0
2025-11-13,CNNNews18,564,1,1056,5.50313940671602,0
2025-11-13,TimesNow,567,1,837,5.390936563112023,0
2025-11-13,RepublicTV,544,4,935,5.328797179803362,0
2025-11-13,TV9,550,2,916,5.140848217717117,0
2025-11-13,Asianet,519,1,980,5.039627610826881,0
2025-11-13,Colors,565,2,850,4.739494505489054,0
2025-11-13,SonyTV,523,1,823,5.383662786125834,0
2025-11-13,StarPlus,541,1,936,4.442544110959025,0
2025-11-13,ZeeCinema,513,1,854,5.231360202096088,0
2025-11-13,StarMovies,525,1,913,4.32183285669706,0
2025-11-13,HBO,534,6,851,4.425927759024311,0
2025-11-13,Discovery,561,1,1086,4.998918091046101,0
2025-11-13,NationalGeographic,529,6,842,4.420357227167835,0
2025-11-13,AnimalPlanet,544,1,865,4.518887463264988,0
2025-11-13,HistoryTV18,550,1,992,4.78272540076799,0
2025-11-13,CartoonNetwork,514,1,981,4.149695120923882,0
2025-11-13,Pogo,573,1,1057,5.306782969692667,0
2025-11-13,Nickelodeon,566,1,938,5.501232689731529,0
2025-11-13,SonyMax,545,1,915,4.507553537176833,0
2025-11-13,ZeeTelugu,571,1,891,4.426151775477372,0
2025-11-13,ETV,567,1,1044,5.222912675590035,0
2025-11-13,GeminiTV,547,1,868,5.145078134048244,0
2025-11-13,MaaTV,549,1,1035,4.922267718958774,0
2025-11-13,UdayaTV,563,1,839,4.48257262358839,0
2025-11-13,SuryaTV,554,1,848,4.7527978904409744,0
2025-11-13,KTV,555,1,810,4.655540564168819,0
2025-11-13,JayaTV,522,1,963,4.827308521844503,0
2025-11-13,RajTV,524,1,1132,4.6531364577763075,0
2025-11-13,KalaignarTV,568,1,1173,5.0376651859955395,0
2025-11-13,DDNews,528,1,716,4.291628268612469,0
2025-11-13,DDNational,569,1,950,4.802877841202884,0
2025-11-13,DDSports,520,1,1162,5.750158674481595,0
2025-11-13,TenSports,546,1,827,4.651860657674064,0
2025-11-13,StarSports,552,1,876,4.765450231454726,0
2025-11-13,SonySports,564,1,1134,4.774999447410932,0
2025-11-13,Eurosport,556,1,1207,4.472100322795414,0
2025-11-13,CNBC,534,1,822,4.528418639545753,0
2025-11-13,BloombergTV,535,1,799,4.554623616398467,0
2025-11-13,BBCWorld,551,1,974,4.81478153690988,0
2025-11-13,AlJazeera,567,1,726,4.718197128651218,0
2025-11-13,France24,533,1,1030,5.294373137979186,0
2025-11-13,VH1,535,1,1061,4.474610413249962,0
2025-11-13,MTV,510,1,847,5.134641607730615,0
2025-11-14,News24,-7,225,4442,10.316563605798324,1
2025-11-14,StarTV,38,219,4360,9.848866387996035,1
2025-11-14,ZeeTV,-7,226,4759,9.804940594753983,1
2025-11-14,SunTV,27,207,4779,9.924026916868137,1
2025-11-14,ABPNews,2,216,4600,10.177608372873381,1
2025-11-14,NDTV,26,229,4879,10.226315959483047,1
2025-11-14,IndiaTV,10,230,4843,10.153344649373832,1
2025-11-14,CNNNews18,29,217,4355,9.180015783513282,1
2025-11-14,TimesNow,62,199,4493,10.44082855203031,1
2025-11-14,RepublicTV,8,208,4579,10.08220566147114,1
2025-11-14,TV9,38,228,4636,10.355074920957977,1
2025-11-14,Asianet,7,241,4732,9.868620717879665,1
2025-11-14,Colors,39,215,4758,10.207193835890806,1
2025-11-14,SonyTV,29,243,4599,10.915861132235657,1
2025-11-14,StarPlus,10,244,4512,9.587325639419532,1
2025-11-14,ZeeCinema,19,236,4900,9.94334677530172,1
2025-11-14,StarMovies,47,204,4888,10.208292987141263,1
2025-11-14,HBO,11,233,4997,10.110196756370925,1
2025-11-14,Discovery,-11,225,4849,9.553282697798558,1
2025-11-14,NationalGeographic,41,238,4741,9.635125313550024,1
2025-11-14,AnimalPlanet,39,232,4973,9.819178241659975,1
2025-11-14,HistoryTV18,16,200,4973,9.786926297376535,1
2025-11-14,CartoonNetwork,37,250,4996,10.407332857947575,1
2025-11-14,Pogo,15,230,4854,10.684089655296933,1
2025-11-14,Nickelodeon,29,238,4757,10.729919366394885,1
2025-11-14,SonyMax,-9,238,4569,10.748618014606729,1
2025-11-14,ZeeTelugu,19,236,4982,10.517865977383272,1
2025-11-14,ETV,37,221,4514,9.547517287258588,1
2025-11-14,GeminiTV,-5,234,4462,10.395856645245422,1
2025-11-14,MaaTV,16,214,4696,9.8012672295871,1
2025-11-14,UdayaTV,11,224,4806,10.642104357113002,1
2025-11-14,SuryaTV,-7,233,4430,9.71687730899794,1
2025-11-14,KTV,27,209,4447,10.625957142427907,1
2025-11-14,JayaTV,44,237,5097,10.298504854626648,1
2025-11-14,RajTV,39,224,4804,9.74160615746875,1
2025-11-14,KalaignarTV,39,201,4517,10.506597221918346,1
2025-11-14,DDNews,40,205,4812,9.555951310032246,1
2025-11-14,DDNational,27,223,4564,9.573059091296573,1
2025-11-14,DDSports,-2,229,4685,9.892800004048143,1
2025-11-14,TenSports,25,213,4604,9.840031339344348,1
2025-11-14,StarSports,17,221,4926,9.419744317999996,1
2025-11-14,SonySports,15,243,4922,10.224378938942925,1
2025-11-14,Eurosport,61,213,4820,9.817782166761056,1
2025-11-14,CNBC,4,226,4675,9.767053894594254,1
2025-11-14,BloombergTV,33,200,4685,10.007923252722911,1
2025-11-14,BBCWorld,42,232,5023,9.493769159490395,1
2025-11-14,AlJazeera,21,201,4743,9.927323861889306,1
2025-11-14,France24,29,227,4812,9.904570562868154,1
2025-11-14,VH1,53,222,4446,10.422345438915274,1
2025-11-14,MTV,-2,202,4752,9.678380840707055,1
2025-11-15,News24,535,3,816,4.875679299831464,0
2025-11-15,StarTV,525,1,861,4.372396789171908,0
2025-11-15,ZeeTV,523,2,784,4.824341353972876,0
2025-11-15,SunTV,540,1,807,5.260308955448702,0
2025-11-15,ABPNews,493,2,905,4.499937112523076,0
2025-11-15,NDTV,486,1,1095,4.2700380970588965,0
2025-11-15,IndiaTV,500,1,1011,5.348835344877696,0
2025-11-15,CNNNews18,486,1,890,4.7980059755867055,0
2025-11-15,TimesNow,532,1,1120,5.565474179122068,0
2025-11-15,RepublicTV,531,1,748,4.480289455938977,0
2025-11-15,TV9,528,1,791,4.77545697534534,0
2025-11-15,Asianet,491,1,958,4.540824212028216,0
2025-11-15,Colors,537,1,855,4.452997701341341,0
2025-11-15,SonyTV,528,12,680,4.809393803845923,0
2025-11-15,StarPlus,512,1,982,4.342555144176866,0
2025-11-15,ZeeCinema,484,1,719,3.9730534802720863,0
2025-11-15,StarMovies,487,1,979,4.610128453427418,0
2025-11-15,HBO,513,5,870,4.6374028319471865,0
2025-11-15,Discovery,497,1,1057,4.2778611441835,0
2025-11-15,NationalGeographic,511,1,1028,4.300620329999928,0
2025-11-15,AnimalPlanet,514,1,809,4.046578255113743,0
2025-11-15,HistoryTV18,499,1,1090,4.701588749749139,0
2025-11-15,CartoonNetwork,499,1,850,5.01502960140259,0
2025-11-15,Pogo,491,7,1031,3.9315564345872653,0
2025-11-15,Nickelodeon,530,1,738,5.289647494081924,0
2025-11-15,SonyMax,529,3,779,4.330447453960155,0
2025-11-15,ZeeTelugu,545,1,1016,5.332756294511528,0
2025-11-15,ETV,526,17,1045,4.605684161847382,0
2025-11-15,GeminiTV,543,8,1056,3.7571864077374184,0
2025-11-15,MaaTV,493,4,808,4.297254299565224,0
2025-11-15,UdayaTV,520,2,1118,4.614346959220524,0
2025-11-15,SuryaTV,539,1,737,4.472021332186449,0
2025-11-15,KTV,508,1,941,4.839727240253221,0
2025-11-15,JayaTV,493,1,810,4.969946643725556,0
2025-11-15,RajTV,485,1,1169,4.2206391799435465,0
2025-11-15,KalaignarTV,539,13,1012,3.9707742331422042,0
2025-11-15,DDNews,514,1,748,5.037640764415667,0
2025-11-15,DDNational,531,1,874,4.373163050689485,0
2025-11-15,DDSports,539,1,745,4.744070481797116,0
2025-11-15,TenSports,488,1,851,5.271624649662899,0
2025-11-15,StarSports,506,5,615,3.9092335132023788,0
2025-11-15,SonySports,545,5,808,4.5550787405560484,0
2025-11-15,Eurosport,528,11,794,4.927996303952725,0
2025-11-15,CNBC,521,6,747,5.104905902730525,0
2025-11-15,BloombergTV,526,1,948,4.257660387136698,0
2025-11-15,BBCWorld,520,1,812,4.452860105758169,0
2025-11-15,AlJazeera,522,1,816,4.708953799814749,0
2025-11-15,France24,523,4,1005,4.170770041668227,0
2025-11-15,VH1,483,3,916,5.16689769823245,0
2025-11-15,MTV,522,1,1106,4.902983857984484,0
2025-11-16,News24,26,233,4883,9.992599934831738,1
2025-11-16,StarTV,48,224,4692,10.115127118905644,1
2025-11-16,ZeeTV,28,220,4633,10.743635429174246,1
2025-11-16,SunTV,43,232,5026,10.602233338898095,1
2025-11-16,ABPNews,-13,235,4709,10.17366232257618,1
2025-11-16,NDTV,-14,247,4754,9.66810352713552,1
2025-11-16,IndiaTV,51,220,4979,10.083236870727648,1
2025-11-16,CNNNews18,9,226,5048,9.973063483850053,1
2025-11-16,TimesNow,25,243,4622,11.095749335193608,1
2025-11-16,RepublicTV,40,237,4503,10.590706806342011,1
2025-11-16,TV9,31,218,4753,10.830539109506148,1
2025-11-16,Asianet,52,217,5031,11.15475735481277,1
2025-11-16,Colors,46,218,4937,11.363260484791464,1
2025-11-16,SonyTV,10,227,4956,11.402471858138956,1
2025-11-16,StarPlus,48,224,4739,10.800394361714694,1
2025-11-16,ZeeCinema,-11,211,5151,10.627509751299648,1
2025-11-16,StarMovies,39,236,4918,11.156431035817839,1
2025-11-16,HBO,-6,208,4972,10.749024831859261,1
2025-11-16,Discovery,44,220,4870,10.234954481221699,1
2025-11-16,NationalGeographic,54,238,5058,9.829619854066388,1
2025-11-16,AnimalPlanet,7,236,4999,9.79393954459821,1
2025-11-16,HistoryTV18,17,207,4921,9.821456011418745,1
2025-11-16,CartoonNetwork,10,235,4822,11.328528496927952,1
2025-11-16,Pogo,46,227,4468,10.961695339447719,1
2025-11-16,Nickelodeon,35,224,4530,10.48836981195516,1
2025-11-16,SonyMax,9,213,4931,10.795377918390773,1
2025-11-16,ZeeTelugu,31,210,4726,10.403137365175407,1
2025-11-16,ETV,32,207,4737,10.390955006014606,1
2025-11-16,GeminiTV,32,238,4793,10.88220472607351,1
2025-11-16,MaaTV,40,230,4601,10.050213914620134,1
2025-11-16,UdayaTV,42,241,4410,10.53877625313038,1
2025-11-16,SuryaTV,54,215,4636,10.81102773659682,1
2025-11-16,KTV,0,216,4488,10.447455193456767,1
2025-11-16,JayaTV,37,214,4917,10.627352719108432,1
2025-11-16,RajTV,23,229,4816,10.43258819590136,1
2025-11-16,KalaignarTV,-19,246,5029,10.908777051361936,1
2025-11-16,DDNews,19,221,4763,10.687085155311818,1
2025-11-16,DDNational,-4,245,5041,10.57487189887918,1
2025-11-16,DDSports,40,208,4525,9.864534862807123,1
2025-11-16,TenSports,1,238,4887,9.779583859215794,1
2025-11-16,StarSports,46,237,4969,10.832060734136206,1
2025-11-16,SonySports,21,210,4952,10.810928775793506,1
2025-11-16,Eurosport,-13,240,5040,11.084097077868726,1
2025-11-16,CNBC,-10,235,4796,10.202179446021754,1
2025-11-16,BloombergTV,-2,231,4538,10.487894836785351,1
2025-11-16,BBCWorld,39,227,4747,10.148877304302093,1
2025-11-16,AlJazeera,13,215,4615,10.552790160476498,1
2025-11-16,France24,-11,249,4838,10.427383459660964,1
2025-11-16,VH1,-2,243,4894,10.749196697055897,1
2025-11-16,MTV,21,247,4699,10.826610830715046,1
2025-11-17,News24,529,1,980,4.9752441273813695,0
2025-11-17,StarTV,539,1,1120,5.426088572880685,0
2025-11-17,ZeeTV,568,1,1151,4.719781591440958,0
2025-11-17,SunTV,561,1,966,5.348018787775901,0
2025-11-17,ABPNews,544,1,1062,5.177439440773356,0
2025-11-17,NDTV,565,9,979,5.150560718322637,0
2025-11-17,IndiaTV,563,1,779,5.476673494997424,0
2025-11-17,CNNNews18,538,1,1162,4.864128818647778,0
2025-11-17,TimesNow,577,1,871,5.182847424544451,0
2025-11-17,RepublicTV,581,11,1091,5.128470604808709,0
2025-11-17,TV9,524,1,1233,4.750296813548545,0
2025-11-17,Asianet,566,5,733,5.226084128338222,0
2025-11-17,Colors,545,1,891,5.513130326219773,0
2025-11-17,SonyTV,537,1,949,5.342358838784898,0
2025-11-17,StarPlus,557,1,1117,5.165522017256968,0
2025-11-17,ZeeCinema,575,12,802,4.526191499082546,0
2025-11-17,StarMovies,542,1,964,5.171657293189567,0
2025-11-17,HBO,546,8,929,4.978495146369461,0
2025-11-17,Discovery,553,1,987,4.870990404546351,0
2025-11-17,NationalGeographic,542,1,877,5.00836616978872,0
2025-11-17,AnimalPlanet,569,1,882,4.820326824366265,0
2025-11-17,HistoryTV18,568,1,994,4.6610032185551855,0
2025-11-17,CartoonNetwork,530,1,883,4.907465063143654,0
2025-11-17,Pogo,576,1,724,5.076531097464093,0
2025-11-17,Nickelodeon,551,1,1077,4.728367247109002,0
2025-11-17,SonyMax,578,1,836,5.268160631931835,0
2025-11-17,ZeeTelugu,531,1,953,4.922911912442751,0
2025-11-17,ETV,537,1,967,4.510322044062424,0
2025-11-17,GeminiTV,544,1,885,4.643308674461393,0
2025-11-17,MaaTV,526,3,950,5.4889161581636365,0
2025-11-17,UdayaTV,564,1,805,5.5531643473789165,0
2025-11-17,SuryaTV,574,2,829,4.580684113975631,0
2025-11-17,KTV,578,1,670,4.884253031260696,0
2025-11-17,JayaTV,540,1,1010,4.7031536816549675,0
2025-11-17,RajTV,570,1,1125,4.554298815237322,0
2025-11-17,KalaignarTV,560,1,1199,4.278045684621282,0
2025-11-17,DDNews,555,1,1195,4.871903153327467,0
2025-11-17,DDNational,565,1,958,4.985339339893448,0
2025-11-17,DDSports,543,5,1054,5.342992956689949,0
2025-11-17,TenSports,580,1,1066,5.587356831299494,0
2025-11-17,StarSports,524,1,923,5.535984008057849,0
2025-11-17,SonySports,550,4,1061,5.021495411440331,0
2025-11-17,Eurosport,557,1,1179,4.67462092833733,0
2025-11-17,CNBC,546,1,1058,5.317038922574759,0
2025-11-17,BloombergTV,527,1,947,4.514792708242024,0
2025-11-17,BBCWorld,551,1,1184,5.603320572467859,0
2025-11-17,AlJazeera,580,1,1176,4.497556246726439,0
2025-11-17,France24,545,1,799,5.721029805691947,0
2025-11-17,VH1,525,1,805,4.253726445968497,0
2025-11-17,MTV,564,1,979,5.511346161450882,0
2025-11-18,News24,27,205,4396,9.540270393357469,1
2025-11-18,StarTV,5,214,4585,9.402831721420059,1
2025-11-18,ZeeTV,2,211,4828,9.488763394312436,1
2025-11-18,SunTV,27,231,4919,9.761947112271354,1
2025-11-18,ABPNews,2,211,4801,9.640365219681073,1
2025-11-18,NDTV,29,229,4844,9.866756994950727,1
2025-11-18,IndiaTV,50,240,4856,10.730921026805268,1
2025-11-18,CNNNews18,55,208,4783,10.260119705041003,1
2025-11-18,TimesNow,11,210,4394,11.127818709160515,1
2025-11-18,RepublicTV,55,223,4385,9.795411674808568,1
2025-11-18,TV9,14,232,4829,9.774880536437763,1
2025-11-18,Asianet,2,216,4839,10.452177425273806,1
2025-11-18,Colors,12,229,4451,9.744953305073375,1
2025-11-18,SonyTV,32,229,4518,9.622784145373412,1
2025-11-18,StarPlus,6,232,4878,10.73386765502056,1
2025-11-18,ZeeCinema,9,218,4484,10.529054485869938,1
2025-11-18,StarMovies,28,212,4898,9.361003206176015,1
2025-11-18,HBO,22,245,5165,9.94475804144497,1
2025-11-18,Discovery,11,240,4803,9.851531424030076,1
2025-11-18,NationalGeographic,21,242,4912,9.918428345026346,1
2025-11-18,AnimalPlanet,30,205,4969,10.622635715610018,1
2025-11-18,HistoryTV18,35,243,4656,9.826083679573717,1
2025-11-18,CartoonNetwork,18,226,4787,9.708538995129395,1
2025-11-18,Pogo,5,241,4927,10.18347419697648,1
2025-11-18,Nickelodeon,-3,242,4902,10.838813425907492,1
2025-11-18,SonyMax,23,245,4854,9.202315747668287,1
2025-11-18,ZeeTelugu,15,244,4954,9.688004523082293,1
2025-11-18,ETV,-7,219,4631,10.737652991525318,1
2025-11-18,GeminiTV,10,226,4856,10.983824001204196,1
2025-11-18,MaaTV,9,238,4566,9.909824911867416,1
2025-11-18,UdayaTV,1,213,4766,9.554415170827314,1
2025-11-18,SuryaTV,18,231,5022,10.069270139191103,1
2025-11-18,KTV,41,203,4943,10.294118525593253,1
2025-11-18,JayaTV,31,230,4429,10.784118172784124,1
2025-11-18,RajTV,16,242,4784,10.648621371988284,1
2025-11-18,KalaignarTV,-2,221,4501,10.389483852348311,1
2025-11-18,DDNews,41,216,4683,11.161047997286229,1
2025-11-18,DDNational,28,227,4709,9.772909564683813,1
2025-11-18,DDSports,52,206,4832,10.042353664826056,1
2025-11-18,TenSports,27,219,4974,10.306467784662743,1
2025-11-18,StarSports,14,218,4705,10.260767942960756,1
2025-11-18,SonySports,6,216,4757,10.570440110214763,1
2025-11-18,Eurosport,24,207,4932,10.25351201540568,1
2025-11-18,CNBC,33,222,4539,9.417418319268451,1
2025-11-18,BloombergTV,13,218,4648,10.239348265251527,1
2025-11-18,BBCWorld,-8,218,4850,10.936503588696405,1
2025-11-18,AlJazeera,46,214,4673,10.517537792217482,1
2025-11-18,France24,41,203,4839,10.501728976502505,1
2025-11-18,VH1,50,218,4920,10.784952580595217,1
2025-11-18,MTV,38,208,4661,10.618377489619466,1
2025-11-19,News24,556,1,728,4.614978933209457,0
2025-11-19,StarTV,526,1,901,4.885027202965001,0
2025-11-19,ZeeTV,494,1,918,4.345893921356149,0
2025-11-19,SunTV,501,1,1102,4.733286212998551,0
2025-11-19,ABPNews,515,2,951,4.162519627558493,0
2025-11-19,NDTV,504,1,920,4.747565596183179,0
2025-11-19,IndiaTV,514,1,809,4.168465139735414,0
2025-11-19,CNNNews18,524,1,846,4.042289391651627,0
2025-11-19,TimesNow,508,1,748,3.9164503272950353,0
2025-11-19,RepublicTV,529,14,810,4.713094726527363,0
2025-11-19,TV9,516,1,772,4.026873513154023,0
2025-11-19,Asianet,540,1,967,4.625555352758522,0
2025-11-19,Colors,522,2,1039,5.0587694058238455,0
2025-11-19,SonyTV,522,10,781,3.90966615414615,0
2025-11-19,StarPlus,539,2,948,5.053406053224711,0
2025-11-19,ZeeCinema,519,10,747,5.145734134752899,0
2025-11-19,StarMovies,506,1,925,4.106255864222418,0
2025-11-19,HBO,544,1,756,5.031828960713689,0
2025-11-19,Discovery,516,1,784,5.338197670421355,0
2025-11-19,NationalGeographic,530,1,1037,5.435981485827912,0
2025-11-19,AnimalPlanet,531,7,691,3.751734433517437,0
2025-11-19,HistoryTV18,538,2,1114,4.793003525478194,0
2025-11-19,CartoonNetwork,542,1,901,5.223993861637295,0
2025-11-19,Pogo,535,1,929,4.75256506755059,0
2025-11-19,Nickelodeon,541,1,660,4.854013124745354,0
2025-11-19,SonyMax,506,7,1087,4.909720453048537,0
2025-11-19,ZeeTelugu,535,1,984,5.275467865754401,0
2025-11-19,ETV,557,8,664,4.934112264699111,0
2025-11-19,GeminiTV,540,7,833,4.516603576441314,0
2025-11-19,MaaTV,505,1,857,4.354548084002649,0
2025-11-19,UdayaTV,550,4,658,4.349847552950334,0
2025-11-19,SuryaTV,530,1,1010,5.236537851467724,0
2025-11-19,KTV,521,1,833,4.652542909944321,0
2025-11-19,JayaTV,514,1,1004,4.570299985239199,0
2025-11-19,RajTV,550,1,1095,4.786035597920073,0
2025-11-19,KalaignarTV,486,1,907,4.363140571215067,0
2025-11-19,DDNews,505,1,707,5.0206748723890104,0
2025-11-19,DDNational,501,11,636,4.02628451564413,0
2025-11-19,DDSports,535,6,1096,5.349365590021363,0
2025-11-19,TenSports,548,1,958,5.3017815832965125,0
2025-11-19,StarSports,499,1,778,5.105229128338834,0
2025-11-19,SonySports,496,1,806,4.978654234101045,0
2025-11-19,Eurosport,539,4,896,4.193979046961414,0
2025-11-19,CNBC,534,1,1085,4.513802315577367,0
2025-11-19,BloombergTV,517,1,955,4.711497663388864,0
2025-11-19,BBCWorld,523,1,1054,4.892923995089986,0
2025-11-19,AlJazeera,501,11,959,4.07978390436616,0
2025-11-19,France24,505,1,756,5.122314399428692,0
2025-11-19,VH1,557,1,773,5.059835554227468,0
2025-11-19,MTV,510,1,796,4.11552496461159,0
2025-11-20,News24,57,218,4615,10.422048119991391,1
2025-11-20,StarTV,27,241,4463,10.059775490181933,1
2025-11-20,ZeeTV,1,239,4796,10.707126256024365,1
2025-11-20,SunTV,11,217,5023,10.816076590402337,1
2025-11-20,ABPNews,14,245,4902,10.77300623383857,1
2025-11-20,NDTV,-19,252,4690,11.54748976470407,1
2025-11-20,IndiaTV,52,226,4949,10.9113712368005,1
2025-11-20,CNNNews18,-7,231,4714,10.102381509876816,1
2025-11-20,TimesNow,10,238,4804,10.381521254616407,1
2025-11-20,RepublicTV,36,239,4613,11.28626756860973,1
2025-11-20,TV9,6,212,4679,10.357207708479557,1
2025-11-20,Asianet,41,210,4965,10.21212063655769,1
2025-11-20,Colors,6,245,4772,10.409370118092404,1
2025-11-20,SonyTV,6,215,4713,10.277143503698472,1
2025-11-20,StarPlus,34,241,4951,11.294912026225047,1
2025-11-20,ZeeCinema,10,212,5084,10.81645230268822,1
2025-11-20,StarMovies,3,234,5013,10.024564333268705,1
2025-11-20,HBO,19,246,4530,9.926086419515013,1
2025-11-20,Discovery,31,228,5065,10.399921224567226,1
2025-11-20,NationalGeographic,57,217,5021,11.126401795311825,1
2025-11-20,AnimalPlanet,1,227,4872,10.472884394388853,1
2025-11-20,HistoryTV18,11,206,5082,10.332605723351362,1
2025-11-20,CartoonNetwork,16,236,4821,10.782527964302083,1
2025-11-20,Pogo,2,238,4875,10.710961930472592,1
2025-11-20,Nickelodeon,22,213,5213,10.448641486810919,1
2025-11-20,SonyMax,20,242,4861,10.00039035924244,1
2025-11-20,ZeeTelugu,-3,240,4971,11.119407838018793,1
2025-11-20,ETV,17,254,4745,11.096629535961489,1
2025-11-20,GeminiTV,12,215,4762,10.415701618096067,1
2025-11-20,MaaTV,20,218,4528,11.073406086102029,1
2025-11-20,UdayaTV,25,250,4925,10.604492961129639,1
2025-11-20,SuryaTV,8,240,4741,10.278788986558284,1
2025-11-20,KTV,14,249,4509,11.054214567399585,1
2025-11-20,JayaTV,10,226,4708,10.27498683169828,1
2025-11-20,RajTV,11,250,4767,10.433352875411535,1
2025-11-20,KalaignarTV,16,231,4730,10.237214295769974,1
2025-11-20,DDNews,20,236,4747,10.790088171052084,1
2025-11-20,DDNational,27,233,4918,9.964995485631883,1
2025-11-20,DDSports,2,240,5037,10.16637971878216,1
2025-11-20,TenSports,-1,234,4922,10.092368790601784,1
2025-11-20,StarSports,27,204,4930,10.211249671613931,1
2025-11-20,SonySports,15,218,4947,9.984014687548514,1
2025-11-20,Eurosport,5,238,4812,10.077004892379845,1
2025-11-20,CNBC,28,245,4600,10.677132532371152,1
2025-11-20,BloombergTV,31,234,4583,10.701374162297844,1
2025-11-20,BBCWorld,11,241,5068,9.955372253851374,1
2025-11-20,AlJazeera,25,219,5103,10.447508784683983,1
2025-11-20,France24,17,245,4795,10.50457070999169,1
2025-11-20,VH1,4,245,4579,10.465504207070527,1
2025-11-20,MTV,51,216,4995,10.075641924625913,1
2025-11-21,News24,571,1,1213,4.636073005923379,0
2025-11-21,StarTV,550,1,1180,5.906931870607481,0
2025-11-21,ZeeTV,564,1,922,5.107845384066109,0
2025-11-21,SunTV,548,1,897,5.4103891631931,0
2025-11-21,ABPNews,555,1,1088,5.959740765798874,0
2025-11-21,NDTV,536,1,1044,4.6241157632862535,0
2025-11-21,IndiaTV,545,1,1105,4.624180338977559,0
2025-11-21,CNNNews18,542,3,988,5.873549982838283,0
2025-11-21,TimesNow,544,1,866,5.611807749900387,0
2025-11-21,RepublicTV,580,1,1008,5.31257579629319,0
2025-11-21,TV9,543,3,1042,5.785503525183429,0
2025-11-21,Asianet,549,1,788,5.646284349327656,0
2025-11-21,Colors,589,1,1065,5.443735350626175,0
2025-11-21,SonyTV,543,9,1169,4.579779688430553,0
2025-11-21,StarPlus,542,1,927,5.524839539537594,0
2025-11-21,ZeeCinema,528,1,765,6.039090727812708,0
2025-11-21,StarMovies,534,1,973,5.061920521945319,0
2025-11-21,HBO,551,1,1117,5.911250695876933,0
2025-11-21,Discovery,550,1,1206,5.000955143372426,0
2025-11-21,NationalGeographic,552,5,1097,5.490831946530105,0
2025-11-21,AnimalPlanet,567,1,822,4.854408169141654,0
2025-11-21,HistoryTV18,578,1,906,4.58562113592023,0
2025-11-21,CartoonNetwork,582,1,1111,5.313317626285666,0
2025-11-21,Pogo,585,1,1040,4.849188421501728,0
2025-11-21,Nickelodeon,540,1,950,5.739043175696488,0
2025-11-21,SonyMax,580,1,1081,4.686742315005597,0
2025-11-21,ZeeTelugu,593,1,850,5.1272786378058814,0
2025-11-21,ETV,568,1,754,5.825470410517693,0
2025-11-21,GeminiTV,532,1,869,5.757719407253987,0
2025-11-21,MaaTV,578,1,991,5.41353983263287,0
2025-11-21,UdayaTV,586,1,1009,4.806905789089941,0
2025-11-21,SuryaTV,580,1,1139,5.252645145258663,0
2025-11-21,KTV,593,1,1093,5.363486163756461,0
2025-11-21,JayaTV,542,1,1018,5.816936059170351,0
2025-11-21,RajTV,583,1,803,4.944900471552,0
2025-11-21,KalaignarTV,580,8,1242,4.9474685901393745,0
2025-11-21,DDNews,600,1,832,5.328544279060978,0
2025-11-21,DDNational,582,1,796,5.437357570395212,0
2025-11-21,DDSports,580,1,781,4.7116139391733745,0
2025-11-21,TenSports,593,1,1032,5.144173657685093,0
2025-11-21,StarSports,534,7,791,4.623594582911681,0
2025-11-21,SonySports,556,1,965,5.325081004046831,0
2025-11-21,Eurosport,588,11,896,4.7886312661514765,0
2025-11-21,CNBC,547,1,1001,5.161240724625686,0
2025-11-21,BloombergTV,560,1,1052,5.540818180631257,0
2025-11-21,BBCWorld,547,1,883,5.160203911889427,0
2025-11-21,AlJazeera,549,1,1052,5.094317793831466,0
2025-11-21,France24,554,1,908,5.177184574998432,0
2025-11-21,VH1,545,1,1042,5.0015998281755945,0
2025-11-21,MTV,544,1,1005,5.3487553098264895,0
2025-11-22,News24,17,242,4622,9.49833573855634,1
2025-11-22,StarTV,20,229,4890,10.960275505744708,1
2025-11-22,ZeeTV,27,219,4561,9.928543671524178,1
2025-11-22,SunTV,41,247,5097,10.037150947519956,1
2025-11-22,ABPNews,24,221,4799,10.177372803126095,1
2025-11-22,NDTV,25,224,4983,9.686151021854476,1
2025-11-22,IndiaTV,60,210,4563,10.078968286902478,1
2025-11-22,CNNNews18,46,243,4691,9.627452839330779,1
2025-11-22,TimesNow,4,228,4838,10.198187965644,1
2025-11-22,RepublicTV,4,236,5001,9.97591685326907,1
2025-11-22,TV9,-6,228,4869,10.565024607081826,1
2025-11-22,Asianet,44,215,4844,9.679783422020284,1
2025-11-22,Colors,2,235,4969,10.469960619811832,1
2025-11-22,SonyTV,-11,240,4510,9.844331619858535,1
2025-11-22,StarPlus,11,250,4699,10.747845012513816,1
2025-11-22,ZeeCinema,38,219,4871,9.794340356098102,1
2025-11-22,StarMovies,11,226,4646,10.789478365920441,1
2025-11-22,HBO,9,243,4810,9.571588018815357,1
2025-11-22,Discovery,53,223,4758,10.365575041537998,1
2025-11-22,NationalGeographic,27,235,4734,10.457347476539937,1
2025-11-22,AnimalPlanet,35,252,4605,10.492717524195335,1
2025-11-22,HistoryTV18,39,219,4394,9.70745288684153,1
2025-11-22,CartoonNetwork,39,251,4837,11.229059468628112,1
2025-11-22,Pogo,2,248,4719,10.236395894091597,1
2025-11-22,Nickelodeon,13,216,5062,11.009694503966669,1
2025-11-22,SonyMax,32,254,4831,10.12501574477869,1
2025-11-22,ZeeTelugu,44,242,5123,10.02448509671414,1
2025-11-22,ETV,-12,228,4953,10.600718923286598,1
2025-11-22,GeminiTV,18,223,4921,10.426734376580583,1
2025-11-22,MaaTV,18,215,4410,10.395387629642702,1
2025-11-22,UdayaTV,17,227,4680,11.218445244059843,1
2025-11-22,SuryaTV,55,239,4634,9.762323673111677,1
2025-11-22,KTV,-5,227,4859,9.558430353535071,1
2025-11-22,JayaTV,11,219,4606,10.81507901443546,1
2025-11-22,RajTV,43,225,4783,10.564159037205222,1
2025-11-22,KalaignarTV,26,209,4603,10.390625086861121,1
2025-11-22,DDNews,14,238,4933,9.980338550949481,1
2025-11-22,DDNational,-8,228,5126,10.892580154932007,1
2025-11-22,DDSports,9,224,4403,10.277874185197431,1
2025-11-22,TenSports,-2,222,4530,10.184109761458537,1
2025-11-22,StarSports,-4,224,4759,10.448706578201218,1
2025-11-22,SonySports,46,223,4667,9.500078857114712,1
2025-11-22,Eurosport,15,221,4691,10.466186944875552,1
2025-11-22,CNBC,62,209,4781,10.030223649435296,1
2025-11-22,BloombergTV,27,250,4545,9.773373987222502,1
2025-11-22,BBCWorld,24,242,4881,9.515737484527492,1
2025-11-22,AlJazeera,33,227,5110,10.635873983693816,1
2025-11-22,France24,11,248,4783,11.078858436184078,1
2025-11-22,VH1,-15,241,4821,9.357101916515381,1
2025-11-22,MTV,52,241,4875,11.181952148949744,1
2025-11-23,News24,517,1,891,5.441598388641676,0
2025-11-23,StarTV,517,1,1068,5.011560005126773,0
2025-11-23,ZeeTV,544,9,921,5.311930452524715,0
2025-11-23,SunTV,519,14,872,4.887061619034496,0
2025-11-23,ABPNews,518,1,734,5.3863527533651006,0
2025-11-23,NDTV,550,4,985,4.089993617177631,0
2025-11-23,IndiaTV,540,1,1048,4.219651512458469,0
2025-11-23,CNNNews18,531,1,792,4.3520551086698145,0
2025-11-23,TimesNow,510,1,865,5.510908662152305,0
2025-11-23,RepublicTV,521,1,1119,3.933567217761277,0
2025-11-23,TV9,561,1,770,4.510092687976033,0
2025-11-23,Asianet,540,1,747,5.29293974267071,0
2025-11-23,Colors,523,1,1106,5.529997740143931,0
2025-11-23,SonyTV,547,1,886,4.615685903504229,0
2025-11-23,StarPlus,537,1,800,5.481141099087456,0
2025-11-23,ZeeCinema,525,1,814,5.43822019205345,0
2025-11-23,StarMovies,549,1,1077,4.727793864372174,0
2025-11-23,HBO,558,1,941,5.319183736741079,0
2025-11-23,Discovery,537,1,807,5.229551732458546,0
2025-11-23,NationalGeographic,532,1,746,4.5685323484480955,0
2025-11-23,AnimalPlanet,547,1,1148,4.094462322811455,0
2025-11-23,HistoryTV18,521,6,772,4.850891258362015,0
2025-11-23,CartoonNetwork,529,1,931,4.621824411862085,0
2025-11-23,Pogo,553,4,991,4.231215080734736,0
2025-11-23,Nickelodeon,556,1,943,4.32852491782494,0
2025-11-23,SonyMax,555,1,742,5.433022234238389,0
2025-11-23,ZeeTelugu,533,1,943,4.4959929809635595,0
2025-11-23,ETV,501,2,727,4.585383822393518,0
2025-11-23,GeminiTV,554,1,734,4.382311214094213,0
2025-11-23,MaaTV,547,3,836,4.8049767298242925,0
2025-11-23,UdayaTV,551,1,1096,4.501001902172748,0
2025-11-23,SuryaTV,523,1,957,4.795576550434192,0
2025-11-23,KTV,545,1,984,5.464727203334222,0
2025-11-23,JayaTV,524,11,668,5.096479395695625,0
2025-11-23,RajTV,557,1,913,5.405804316407629,0
2025-11-23,KalaignarTV,518,10,918,5.517985865148903,0
2025-11-23,DDNews,551,1,887,5.30128726904555,0
2025-11-23,DDNational,545,1,913,5.0888906394252365,0
2025-11-23,DDSports,502,14,819,4.998439479484519,0
2025-11-23,TenSports,500,1,878,5.096075242100114,0
2025-11-23,StarSports,547,1,838,5.116885284591937,0
2025-11-23,SonySports,550,1,771,4.394060668005987,0
2025-11-23,Eurosport,534,7,948,4.190464531998107,0
2025-11-23,CNBC,535,1,743,5.018594410753339,0
2025-11-23,BloombergTV,519,1,986,4.618611507659662,0
2025-11-23,BBCWorld,504,2,1013,4.60083672247106,0
2025-11-23,AlJazeera,509,2,1081,5.074334741792065,0
2025-11-23,France24,512,1,799,4.18389454487863,0
2025-11-23,VH1,510,1,700,5.576517317241925,0
2025-11-23,MTV,525,1,786,4.150120552991995,0
2025-11-24,News24,11,226,4782,11.17701591205013,1
2025-11-24,StarTV,43,230,4926,10.984274558195073,1
2025-11-24,ZeeTV,3,222,5153,9.882669325860787,1
2025-11-24,SunTV,30,228,5006,10.5429626928268,1
2025-11-24,ABPNews,25,253,4992,10.757237306784912,1
2025-11-24,NDTV,18,226,5211,10.955881469587585,1
2025-11-24,IndiaTV,57,234,5039,10.425086193511355,1
2025-11-24,CNNNews18,-6,231,4837,10.194785822038268,1
2025-11-24,TimesNow,23,256,5169,9.56274139509691,1
2025-11-24,RepublicTV,3,219,4989,10.382344380336642,1
2025-11-24,TV9,24,232,4634,10.146894036314015,1
2025-11-24,Asianet,54,246,4921,9.954913429096887,1
2025-11-24,Colors,3,217,4907,10.578598303298076,1
2025-11-24,SonyTV,14,240,4874,10.100600362785222,1
2025-11-24,StarPlus,-15,236,5073,11.155340066962934,1
2025-11-24,ZeeCinema,21,243,4890,10.198001565059522,1
2025-11-24,StarMovies,-10,221,4831,10.570999309698278,1
2025-11-24,HBO,24,233,5026,9.887651403615903,1
2025-11-24,Discovery,5,229,5075,10.29807802116393,1
2025-11-24,NationalGeographic,2,213,4918,9.612281308155048,1
2025-11-24,AnimalPlanet,3,241,4743,10.954801792522064,1
2025-11-24,HistoryTV18,-17,244,4850,11.125828479245095,1
2025-11-24,CartoonNetwork,17,246,5270,10.784305637973935,1
2025-11-24,Pogo,31,229,4954,10.002078589914928,1
2025-11-24,Nickelodeon,1,237,4816,10.53360477068795,1
2025-11-24,SonyMax,5,226,4765,10.339779515961546,1
2025-11-24,ZeeTelugu,48,218,4809,10.012555864804359,1
2025-11-24,ETV,-5,229,4742,9.510223574958,1
2025-11-24,GeminiTV,25,216,4813,10.430346081963888,1
2025-11-24,MaaTV,22,225,5012,10.837987064024283,1
2025-11-24,UdayaTV,9,220,4779,9.623355068932224,1
2025-11-24,SuryaTV,23,243,4740,10.49996613210416,1
2025-11-24,KTV,14,228,4833,10.668826975867502,1
2025-11-24,JayaTV,37,244,4822,9.512676606101568,1
2025-11-24,RajTV,-2,236,4696,10.645858013487365,1
2025-11-24,KalaignarTV,3,227,4895,9.884034764092913,1
2025-11-24,DDNews,-4,209,5109,10.067220441192456,1
2025-11-24,DDNational,34,230,5015,11.08702375894167,1
2025-11-24,DDSports,32,219,4854,10.96801353637933,1
2025-11-24,TenSports,28,241,5051,9.894755386520345,1
2025-11-24,StarSports,-13,252,5136,10.228749644559032,1
2025-11-24,SonySports,-1,236,4969,9.961551497937203,1
2025-11-24,Eurosport,11,216,5037,11.032847026145253,1
2025-11-24,CNBC,3,252,4666,10.131232003237518,1
2025-11-24,BloombergTV,42,234,4937,10.641180024840068,1
2025-11-24,BBCWorld,24,232,4904,10.10390897440054,1
2025-11-24,AlJazeera,12,235,5182,10.598885279899243,1
2025-11-24,France24,25,209,4852,10.147604992918104,1
2025-11-24,VH1,2,242,4612,10.136895296469138,1
2025-11-24,MTV,43,223,4735,11.017283282103321,1
2025-11-25,News24,570,1,1192,5.504613101939374,0
2025-11-25,StarTV,548,8,1072,5.152168395469998,0
2025-11-25,ZeeTV,597,1,1200,5.638113854331001,0
2025-11-25,SunTV,602,1,824,4.984471170476927,0
2025-11-25,ABPNews,591,1,761,5.193563822283216,0
2025-11-25,NDTV,569,1,733,5.518517057065228,0
2025-11-25,IndiaTV,555,1,904,4.9242634605338464,0
2025-11-25,CNNNews18,569,1,1165,5.1358266324685005,0
2025-11-25,TimesNow,569,1,772,5.866524571026375,0
2025-11-25,RepublicTV,589,1,928,5.919738513568564,0
2025-11-25,TV9,572,3,932,5.526210427891467,0
2025-11-25,Asianet,576,1,912,4.551549208064938,0
2025-11-25,Colors,590,1,950,5.705778160351945,0
2025-11-25,SonyTV,560,1,987,5.204261475404614,0
2025-11-25,StarPlus,582,4,1155,5.9898444937356,0
2025-11-25,ZeeCinema,567,1,966,4.755215499313141,0
2025-11-25,StarMovies,569,1,944,5.9680628885690155,0
2025-11-25,HBO,604,1,1041,4.93431970461217,0
2025-11-25,Discovery,593,1,864,5.229455211183194,0
2025-11-25,NationalGeographic,552,6,1126,5.545552177244196,0
2025-11-25,AnimalPlanet,570,1,1050,4.823420083009964,0
2025-11-25,HistoryTV18,581,1,1206,5.647085689344312,0
2025-11-25,CartoonNetwork,561,1,998,5.617291699149327,0
2025-11-25,Pogo,566,1,1009,4.850241140163075,0
2025-11-25,Nickelodeon,566,1,1099,5.405916998480493,0
2025-11-25,SonyMax,572,1,1178,4.561300892548265,0
2025-11-25,ZeeTelugu,581,1,1129,5.2086386246439575,0
2025-11-25,ETV,599,1,941,4.786148338844307,0
2025-11-25,GeminiTV,598,1,901,5.9575670087753405,0
2025-11-25,MaaTV,571,1,1101,4.637570124513729,0
2025-11-25,UdayaTV,580,1,1060,5.044943155657181,0
2025-11-25,SuryaTV,557,1,991,5.720353281490799,0
2025-11-25,KTV,559,7,1086,5.014707333674384,0
2025-11-25,JayaTV,588,10,1060,5.812081750147866,0
2025-11-25,RajTV,575,1,763,4.981337984828606,0
2025-11-25,KalaignarTV,604,1,859,5.257680606413067,0
2025-11-25,DDNews,603,3,927,5.850182071768175,0
2025-11-25,DDNational,584,1,1076,6.0764403378081235,0
2025-11-25,DDSports,599,1,1123,5.031055045614357,0
2025-11-25,TenSports,558,1,1172,5.029127538239399,0
2025-11-25,StarSports,561,5,1045,5.849840429798388,0
2025-11-25,SonySports,553,1,991,5.780187948119265,0
2025-11-25,Eurosport,555,1,1004,4.7699900601785705,0
2025-11-25,CNBC,548,1,995,5.486762490273661,0
2025-11-25,BloombergTV,600,1,1078,5.6576730758518154,0
2025-11-25,BBCWorld,572,1,965,4.839902679596765,0
2025-11-25,AlJazeera,546,1,935,5.817797400149099,0
2025-11-25,France24,557,1,1262,5.667540536709666,0
2025-11-25,VH1,558,1,1112,5.576568037350048,0
2025-11-25,MTV,589,1,881,4.824937538500946,0
2025-11-26,News24,37,226,4695,10.937187350180226,1
2025-11-26,StarTV,10,204,4836,11.170704081373641,1
2025-11-26,ZeeTV,12,242,4602,10.272863940712798,1
2025-11-26,SunTV,17,234,5036,9.827355009551821,1
2025-11-26,ABPNews,12,240,4931,10.892432085367036,1
2025-11-26,NDTV,28,240,5113,10.704970891805859,1
2025-11-26,IndiaTV,1,230,5096,10.828646003439703,1
2025-11-26,CNNNews18,39,227,4873,9.839778233354801,1
2025-11-26,TimesNow,-7,235,4748,10.83065313295091,1
2025-11-26,RepublicTV,49,236,4563,10.54997738689265,1
2025-11-26,TV9,40,227,4681,10.123092729319751,1
2025-11-26,Asianet,-9,234,4862,9.82233353342193,1
2025-11-26,Colors,15,251,5168,10.087620205757265,1
2025-11-26,SonyTV,17,224,4581,10.961474762107414,1
2025-11-26,StarPlus,-9,234,4851,10.8717040629507,1
2025-11-26,ZeeCinema,8,209,5263,10.351985967892357,1
2025-11-26,StarMovies,-6,221,4800,11.203506737387645,1
2025-11-26,HBO,36,239,5151,9.988007526482997,1
2025-11-26,Discovery,-8,214,4939,10.662273737861419,1
2025-11-26,NationalGeographic,37,233,4813,10.59132685868241,1
2025-11-26,AnimalPlanet,6,252,5170,10.620687404215278,1
2025-11-26,HistoryTV18,4,251,4790,10.160909234378211,1
2025-11-26,CartoonNetwork,34,221,4909,9.900343962201772,1
2025-11-26,Pogo,51,246,5024,10.59969243380597,1
2025-11-26,Nickelodeon,16,257,4440,10.68691572464944,1
2025-11-26,SonyMax,-11,228,4960,10.954197486130065,1
2025-11-26,ZeeTelugu,34,232,4594,10.26464917233709,1
2025-11-26,ETV,38,256,4833,9.768720812635149,1
2025-11-26,GeminiTV,-4,228,4719,9.695223253660425,1
2025-11-26,MaaTV,48,209,5132,10.380904163585676,1
2025-11-26,UdayaTV,3,226,4698,9.98132352397,1
2025-11-26,SuryaTV,14,224,4562,10.947226008404494,1
2025-11-26,KTV,28,221,4624,9.425636835137697,1
2025-11-26,JayaTV,19,230,4724,10.589768935901326,1
2025-11-26,RajTV,33,216,5158,10.278327575262171,1
2025-11-26,KalaignarTV,6,226,5078,10.831294544207498,1
2025-11-26,DDNews,-9,239,4823,10.403550845683796,1
2025-11-26,DDNational,18,226,4847,10.373493618121913,1
2025-11-26,DDSports,28,226,4490,9.706349899710244,1
2025-11-26,TenSports,-12,209,4832,10.496195897746004,1
2025-11-26,StarSports,40,202,4764,10.82143684236498,1
2025-11-26,SonySports,-4,253,4835,10.178599495829454,1
2025-11-26,Eurosport,-5,236,4656,10.692763405296706,1
2025-11-26,CNBC,-8,250,4792,11.132044239783927,1
2025-11-26,BloombergTV,29,238,5015,10.027742451791342,1
2025-11-26,BBCWorld,-15,239,4886,10.854240002922051,1
2025-11-26,AlJazeera,7,214,4793,10.453489246934307,1
2025-11-26,France24,33,228,4901,9.917667217354888,1
2025-11-26,VH1,16,242,4966,9.798953902982188,1
2025-11-26,MTV,11,242,4720,9.743800011616834,1
2025-11-27,News24,547,1,1064,4.4920717686990015,0
2025-11-27,StarTV,558,12,760,4.394606603071701,0
2025-11-27,ZeeTV,562,3,770,4.695829165144745,0
2025-11-27,SunTV,539,1,769,5.4032792194501695,0
2025-11-27,ABPNews,549,6,854,4.941379388850008,0
2025-11-27,NDTV,521,1,1144,4.702014696657739,0
2025-11-27,IndiaTV,552,1,721,4.82567757186405,0
2025-11-27,CNNNews18,542,1,864,4.773304390010508,0
2025-11-27,TimesNow,559,1,874,4.315433893419805,0
2025-11-27,RepublicTV,526,1,752,4.414895282993669,0
2025-11-27,TV9,559,1,716,5.428975241362246,0
2025-11-27,Asianet,527,1,1021,4.676434470859264,0
2025-11-27,Colors,562,1,838,4.969450545182661,0
2025-11-27,SonyTV,532,1,1037,4.536721143989992,0
2025-11-27,StarPlus,522,1,769,4.885968189404262,0
2025-11-27,ZeeCinema,528,1,1023,4.666202850644519,0
2025-11-27,StarMovies,551,1,1054,5.649401244081695,0
2025-11-27,HBO,528,1,665,5.613643607328435,0
2025-11-27,Discovery,530,1,675,5.410987859276988,0
2025-11-27,NationalGeographic,522,1,1050,5.180268380532106,0
2025-11-27,AnimalPlanet,541,1,961,4.5283021309752,0
2025-11-27,HistoryTV18,527,1,871,5.071867798275662,0
2025-11-27,CartoonNetwork,548,1,1152,5.073067856172922,0
2025-11-27,Pogo,565,1,875,5.1804611800993445,0
2025-11-27,Nickelodeon,558,1,781,5.2051750044639995,0
2025-11-27,SonyMax,519,1,1035,4.171734418328805,0
2025-11-27,ZeeTelugu,563,1,921,5.727187128878173,0
2025-11-27,ETV,542,1,1113,4.797933729138862,0
2025-11-27,GeminiTV,551,7,1020,4.218011324940831,0
2025-11-27,MaaTV,523,1,886,5.619037305141683,0
2025-11-27,UdayaTV,556,1,1013,5.637432400528533,0
2025-11-27,SuryaTV,524,1,986,5.213300170932442,0
2025-11-27,KTV,561,1,992,5.185106717694094,0
2025-11-27,JayaTV,519,1,913,5.3442484608800065,0
2025-11-27,RajTV,525,1,771,4.790183334836213,0
2025-11-27,KalaignarTV,564,1,833,4.452052216078444,0
2025-11-27,DDNews,529,2,1091,5.1251182799462205,0
2025-11-27,DDNational,529,3,786,5.085424517625594,0
2025-11-27,DDSports,541,1,924,4.956448752892735,0
2025-11-27,TenSports,555,1,1064,5.7742895723402015,0
2025-11-27,StarSports,554,2,1094,5.514645168870641,0
2025-11-27,SonySports,518,1,1101,4.428170142056815,0
2025-11-27,Eurosport,562,1,937,5.295213852182341,0
2025-11-27,CNBC,514,1,1144,5.105064527392137,0
2025-11-27,BloombergTV,523,3,907,5.5584596443949525,0
2025-11-27,BBCWorld,549,8,1005,5.470263439465623,0
2025-11-27,AlJazeera,535,1,1100,4.470622711005024,0
2025-11-27,France24,549,1,718,4.749760117985249,0
2025-11-27,VH1,532,1,758,4.568617802935658,0
2025-11-27,MTV,547,1,679,5.30150832392557,0
2025-11-28,News24,5,225,4534,10.852440508512476,1
2025-11-28,StarTV,37,238,4829,10.600839089188456,1
2025-11-28,ZeeTV,37,211,5211,10.127249235939004,1
2025-11-28,SunTV,-18,231,4726,10.976468374579609,1
2025-11-28,ABPNews,6,228,4959,10.475409190393796,1
2025-11-28,NDTV,8,213,4517,10.864083508102661,1
2025-11-28,IndiaTV,21,216,4746,11.382520666213384,1
2025-11-28,CNNNews18,15,256,4997,11.08567032600253,1
2025-11-28,TimesNow,38,213,4933,11.221596241229827,1
2025-11-28,RepublicTV,26,241,4734,9.63100236749211,1
2025-11-28,TV9,20,236,5017,11.312660537608533,1
2025-11-28,Asianet,15,217,4886,10.950807462766067,1
2025-11-28,Colors,-12,241,4786,10.427728192050685,1
2025-11-28,SonyTV,38,227,5128,10.48337023905611,1
2025-11-28,StarPlus,17,253,5269,10.703033318601362,1
2025-11-28,ZeeCinema,15,261,4969,10.455568866529086,1
2025-11-28,StarMovies,13,236,4897,10.858565989602496,1
2025-11-28,HBO,-12,226,5024,10.840651570783683,1
2025-11-28,Discovery,6,241,4852,11.223163333390165,1
2025-11-28,NationalGeographic,-2,225,4806,9.648818022166065,1
2025-11-28,AnimalPlanet,35,247,5159,10.150803547988456,1
2025-11-28,HistoryTV18,-2,225,4876,10.141276508497171,1
2025-11-28,CartoonNetwork,17,223,5132,10.579374390893792,1
2025-11-28,Pogo,17,250,4828,10.670041850898224,1
2025-11-28,Nickelodeon,9,241,4916,10.652184848264925,1
2025-11-28,SonyMax,17,233,4951,10.4315321721465,1
2025-11-28,ZeeTelugu,16,246,5195,9.902000910487942,1
2025-11-28,ETV,50,209,4924,9.694594018618737,1
2025-11-28,GeminiTV,-19,255,4967,10.741323652993808,1
2025-11-28,MaaTV,25,233,5133,10.783555886765189,1
2025-11-28,UdayaTV,16,233,5230,10.411349665180818,1
2025-11-28,SuryaTV,7,254,4966,10.402403212166409,1
2025-11-28,KTV,27,257,5251,10.974605531516778,1
2025-11-28,JayaTV,37,222,4615,10.7545925700261,1
2025-11-28,RajTV,29,234,4734,10.789169160772902,1
2025-11-28,KalaignarTV,48,247,4899,11.17934124219967,1
2025-11-28,DDNews,25,213,4982,9.891446079665958,1
2025-11-28,DDNational,19,228,4973,9.611709481362858,1
2025-11-28,DDSports,5,253,4999,10.686837098759089,1
2025-11-28,TenSports,26,224,4985,10.043980107308812,1
2025-11-28,StarSports,26,247,4748,10.709955275740787,1
2025-11-28,SonySports,7,233,4926,11.049726485048838,1
2025-11-28,Eurosport,21,232,4574,9.896751562027752,1
2025-11-28,CNBC,18,233,4543,10.6627741827581,1
2025-11-28,BloombergTV,16,217,5055,11.200016445233189,1
2025-11-28,BBCWorld,8,251,5263,10.641493707912904,1
2025-11-28,AlJazeera,8,219,4876,10.347279586034093,1
2025-11-28,France24,-4,229,4888,10.328360993496961,1
2025-11-28,VH1,0,250,4881,9.965739969308201,1
2025-11-28,MTV,23,216,5012,10.793409045667461,1
2025-11-29,News24,601,1,843,4.623911169484747,0
2025-11-29,StarTV,606,1,1161,4.735808303913812,0
2025-11-29,ZeeTV,588,1,1202,4.974568208572091,0
2025-11-29,SunTV,594,1,935,4.843626100359326,0
2025-11-29,ABPNews,613,1,1242,4.753887878284244,0
2025-11-29,NDTV,593,1,1114,5.7332278855706145,0
2025-11-29,IndiaTV,609,1,880,5.129191371513548,0
2025-11-29,CNNNews18,597,1,982,5.915615342050026,0
2025-11-29,TimesNow,572,1,1161,4.711520666551261,0
2025-11-29,RepublicTV,571,1,1107,5.538923454442475,0
2025-11-29,TV9,580,1,1167,4.585289065460784,0
2025-11-29,Asianet,592,1,1201,5.29269076672945,0
2025-11-29,Colors,601,1,1248,5.030514091211542,0
2025-11-29,SonyTV,584,1,1011,5.565414766844457,0
2025-11-29,StarPlus,570,1,1043,5.106448287365875,0
2025-11-29,ZeeCinema,584,1,878,5.703416029060486,0
2025-11-29,StarMovies,574,1,851,5.697316842625367,0
2025-11-29,HBO,590,1,869,5.515795750264325,0
2025-11-29,Discovery,567,1,1240,5.121081065359313,0
2025-11-29,NationalGeographic,597,1,814,4.677368030332105,0
2025-11-29,AnimalPlanet,575,1,885,5.104361732504108,0
2025-11-29,HistoryTV18,586,1,1021,4.582177665214362,0
2025-11-29,CartoonNetwork,596,1,1099,5.563494490460483,0
2025-11-29,Pogo,560,1,1205,4.834409228150008,0
2025-11-29,Nickelodeon,571,3,924,4.318177884362978,0
2025-11-29,SonyMax,600,1,1020,5.083550231863314,0
2025-11-29,ZeeTelugu,600,1,1056,5.934658756099519,0
2025-11-29,ETV,589,1,1002,5.111352485397429,0
2025-11-29,GeminiTV,600,3,918,5.352702693682414,0
2025-11-29,MaaTV,619,1,1276,4.500707484700214,0
2025-11-29,UdayaTV,618,1,907,4.533785060179915,0
2025-11-29,SuryaTV,578,1,905,4.920731910229849,0
2025-11-29,KTV,561,1,1000,4.4977733089466465,0
2025-11-29,JayaTV,609,1,933,4.577475932994156,0
2025-11-29,RajTV,585,1,1155,5.038540537694384,0
2025-11-29,KalaignarTV,602,1,927,4.517155714863674,0
2025-11-29,DDNews,600,1,1112,5.408245843848951,0
2025-11-29,DDNational,574,1,1052,5.598327627583675,0
2025-11-29,DDSports,593,1,1243,4.40167956947917,0
2025-11-29,TenSports,610,1,1085,4.857073523369574,0
2025-11-29,StarSports,574,1,1160,4.988615081470541,0
2025-11-29,SonySports,593,1,1048,5.959765068994334,0
2025-11-29,Eurosport,547,1,877,4.620360288362571,0
2025-11-29,CNBC,610,1,1035,5.139267121688275,0
2025-11-29,BloombergTV,592,1,1114,4.4891107315945,0
2025-11-29,BBCWorld,603,8,1069,5.385926010556668,0
2025-11-29,AlJazeera,580,1,1110,4.620585344570765,0
2025-11-29,France24,606,1,863,4.748241933263964,0
2025-11-29,VH1,557,3,772,5.244642451836685,0
2025-11-29,MTV,608,1,981,4.717742611323258,0
2025-11-30,News24,12,227,5239,9.534204441334804,1
2025-11-30,StarTV,-1,232,4817,10.495340560031929,1
2025-11-30,ZeeTV,-11,210,4809,10.816974043248507,1
2025-11-30,SunTV,11,229,4763,9.603465728025967,1
2025-11-30,ABPNews,10,208,5001,11.216179049867852,1
2025-11-30,NDTV,28,249,4935,10.475117838534166,1
2025-11-30,IndiaTV,1,220,5285,10.648407548679764,1
2025-11-30,CNNNews18,39,217,5133,10.157941306119746,1
2025-11-30,TimesNow,1,241,5157,10.287142505823692,1
2025-11-30,RepublicTV,1,242,4707,9.866327813212493,1
2025-11-30,TV9,28,212,5146,9.978193979902176,1
2025-11-30,Asianet,6,231,5334,9.953043992597454,1
2025-11-30,Colors,-8,212,4872,10.401108680508264,1
2025-11-30,SonyTV,11,218,4765,11.198473177204862,1
2025-11-30,StarPlus,26,252,5150,10.141005210474837,1
2025-11-30,ZeeCinema,36,236,5214,10.54739194319281,1
2025-11-30,StarMovies,-4,246,5090,10.50437519712226,1
2025-11-30,HBO,36,208,4927,11.09276719252696,1
2025-11-30,Discovery,1,210,5066,10.754668683520999,1
2025-11-30,NationalGeographic,12,226,4911,10.74606522401555,1
2025-11-30,AnimalPlanet,54,239,4946,9.995087747254187,1
2025-11-30,HistoryTV18,41,210,5297,10.185634631998472,1
2025-11-30,CartoonNetwork,20,222,5157,9.595669519788274,1
2025-11-30,Pogo,-12,217,5179,10.554146107152045,1
2025-11-30,Nickelodeon,19,218,5031,9.717456810762592,1
2025-11-30,SonyMax,35,232,4942,10.42445109631703,1
2025-11-30,ZeeTelugu,44,225,4864,10.495350966962633,1
2025-11-30,ETV,3,237,5063,10.29696320989476,1
2025-11-30,GeminiTV,34,202,4783,10.862726710101342,1
2025-11-30,MaaTV,36,215,4739,9.884040285635662,1
2025-11-30,UdayaTV,33,248,5099,10.239617334002753,1
2025-11-30,SuryaTV,5,233,5369,10.317542206323775,1
2025-11-30,KTV,2,212,5104,10.250991460964268,1
2025-11-30,JayaTV,30,206,4775,10.644042340865804,1
2025-11-30,RajTV,-15,231,5011,10.280010288281694,1
2025-11-30,KalaignarTV,-3,227,4946,11.001489667049936,1
2025-11-30,DDNews,7,230,4742,10.025458666413593,1
2025-11-30,DDNational,48,229,4813,10.325866177502725,1
2025-11-30,DDSports,34,218,5175,11.13264240942887,1
2025-11-30,TenSports,-4,232,4923,11.29208370653222,1
2025-11-30,StarSports,37,249,5051,9.764594072696893,1
2025-11-30,SonySports,4,245,5038,9.430422791440316,1
2025-11-30,Eurosport,29,232,4901,9.846753233878239,1
2025-11-30,CNBC,0,217,4927,10.161241282171087,1
2025-11-30,BloombergTV,2,222,4992,10.97670377913213,1
2025-11-30,BBCWorld,27,225,4906,11.117030836594527,1
2025-11-30,AlJazeera,2,216,5107,10.505337534507277,1
2025-11-30,France24,23,238,4619,10.690601218198049,1
2025-11-30,VH1,8,209,4804,9.964992287479951,1
2025-11-30,MTV,13,220,4833,11.098299585566261,1
2025-12-01,News24,4,243,4944,10.134305486791265,1
2025-12-01,StarTV,19,207,4946,10.078002942426217,1
2025-12-01,ZeeTV,59,221,4818,10.344112967482525,1
2025-12-01,SunTV,5,220,4828,9.530454382517016,1
2025-12-01,ABPNews,10,244,4626,10.283005558312157,1
2025-12-01,NDTV,27,222,4625,10.769458112032545,1
2025-12-01,IndiaTV,50,226,4891,10.232972085130724,1
2025-12-01,CNNNews18,47,244,5101,10.027278183586809,1
2025-12-01,TimesNow,38,219,4908,9.944799131206276,1
2025-12-01,RepublicTV,51,235,4788,10.289024766613522,1
2025-12-01,TV9,9,216,4873,10.017699050963676,1
2025-12-01,Asianet,49,245,5056,10.846893211228814,1
2025-12-01,Colors,-3,213,4845,9.96807200255819,1
2025-12-01,SonyTV,28,225,4749,10.382835841456266,1
2025-12-01,StarPlus,-15,217,4847,10.265650483517332,1
2025-12-01,ZeeCinema,45,213,4826,10.004160580774343,1
2025-12-01,StarMovies,32,221,4496,10.8222047725714,1
2025-12-01,HBO,5,228,4676,10.991526498004882,1
2025-12-01,Discovery,52,227,5073,10.192660989856419,1
2025-12-01,NationalGeographic,48,221,4920,10.214864958081371,1
2025-12-01,AnimalPlanet,47,230,4935,11.110726948413816,1
2025-12-01,HistoryTV18,-8,206,5120,9.903927040330313,1
2025-12-01,CartoonNetwork,56,220,4829,10.47276977006396,1
2025-12-01,Pogo,28,224,4707,10.202588928390263,1
2025-12-01,Nickelodeon,7,227,4918,10.480324004535355,1
2025-12-01,SonyMax,56,207,4515,10.570585370049052,1
2025-12-01,ZeeTelugu,45,210,4896,10.340998817692979,1
2025-12-01,ETV,22,228,5080,9.599158396919098,1
2025-12-01,GeminiTV,32,205,5236,9.662647786058919,1
2025-12-01,MaaTV,43,219,5266,10.434296445800472,1
2025-12-01,UdayaTV,7,222,4678,10.257462541167135,1
2025-12-01,SuryaTV,33,231,5029,10.316999727044426,1
2025-12-01,KTV,37,223,4990,10.722845530856002,1
2025-12-01,JayaTV,39,228,4704,10.551582681400639,1
2025-12-01,RajTV,21,217,4562,11.066697401478642,1
2025-12-01,KalaignarTV,30,225,4884,9.591240908942481,1
2025-12-01,DDNews,1,218,4757,10.290133709185298,1
2025-12-01,DDNational,30,240,5190,9.513003908056596,1
2025-12-01,DDSports,14,214,5104,9.81513516760489,1
2025-12-01,TenSports,9,229,4677,10.44384410233423,1
2025-12-01,StarSports,35,200,4934,10.319390063701588,1
2025-12-01,SonySports,56,226,4943,9.909709651523467,1
2025-12-01,Eurosport,-4,236,4945,10.31926903648656,1
2025-12-01,CNBC,15,211,4895,11.19052807773093,1
2025-12-01,BloombergTV,14,213,4669,10.729350057234669,1
2025-12-01,BBCWorld,19,225,4740,10.719199612463923,1
2025-12-01,AlJazeera,36,226,4884,10.30935852094515,1
2025-12-01,France24,58,218,4737,10.313885146304376,1
2025-12-01,VH1,30,235,5138,10.208546029364276,1
2025-12-01,MTV,62,223,4831,10.89107492117827,1
2025-12-02,News24,547,2,939,4.7161621719653075,0
2025-12-02,StarTV,597,1,1145,5.636767586791056,0
2025-12-02,ZeeTV,535,1,953,5.001540329557239,0
2025-12-02,SunTV,582,1,877,5.772700714801357,0
2025-12-02,ABPNews,572,1,867,5.455483506290233,0
2025-12-02,NDTV,581,1,1213,4.748368563738063,0
2025-12-02,IndiaTV,601,1,1106,4.287506810983489,0
2025-12-02,CNNNews18,555,1,848,5.205331541010397,0
2025-12-02,TimesNow,588,1,1216,4.197005273015675,0
2025-12-02,RepublicTV,595,1,923,4.678472380321254,0
2025-12-02,TV9,567,1,1124,4.6409310577003025,0
2025-12-02,Asianet,574,1,1017,4.489261347690907,0
2025-12-02,Colors,570,1,1107,5.637532917392274,0
2025-12-02,SonyTV,595,1,861,4.649247703076967,0
2025-12-02,StarPlus,570,2,1224,5.581979316016936,0
2025-12-02,ZeeCinema,581,1,1077,5.316321259860548,0
2025-12-02,StarMovies,572,5,951,5.37514736572972,0
2025-12-02,HBO,542,1,1133,4.747640905653816,0
2025-12-02,Discovery,590,6,1111,4.5850618744574945,0
2025-12-02,NationalGeographic,587,1,930,5.666467608672368,0
2025-12-02,AnimalPlanet,540,3,883,5.586876141961545,0
2025-12-02,HistoryTV18,610,1,854,4.9850265485686,0
2025-12-02,CartoonNetwork,589,2,1169,4.806936152040587,0
2025-12-02,Pogo,564,1,1067,5.387648764469993,0
2025-12-02,Nickelodeon,562,1,889,5.259460451196272,0
2025-12-02,SonyMax,569,1,904,4.81821420424693,0
2025-12-02,ZeeTelugu,598,1,985,5.74647471789867,0
2025-12-02,ETV,555,1,814,4.504447830243592,0
2025-12-02,GeminiTV,603,1,831,5.032117823199815,0
2025-12-02,MaaTV,555,1,1145,5.439157290763816,0
2025-12-02,UdayaTV,560,1,1001,5.008611648903126,0
2025-12-02,SuryaTV,569,3,818,4.472782149526799,0
2025-12-02,KTV,594,1,949,5.120304230871841,0
2025-12-02,JayaTV,567,1,919,5.806745436146508,0
2025-12-02,RajTV,563,1,935,4.713703423950279,0
2025-12-02,KalaignarTV,541,8,959,5.267883569176659,0
2025-12-02,DDNews,557,10,1119,5.497938102447006,0
2025-12-02,DDNational,612,2,1145,4.889569835581258,0
2025-12-02,DDSports,552,1,981,4.713058432279565,0
2025-12-02,TenSports,593,1,1175,5.721475955291687,0
2025-12-02,StarSports,563,1,1162,4.938754420941727,0
2025-12-02,SonySports,569,1,770,4.696941989437788,0
2025-12-02,Eurosport,602,1,1041,5.133462666580085,0
2025-12-02,CNBC,579,10,1162,4.611276022617032,0
2025-12-02,BloombergTV,549,1,775,5.306149706120559,0
2025-12-02,BBCWorld,577,10,1008,4.628636746175335,0
2025-12-02,AlJazeera,595,1,1232,4.809752467128078,0
2025-12-02,France24,576,1,1040,5.676243832155125,0
2025-12-02,VH1,572,1,1157,5.372478170021432,0
2025-12-02,MTV,576,1,821,5.686224277912196,0
2025-12-03,News24,-3,239,5066,9.741565549663292,1
2025-12-03,StarTV,0,229,4913,9.63979692466065,1
2025-12-03,ZeeTV,15,213,5164,10.2543628381101,1
2025-12-03,SunTV,57,238,5182,9.735497414059502,1
2025-12-03,ABPNews,36,218,4772,10.773184274311385,1
2025-12-03,NDTV,21,222,4796,10.325229982778076,1
2025-12-03,IndiaTV,1,205,4857,10.049811521596567,1
2025-12-03,CNNNews18,11,241,5044,10.46874857046972,1
2025-12-03,TimesNow,23,226,4908,10.516959766114786,1
2025-12-03,RepublicTV,24,210,4813,10.53996108284326,1
2025-12-03,TV9,4,234,5179,9.421364872820643,1
2025-12-03,Asianet,16,240,4908,10.77891103460211,1
2025-12-03,Colors,19,249,4879,11.08574139916563,1
2025-12-03,SonyTV,58,216,5115,9.4950330590045,1
2025-12-03,StarPlus,26,206,4740,10.636276822032869,1
2025-12-03,ZeeCinema,30,217,4959,10.411680819709385,1
2025-12-03,StarMovies,20,230,5120,10.101273725738434,1
2025-12-03,HBO,11,228,4958,10.656432849464103,1
2025-12-03,Discovery,-4,228,5113,10.376564551216923,1
2025-12-03,NationalGeographic,16,225,4861,10.602490185607135,1
2025-12-03,AnimalPlanet,40,223,4822,10.523417412746948,1
2025-12-03,HistoryTV18,28,205,5307,10.38065465055746,1
2025-12-03,CartoonNetwork,10,233,4932,10.879588346648932,1
2025-12-03,Pogo,44,248,5220,9.916999390449787,1
2025-12-03,Nickelodeon,33,220,4972,10.271243275652683,1
2025-12-03,SonyMax,26,242,4863,11.047159039497712,1
2025-12-03,ZeeTelugu,37,209,5002,9.830482604490363,1
2025-12-03,ETV,5,233,5067,11.116062861621621,1
2025-12-03,GeminiTV,42,213,4892,10.970731259557096,1
2025-12-03,MaaTV,-9,235,5140,10.827814381586272,1
2025-12-03,UdayaTV,19,223,5213,10.730856310873541,1
2025-12-03,SuryaTV,35,212,5036,10.526077097109143,1
2025-12-03,KTV,27,248,5027,10.010444347813884,1
2025-12-03,JayaTV,6,206,5023,9.860553155550484,1
2025-12-03,RajTV,-1,213,4860,10.009017221655888,1
2025-12-03,KalaignarTV,3,239,4919,10.508267154220112,1
2025-12-03,DDNews,18,229,4730,9.706590215093376,1
2025-12-03,DDNational,10,230,4677,9.811281699184997,1
2025-12-03,DDSports,37,217,4849,10.58192973362337,1
2025-12-03,TenSports,-4,230,5108,10.571122329094003,1
2025-12-03,StarSports,19,236,4858,10.953925926573275,1
2025-12-03,SonySports,-1,214,5140,9.968789952226935,1
2025-12-03,Eurosport,2,238,5132,9.575387637013577,1
2025-12-03,CNBC,40,226,5237,11.007764986752889,1
2025-12-03,BloombergTV,-10,199,5176,10.651009529495672,1
2025-12-03,BBCWorld,14,242,5001,9.766218917764284,1
2025-12-03,AlJazeera,47,228,4945,10.153990058919165,1
2025-12-03,France24,25,210,5169,10.667097050674721,1
2025-12-03,VH1,20,243,5062,10.24859872616127,1
2025-12-03,MTV,27,205,5131,11.003642475358724,1
2025-12-04,News24,507,5,825,4.889297172658368,0
2025-12-04,StarTV,545,1,1117,4.949460733784391,0
2025-12-04,ZeeTV,548,1,741,4.9033603060561095,0
2025-12-04,SunTV,546,3,1099,4.075736447717702,0
2025-12-04,ABPNews,505,1,1016,5.034769180634495,0
2025-12-04,NDTV,515,1,1021,5.099018938027321,0
2025-12-04,IndiaTV,552,1,822,4.928732583676124,0
2025-12-04,CNNNews18,517,1,847,5.353708719089062,0
2025-12-04,TimesNow,554,1,877,5.429957411797601,0
2025-12-04,RepublicTV,514,3,743,4.564077382077297,0
2025-12-04,TV9,523,1,890,4.114509053479828,0
2025-12-04,Asianet,532,7,805,5.053247378769265,0
2025-12-04,Colors,557,1,887,4.764672652231984,0
2025-12-04,SonyTV,521,1,809,3.9661953104352756,0
2025-12-04,StarPlus,545,1,818,4.515598788828029,0
2025-12-04,ZeeCinema,531,1,941,4.08334720713586,0
2025-12-04,StarMovies,537,1,946,4.782515803392121,0
2025-12-04,HBO,515,15,1041,4.724104544214322,0
2025-12-04,Discovery,535,1,911,4.445870784605567,0
2025-12-04,NationalGeographic,514,1,1020,4.774476734128572,0
2025-12-04,AnimalPlanet,517,1,698,5.0461617536892565,0
2025-12-04,HistoryTV18,554,1,869,4.929930597425006,0
2025-12-04,CartoonNetwork,535,1,860,4.864391637497713,0
2025-12-04,Pogo,511,1,876,5.0346496941454895,0
2025-12-04,Nickelodeon,542,1,886,4.440941547100655,0
2025-12-04,SonyMax,544,1,1139,5.0531028008709,0
2025-12-04,ZeeTelugu,518,1,1070,4.494398137796192,0
2025-12-04,ETV,504,1,873,4.416587218758825,0
2025-12-04,GeminiTV,520,1,916,4.168676098441089,0
2025-12-04,MaaTV,557,1,763,4.681486007218804,0
2025-12-04,UdayaTV,539,2,1063,4.683234617140115,0
2025-12-04,SuryaTV,524,1,1181,4.725355203945091,0
2025-12-04,KTV,555,1,1097,4.529463546387917,0
2025-12-04,JayaTV,511,1,1090,4.865944963316157,0
2025-12-04,RajTV,549,1,985,4.47214468251534,0
2025-12-04,KalaignarTV,565,1,883,4.843006727244298,0
2025-12-04,DDNews,561,5,930,4.617533435367836,0
2025-12-04,DDNational,510,6,1083,4.274258410913574,0
2025-12-04,DDSports,548,1,770,5.219617465146178,0
2025-12-04,TenSports,552,7,808,4.488149802863565,0
2025-12-04,StarSports,522,1,855,5.385530619199585,0
2025-12-04,SonySports,544,1,773,5.154121216381886,0
2025-12-04,Eurosport,509,6,814,4.55738002542321,0
2025-12-04,CNBC,537,1,828,5.171542759024751,0
2025-12-04,BloombergTV,520,2,889,4.816416542995373,0
2025-12-04,BBCWorld,549,1,1180,4.942077753494458,0
2025-12-04,AlJazeera,565,1,1021,4.1834139088652345,0
2025-12-04,France24,549,1,939,4.029206803887559,0
2025-12-04,VH1,526,1,796,4.791794625547259,0
2025-12-04,MTV,548,1,950,4.085787649355353,0
2025-12-05,News24,11,203,4822,9.869498665367354,1
2025-12-05,StarTV,35,219,4971,10.515328393757581,1
2025-12-05,ZeeTV,35,212,4999,10.40566652314728,1
2025-12-05,SunTV,14,224,4863,10.560281396754602,1
2025-12-05,ABPNews,31,221,4814,10.210405750189189,1
2025-12-05,NDTV,39,251,4920,9.83900148943195,1
2025-12-05,IndiaTV,1,201,4767,10.197571555522956,1
2025-12-05,CNNNews18,-10,218,4763,10.765049577174663,1
2025-12-05,TimesNow,45,226,4897,10.168856187576576,1
2025-12-05,RepublicTV,3,225,5014,10.557305355616151,1
2025-12-05,TV9,34,218,4767,9.64894941784948,1
2025-12-05,Asianet,11,196,4965,10.627423197928607,1
2025-12-05,Colors,-6,244,4660,9.456223723970384,1
2025-12-05,SonyTV,-11,217,5024,9.516945939978964,1
2025-12-05,StarPlus,-5,235,4783,9.682053755958274,1
2025-12-05,ZeeCinema,43,230,4980,10.019693509154445,1
2025-12-05,StarMovies,30,213,5234,10.294830631173005,1
2025-12-05,HBO,13,233,4949,10.291325485136333,1
2025-12-05,Discovery,55,240,4954,10.269454042085028,1
2025-12-05,NationalGeographic,14,209,5189,9.666691113041729,1
2025-12-05,AnimalPlanet,52,213,4896,10.482182851058594,1
2025-12-05,HistoryTV18,20,202,5211,10.173861669850773,1
2025-12-05,CartoonNetwork,30,237,5090,9.615093229281843,1
2025-12-05,Pogo,16,196,4862,10.248048885930194,1
2025-12-05,Nickelodeon,22,213,4701,9.793073513694385,1
2025-12-05,SonyMax,44,212,4719,9.615025620576963,1
2025-12-05,ZeeTelugu,41,234,5150,10.954040467049868,1
2025-12-05,ETV,25,223,5296,10.107418859788238,1
2025-12-05,GeminiTV,37,225,4989,9.365872449031162,1
2025-12-05,MaaTV,19,216,4585,10.021701674028069,1
2025-12-05,UdayaTV,2,220,4689,9.948455575516634,1
2025-12-05,SuryaTV,48,209,4563,9.911857466244102,1
2025-12-05,KTV,0,215,4898,10.087643328287827,1
2025-12-05,JayaTV,45,233,4920,10.17998598592553,1
2025-12-05,RajTV,45,221,4826,10.046446073779693,1
2025-12-05,KalaignarTV,-2,229,4797,10.09088968225454,1
2025-12-05,DDNews,27,201,4921,10.843069229499456,1
2025-12-05,DDNational,32,243,5131,9.981522588304388,1
2025-12-05,DDSports,2,243,5029,10.76952060365687,1
2025-12-05,TenSports,8,234,4905,10.821311348118018,1
2025-12-05,StarSports,42,217,4751,9.736850966525779,1
2025-12-05,SonySports,34,233,4776,10.301559566871784,1
2025-12-05,Eurosport,50,216,4622,10.05168324860623,1
2025-12-05,CNBC,42,223,5062,9.543459223237427,1
2025-12-05,BloombergTV,21,219,5172,9.44468500155282,1
2025-12-05,BBCWorld,30,235,5043,10.080144084165214,1
2025-12-05,AlJazeera,27,222,4869,10.137079960753507,1
2025-12-05,France24,-9,214,4507,10.63725122135433,1
2025-12-05,VH1,49,228,4539,11.094144878934113,1
2025-12-05,MTV,33,213,4802,10.169006008387424,1
2025-12-06,News24,546,2,820,5.082949638168729,0
2025-12-06,StarTV,550,1,1085,4.38681711503179,0
2025-12-06,ZeeTV,542,1,1075,4.226830123683908,0
2025-12-06,SunTV,573,13,1059,5.239129225029998,0
2025-12-06,ABPNews,555,1,1043,4.534489382394786,0
2025-12-06,NDTV,545,1,1162,5.169260125184766,0
2025-12-06,IndiaTV,527,1,938,4.339716236350341,0
2025-12-06,CNNNews18,555,1,919,4.825134461769431,0
2025-12-06,TimesNow,531,1,1180,5.6189653371293815,0
2025-12-06,RepublicTV,550,3,831,5.827017460130319,0
2025-12-06,TV9,534,1,999,4.877077197925857,0
2025-12-06,Asianet,548,1,1208,4.496567925134161,0
2025-12-06,Colors,560,1,1059,5.29089270227654,0
2025-12-06,SonyTV,551,1,1135,4.686436420135329,0
2025-12-06,StarPlus,570,1,835,4.8681361827048715,0
2025-12-06,ZeeCinema,569,1,743,4.662249648950628,0
2025-12-06,StarMovies,563,1,915,5.381138305637376,0
2025-12-06,HBO,521,1,1147,5.222716301443406,0
2025-12-06,Discovery,552,1,1089,4.704114839006082,0
2025-12-06,NationalGeographic,546,1,1083,4.200230588440035,0
2025-12-06,AnimalPlanet,562,1,970,5.5046846979467094,0
2025-12-06,HistoryTV18,523,1,1202,4.673246303518534,0
2025-12-06,CartoonNetwork,544,1,888,5.588952383293041,0
2025-12-06,Pogo,552,1,854,5.454976497392658,0
2025-12-06,Nickelodeon,526,1,1084,5.355096742092408,0
2025-12-06,SonyMax,579,2,861,5.097412421693354,0
2025-12-06,ZeeTelugu,565,1,789,5.577170481464085,0
2025-12-06,ETV,572,1,1061,5.05620034384453,0
2025-12-06,GeminiTV,522,4,896,5.1442277334346915,0
2025-12-06,MaaTV,548,1,1019,4.588886698820199,0
2025-12-06,UdayaTV,572,1,1023,4.483720787401781,0
2025-12-06,SuryaTV,541,1,951,4.3477672282667355,0
2025-12-06,KTV,533,1,1111,5.170161521771139,0
2025-12-06,JayaTV,581,1,850,4.216802016028805,0
2025-12-06,RajTV,540,1,936,4.192842976824879,0
2025-12-06,KalaignarTV,536,1,1084,5.0910822153885125,0
2025-12-06,DDNews,564,1,954,4.4557579348449,0
2025-12-06,DDNational,584,1,890,4.188424024218285,0
2025-12-06,DDSports,534,1,1104,5.24862690546242,0
2025-12-06,TenSports,578,1,955,4.692340567856769,0
2025-12-06,StarSports,538,1,1033,4.956850569682366,0
2025-12-06,SonySports,551,1,1010,5.323761975744861,0
2025-12-06,Eurosport,550,1,963,4.923712379023697,0
2025-12-06,CNBC,566,1,1074,4.557687203230845,0
2025-12-06,BloombergTV,556,1,882,5.101688928990256,0
2025-12-06,BBCWorld,551,1,1009,4.813786151276035,0
2025-12-06,AlJazeera,542,1,845,4.756859413071585,0
2025-12-06,France24,556,1,882,4.6921334431569734,0
2025-12-06,VH1,544,1,1115,4.936252174301228,0
2025-12-06,MTV,528,1,993,5.370046922287483,0
2025-12-07,News24,-8,238,5165,10.334635576266706,1
2025-12-07,StarTV,34,240,4766,10.190004829850677,1
2025-12-07,ZeeTV,20,204,4994,10.046715675665471,1
2025-12-07,SunTV,33,236,4920,10.479461154872071,1
2025-12-07,ABPNews,6,255,5357,10.689279980059611,1
2025-12-07,NDTV,12,213,4853,11.057854343099809,1
2025-12-07,IndiaTV,10,228,5015,10.767217092080443,1
2025-12-07,CNNNews18,2,247,5018,10.434892811880118,1
2025-12-07,TimesNow,50,232,4639,11.272309286545674,1
2025-12-07,RepublicTV,5,243,4932,9.987231004994195,1
2025-12-07,TV9,40,230,5345,9.674173657401075,1
2025-12-07,Asianet,40,252,5149,10.302351715152005,1
2025-12-07,Colors,47,238,4832,9.746231159152128,1
2025-12-07,SonyTV,32,234,4920,10.374611163055068,1
2025-12-07,StarPlus,-15,219,5386,10.522010082446105,1
2025-12-07,ZeeCinema,27,220,5257,10.065178832666923,1
2025-12-07,StarMovies,22,233,5007,10.323287049527885,1
2025-12-07,HBO,27,229,4880,10.761692198476206,1
2025-12-07,Discovery,53,234,5138,10.845015425680858,1
2025-12-07,NationalGeographic,43,240,4918,10.34162599348719,1
2025-12-07,AnimalPlanet,55,236,4870,11.026393597706099,1
2025-12-07,HistoryTV18,38,241,4920,10.690790586951188,1
2025-12-07,CartoonNetwork,22,244,4757,11.177375121351819,1
2025-12-07,Pogo,50,209,4935,9.809967603394721,1
2025-12-07,Nickelodeon,-2,210,4852,10.785603443123474,1
2025-12-07,SonyMax,-12,221,4986,10.458794785050685,1
2025-12-07,ZeeTelugu,-22,244,4928,9.89452563591661,1
2025-12-07,ETV,-11,251,5259,9.609121787777152,1
2025-12-07,GeminiTV,26,213,5168,9.683311601290805,1
2025-12-07,MaaTV,8,238,4994,10.063114853676613,1
2025-12-07,UdayaTV,36,217,4621,10.611915738514865,1
2025-12-07,SuryaTV,13,223,4734,9.82316791866616,1
2025-12-07,KTV,-1,236,4947,9.961161620750804,1
2025-12-07,JayaTV,27,221,5134,10.11951864813859,1
2025-12-07,RajTV,34,217,5064,10.753990394911717,1
2025-12-07,KalaignarTV,6,239,4738,11.000483830706619,1
2025-12-07,DDNews,-10,232,5065,10.13949151336806,1
2025-12-07,DDNational,17,240,4949,10.242016895392617,1
2025-12-07,DDSports,37,258,4932,10.942319209206662,1
2025-12-07,TenSports,28,224,4764,10.448032900509192,1
2025-12-07,StarSports,10,222,5280,10.766767066328828,1
2025-12-07,SonySports,20,233,5202,10.260578051569127,1
2025-12-07,Eurosport,52,236,4955,11.017987420241836,1
2025-12-07,CNBC,42,218,5210,10.514992980098171,1
2025-12-07,BloombergTV,36,252,5064,10.91940974925339,1
2025-12-07,BBCWorld,10,228,4941,11.232707786152902,1
2025-12-07,AlJazeera,24,222,5023,10.91214038648659,1
2025-12-07,France24,31,232,5431,10.140418666011234,1
2025-12-07,VH1,40,216,4802,10.531787109258591,1
2025-12-07,MTV,12,228,4824,9.974712792039353,1
2025-12-08,News24,529,3,817,5.097923915212279,0
2025-12-08,StarTV,530,1,963,4.59182837885764,0
2025-12-08,ZeeTV,503,1,919,4.852207959416625,0
2025-12-08,SunTV,514,1,763,4.326696738747349,0
2025-12-08,ABPNews,502,1,981,4.651739899934593,0
2025-12-08,NDTV,541,1,953,5.155853023371235,0
2025-12-08,IndiaTV,507,7,1033,5.098450375019079,0
2025-12-08,CNNNews18,507,1,977,4.497607736902209,0
2025-12-08,TimesNow,508,5,885,4.046875475500375,0
2025-12-08,RepublicTV,532,1,832,5.069197213452169,0
2025-12-08,TV9,529,1,711,4.910048235852998,0
2025-12-08,Asianet,558,8,948,4.31874477576843,0
2025-12-08,Colors,517,1,886,5.280783127087301,0
2025-12-08,SonyTV,512,1,897,5.139686147031017,0
2025-12-08,StarPlus,521,13,1085,4.920977433437841,0
2025-12-08,ZeeCinema,510,1,918,4.196122326068791,0
2025-12-08,StarMovies,546,7,937,4.626021194071063,0
2025-12-08,HBO,541,1,997,5.29697271981355,0
2025-12-08,Discovery,544,1,1074,4.807619549351368,0
2025-12-08,NationalGeographic,529,1,801,4.399369757722127,0
2025-12-08,AnimalPlanet,531,1,1111,4.510540602077674,0
2025-12-08,HistoryTV18,493,6,793,5.339581054538093,0
2025-12-08,CartoonNetwork,502,1,864,4.795204944646651,0
2025-12-08,Pogo,534,1,1043,4.54550444634807,0
2025-12-08,Nickelodeon,503,1,1000,4.4083110919636415,0
2025-12-08,SonyMax,495,5,956,3.9735725429228457,0
2025-12-08,ZeeTelugu,532,3,695,4.241986138518286,0
2025-12-08,ETV,513,3,736,5.304532137180918,0
2025-12-08,GeminiTV,501,2,812,3.9761883064914865,0
2025-12-08,MaaTV,499,1,844,5.030194003640572,0
2025-12-08,UdayaTV,505,7,800,4.030378809029204,0
2025-12-08,SuryaTV,525,1,890,4.402275922498991,0
2025-12-08,KTV,535,10,855,4.527321128725361,0
2025-12-08,JayaTV,501,1,859,4.91849075944189,0
2025-12-08,RajTV,524,1,725,4.283383969152526,0
2025-12-08,KalaignarTV,524,4,790,4.986718101046358,0
2025-12-08,DDNews,515,4,784,4.941100042958489,0
2025-12-08,DDNational,491,1,1159,4.752573432564842,0
2025-12-08,DDSports,519,1,982,4.097729185075975,0
2025-12-08,TenSports,516,1,923,4.7650611661270545,0
2025-12-08,StarSports,516,1,905,4.957082474673159,0
2025-12-08,SonySports,500,1,747,4.3845482617943485,0
2025-12-08,Eurosport,507,1,796,4.889740110487917,0
2025-12-08,CNBC,547,1,943,4.170885996294868,0
2025-12-08,BloombergTV,517,1,1015,4.483398642470034,0
2025-12-08,BBCWorld,528,1,921,4.842214897550736,0
2025-12-08,AlJazeera,501,1,865,5.340048078224989,0
2025-12-08,France24,520,2,1090,5.4545005414011865,0
2025-12-08,VH1,517,11,1049,5.09019308016555,0
2025-12-08,MTV,543,1,810,4.554757440167288,0
2025-12-09,News24,28,215,4805,9.879058773014043,1
2025-12-09,StarTV,22,232,4616,10.631729546401804,1
2025-12-09,ZeeTV,15,211,5417,10.79946513433313,1
2025-12-09,SunTV,52,253,5217,10.336202375718944,1
2025-12-09,ABPNews,40,245,5117,9.461054901435075,1
2025-12-09,NDTV,48,236,4904,10.529286240645943,1
2025-12-09,IndiaTV,-1,237,4975,10.502077531110274,1
2025-12-09,CNNNews18,3,219,5012,10.95863670342302,1
2025-12-09,TimesNow,17,231,4944,10.268421179515961,1
2025-12-09,RepublicTV,49,235,5029,10.140630097217276,1
2025-12-09,TV9,8,220,4801,9.937968770574157,1
2025-12-09,Asianet,37,249,5169,10.414023375633617,1
2025-12-09,Colors,34,206,4835,10.455610150337613,1
2025-12-09,SonyTV,-3,241,5284,10.296043203180089,1
2025-12-09,StarPlus,7,227,5188,9.816015315335402,1
2025-12-09,ZeeCinema,41,229,5224,9.808312009686102,1
2025-12-09,StarMovies,47,223,5334,10.1059527511229,1
2025-12-09,HBO,26,240,5086,11.005700059668204,1
2025-12-09,Discovery,32,222,5070,10.149440002716185,1
2025-12-09,NationalGeographic,31,252,5143,11.065684047025723,1
2025-12-09,AnimalPlanet,16,221,5285,9.490316353212014,1
2025-12-09,HistoryTV18,-2,214,5208,9.784161422099906,1
2025-12-09,CartoonNetwork,6,224,5073,10.293537211408632,1
2025-12-09,Pogo,-4,216,4821,10.323825941006593,1
2025-12-09,Nickelodeon,10,236,5066,10.037969514947141,1
2025-12-09,SonyMax,41,236,4904,11.037147450389321,1
2025-12-09,ZeeTelugu,16,209,4932,9.322025419101651,1
2025-12-09,ETV,20,239,4987,9.643945937090406,1
2025-12-09,GeminiTV,42,237,4932,10.551261231384323,1
2025-12-09,MaaTV,18,213,4900,10.202529532054822,1
2025-12-09,UdayaTV,8,229,5036,10.757396263448014,1
2025-12-09,SuryaTV,43,238,5002,9.83890475142303,1
2025-12-09,KTV,-5,246,5014,10.848105977956711,1
2025-12-09,JayaTV,28,219,4841,10.44969613741982,1
2025-12-09,RajTV,0,216,5131,10.578632075726915,1
2025-12-09,KalaignarTV,48,223,5108,9.634499994087587,1
2025-12-09,DDNews,34,227,4845,10.064492464385633,1
2025-12-09,DDNational,0,217,5141,10.023143883322598,1
2025-12-09,DDSports,31,246,4839,10.658498700847586,1
2025-12-09,TenSports,50,209,4934,9.62181052662236,1
2025-12-09,StarSports,43,238,4927,10.043201712703699,1
2025-12-09,SonySports,46,224,4820,10.816474866700364,1
2025-12-09,Eurosport,23,225,5246,10.858235247935923,1
2025-12-09,CNBC,-7,234,5328,10.25760959690684,1
2025-12-09,BloombergTV,-10,229,5323,10.439407818395722,1
2025-12-09,BBCWorld,4,245,5105,10.173390120305928,1
2025-12-09,AlJazeera,32,221,5221,10.407889090640305,1
2025-12-09,France24,43,247,5127,10.203639128374714,1
2025-12-09,VH1,51,208,4648,10.775276860414042,1
2025-12-09,MTV,35,251,5031,10.902105983112058,1
2025-12-10,News24,513,2,1013,4.657460144413244,0
2025-12-10,StarTV,540,6,783,4.738432821600338,0
2025-12-10,ZeeTV,536,1,864,4.962035209540632,0
2025-12-10,SunTV,569,1,844,5.257186488584761,0
2025-12-10,ABPNews,526,1,785,5.257133312491773,0
2025-12-10,NDTV,554,5,955,4.2104923243166965,0
2025-12-10,IndiaTV,553,1,1016,4.3598372732840165,0
2025-12-10,CNNNews18,566,1,976,5.545998115620075,0
2025-12-10,TimesNow,569,1,1137,4.407967724903791,0
2025-12-10,RepublicTV,538,1,943,4.436424746788621,0
2025-12-10,TV9,543,7,976,5.239737284329282,0
2025-12-10,Asianet,533,1,847,4.970187182803437,0
2025-12-10,Colors,522,1,793,4.683256924616251,0
2025-12-10,SonyTV,569,1,1041,4.670073680592938,0
2025-12-10,StarPlus,534,1,923,5.047109834164024,0
2025-12-10,ZeeCinema,526,1,946,5.10238039109489,0
2025-12-10,StarMovies,552,1,773,4.624691197480418,0
2025-12-10,HBO,557,1,935,4.352645616013423,0
2025-12-10,Discovery,553,2,1226,4.979134892194571,0
2025-12-10,NationalGeographic,527,1,945,4.260644076157808,0
2025-12-10,AnimalPlanet,537,1,911,4.4580877993408246,0
2025-12-10,HistoryTV18,530,1,1062,4.192091940503252,0
2025-12-10,CartoonNetwork,525,1,1103,4.16451847984843,0
2025-12-10,Pogo,546,1,932,5.065801875491159,0
2025-12-10,Nickelodeon,561,1,844,5.535343572496018,0
2025-12-10,SonyMax,544,1,861,4.961773613257836,0
2025-12-10,ZeeTelugu,546,1,946,4.625752778584638,0
2025-12-10,ETV,564,1,1091,5.007839744695473,0
2025-12-10,GeminiTV,570,1,1073,4.797185581878137,0
2025-12-10,MaaTV,544,1,697,4.237013988910714,0
2025-12-10,UdayaTV,559,1,1080,5.358973606152554,0
2025-12-10,SuryaTV,522,2,986,4.463406583084484,0
2025-12-10,KTV,544,1,782,4.8505800776583685,0
2025-12-10,JayaTV,525,1,886,4.513377833325684,0
2025-12-10,RajTV,515,11,1019,5.107029865110931,0
2025-12-10,KalaignarTV,559,3,838,4.343240150752372,0
2025-12-10,DDNews,568,1,860,5.117222158273212,0
2025-12-10,DDNational,543,1,1042,5.445871365631743,0
2025-12-10,DDSports,536,1,1110,4.999572485886371,0
2025-12-10,TenSports,553,1,935,4.375753380668908,0
2025-12-10,StarSports,567,1,834,4.043779952147358,0
2025-12-10,SonySports,524,1,702,4.607387354476325,0
2025-12-10,Eurosport,558,1,949,5.224896659582762,0
2025-12-10,CNBC,550,1,932,5.630924090404642,0
2025-12-10,BloombergTV,571,7,906,5.579366139551661,0
2025-12-10,BBCWorld,514,1,886,4.401905351365668,0
2025-12-10,AlJazeera,532,1,980,4.685349526531876,0
2025-12-10,France24,562,1,1122,5.15105652919655,0
2025-12-10,VH1,570,1,804,4.243907504935029,0
2025-12-10,MTV,518,1,1065,5.7169333570463206,0
2025-12-11,News24,51,220,5096,10.256110131587464,1
2025-12-11,StarTV,45,245,4877,10.196764655091904,1
2025-12-11,ZeeTV,-14,238,4959,9.669652457609255,1
2025-12-11,SunTV,23,252,5222,9.519024657731816,1
2025-12-11,ABPNews,47,247,5182,9.914862855122502,1
2025-12-11,NDTV,11,220,4741,10.453228266168807,1
2025-12-11,IndiaTV,24,249,4990,11.126629263509944,1
2025-12-11,CNNNews18,24,257,5078,10.239141878979312,1
2025-12-11,TimesNow,35,229,5404,10.159043360060714,1
2025-12-11,RepublicTV,22,229,5099,11.118288800123484,1
2025-12-11,TV9,4,249,5179,10.05714505534742,1
2025-12-11,Asianet,43,259,5132,9.990015242855964,1
2025-12-11,Colors,9,242,4940,9.492713846973764,1
2025-12-11,SonyTV,6,238,5057,10.02411433321844,1
2025-12-11,StarPlus,46,211,4843,9.945594124713411,1
2025-12-11,ZeeCinema,2,225,5213,10.066646300614854,1
2025-12-11,StarMovies,16,232,4947,9.929636798399095,1
2025-12-11,HBO,59,217,5049,11.125005490971729,1
2025-12-11,Discovery,-1,226,5349,11.326416228926794,1
2025-12-11,NationalGeographic,-18,251,5269,10.33539607975832,1
2025-12-11,AnimalPlanet,58,251,5166,10.613905073921533,1
2025-12-11,HistoryTV18,12,242,4938,9.819869945232263,1
2025-12-11,CartoonNetwork,-10,243,5332,10.448023539866682,1
2025-12-11,Pogo,34,241,5014,10.233458301015284,1
2025-12-11,Nickelodeon,40,227,5378,10.345607994067741,1
2025-12-11,SonyMax,34,261,4760,10.850872755662415,1
2025-12-11,ZeeTelugu,34,226,5025,11.233588051895818,1
2025-12-11,ETV,-21,221,5203,10.737126452587908,1
2025-12-11,GeminiTV,34,258,5102,10.376904583639924,1
2025-12-11,MaaTV,6,239,5455,10.16332247061567,1
2025-12-11,UdayaTV,37,220,5022,10.07809289323237,1
2025-12-11,SuryaTV,43,220,4947,10.050841893539861,1
2025-12-11,KTV,22,216,5274,9.999201329820943,1
2025-12-11,JayaTV,31,231,5166,11.053744943270825,1
2025-12-11,RajTV,-2,218,4876,10.131524050286663,1
2025-12-11,KalaignarTV,39,237,5150,10.695474010283561,1
2025-12-11,DDNews,32,243,4886,10.287575779783939,1
2025-12-11,DDNational,11,238,5018,10.586033910927778,1
2025-12-11,DDSports,23,249,5122,11.045582283170312,1
2025-12-11,TenSports,57,251,5161,11.189083628055545,1
2025-12-11,StarSports,37,217,5185,9.425316436253537,1
2025-12-11,SonySports,27,240,5281,9.959258054575852,1
2025-12-11,Eurosport,11,211,5233,10.317751761010108,1
2025-12-11,CNBC,48,223,4912,10.087846103255508,1
2025-12-11,BloombergTV,47,212,5466,10.984957616332439,1
2025-12-11,BBCWorld,-16,212,5104,10.469655452528016,1
2025-12-11,AlJazeera,36,227,5057,9.763307718011454,1
2025-12-11,France24,-3,229,5331,10.18585244300241,1
2025-12-11,VH1,-9,241,5254,10.205433339898013,1
2025-12-11,MTV,20,243,5118,11.368141184498448,1
2025-12-12,News24,526,7,849,4.136221079302919,0
2025-12-12,StarTV,518,1,780,4.311924778869298,0
2025-12-12,ZeeTV,479,4,920,5.024073903481218,0
2025-12-12,SunTV,521,1,894,4.682456043897722,0
2025-12-12,ABPNews,488,1,904,4.662556058509902,0
2025-12-12,NDTV,504,1,892,4.444003889431298,0
2025-12-12,IndiaTV,544,1,1123,3.7551509499432743,0
2025-12-12,CNNNews18,548,1,711,3.9302314598059387,0
2025-12-12,TimesNow,547,1,640,4.556604448710583,0
2025-12-12,RepublicTV,514,7,977,4.393317595645003,0
2025-12-12,TV9,547,1,1112,4.768179459176504,0
2025-12-12,Asianet,524,1,1104,4.527143891968222,0
2025-12-12,Colors,490,5,978,4.508322915031749,0
2025-12-12,SonyTV,512,3,934,5.281479119143971,0
2025-12-12,StarPlus,525,1,813,5.006180257062528,0
2025-12-12,ZeeCinema,525,1,721,5.301664727856627,0
2025-12-12,StarMovies,518,17,1052,4.739723864997461,0
2025-12-12,HBO,519,1,948,4.86641421445961,0
2025-12-12,Discovery,520,2,852,4.104798286406885,0
2025-12-12,NationalGeographic,527,1,1082,5.2047977650245,0
2025-12-12,AnimalPlanet,501,2,1000,4.329262104017176,0
2025-12-12,HistoryTV18,517,9,1109,3.9960651041355892,0
2025-12-12,CartoonNetwork,508,1,802,5.0823477870607086,0
2025-12-12,Pogo,544,2,1002,4.226066502335944,0
2025-12-12,Nickelodeon,500,3,967,4.000549790102259,0
2025-12-12,SonyMax,533,7,819,4.6610759267954425,0
2025-12-12,ZeeTelugu,530,1,1091,4.993487359766935,0
2025-12-12,ETV,507,5,914,4.344466669688997,0
2025-12-12,GeminiTV,500,1,715,5.012525811469112,0
2025-12-12,MaaTV,496,1,1020,4.921550654277196,0
2025-12-12,UdayaTV,493,1,826,4.383179493234794,0
2025-12-12,SuryaTV,513,7,886,5.142924192721396,0
2025-12-12,KTV,513,8,816,4.841364172197018,0
2025-12-12,JayaTV,525,12,909,3.7532423234703822,0
2025-12-12,RajTV,495,1,634,4.501985394081282,0
2025-12-12,KalaignarTV,492,4,952,4.6274570346736255,0
2025-12-12,DDNews,539,1,789,4.876163160620568,0
2025-12-12,DDNational,519,1,955,4.540125527183841,0
2025-12-12,DDSports,486,1,994,5.203823877480406,0
2025-12-12,TenSports,545,1,738,5.060217237520549,0
2025-12-12,StarSports,510,2,701,4.570919330704215,0
2025-12-12,SonySports,525,9,1021,4.145477979008982,0
2025-12-12,Eurosport,524,11,1080,5.162785067130162,0
2025-12-12,CNBC,500,3,1006,5.128503900550764,0
2025-12-12,BloombergTV,496,3,841,4.132310903171836,0
2025-12-12,BBCWorld,551,1,910,4.7733848336929485,0
2025-12-12,AlJazeera,524,7,991,4.078973905836233,0
2025-12-12,France24,517,1,908,5.168340715048241,0
2025-12-12,VH1,497,1,663,4.131934511963291,0
2025-12-12,MTV,518,1,1175,4.173205447554373,0
2025-12-13,News24,33,234,4778,9.740815438474675,1
2025-12-13,StarTV,46,221,5191,10.001566377871278,1
2025-12-13,ZeeTV,49,247,4655,9.615041582408688,1
2025-12-13,SunTV,15,230,4841,9.975128789081904,1
2025-12-13,ABPNews,29,219,4865,9.760281636453419,1
2025-12-13,NDTV,14,218,5249,10.059101355455397,1
2025-12-13,IndiaTV,28,243,4666,9.46112689520988,1
2025-12-13,CNNNews18,55,234,4957,10.473442894240986,1
2025-12-13,TimesNow,19,253,4852,9.817927505258277,1
2025-12-13,RepublicTV,4,245,4919,9.368792966850739,1
2025-12-13,TV9,-11,235,5464,9.543401477762806,1
2025-12-13,Asianet,12,212,4890,9.783832671231602,1
2025-12-13,Colors,8,215,5089,10.305630255793933,1
2025-12-13,SonyTV,34,216,5153,10.52929176367348,1
2025-12-13,StarPlus,11,233,5028,9.854357250653573,1
2025-12-13,ZeeCinema,45,221,5310,10.684217017039822,1
2025-12-13,StarMovies,13,213,4868,11.01970520702692,1
2025-12-13,HBO,12,216,5040,10.70974127459626,1
2025-12-13,Discovery,17,241,4995,10.492878733551578,1
2025-12-13,NationalGeographic,41,241,4730,10.36808433381362,1
2025-12-13,AnimalPlanet,31,221,5170,10.118166080768104,1
2025-12-13,HistoryTV18,14,222,5290,10.139670494043264,1
2025-12-13,CartoonNetwork,31,231,5140,9.676112632795405,1
2025-12-13,Pogo,29,223,5414,10.677548091204827,1
2025-12-13,Nickelodeon,11,220,5121,10.618210038166637,1
2025-12-13,SonyMax,50,241,5255,9.9168114743873,1
2025-12-13,ZeeTelugu,-1,219,4701,10.190584682406648,1
2025-12-13,ETV,49,222,5045,9.325306257246176,1
2025-12-13,GeminiTV,4,248,5203,10.758398967017728,1
2025-12-13,MaaTV,16,241,5393,9.498090152354779,1
2025-12-13,UdayaTV,-8,207,5365,9.53670690741252,1
2025-12-13,SuryaTV,33,226,5090,10.822090182431134,1
2025-12-13,KTV,34,240,4873,9.938125150153935,1
2025-12-13,JayaTV,39,239,5185,9.920787493683498,1
2025-12-13,RajTV,39,224,5067,10.16634147362248,1
2025-12-13,KalaignarTV,33,222,5037,10.943233563104954,1
2025-12-13,DDNews,22,235,5236,9.586483150807656,1
2025-12-13,DDNational,17,212,5191,10.226728508264896,1
2025-12-13,DDSports,52,240,5037,10.375254716046381,1
2025-12-13,TenSports,54,223,4983,10.984392507041665,1
2025-12-13,StarSports,35,214,4870,10.501493841035192,1
2025-12-13,SonySports,39,204,5384,9.3425229679218,1
2025-12-13,Eurosport,42,238,4933,9.897176845571735,1
2025-12-13,CNBC,45,204,4774,9.739492356734772,1
2025-12-13,BloombergTV,15,233,5103,9.589997785222078,1
2025-12-13,BBCWorld,43,232,4940,10.779432974394439,1
2025-12-13,AlJazeera,11,218,4829,10.295643599713578,1
2025-12-13,France24,12,204,5048,10.34054564365842,1
2025-12-13,VH1,-1,226,5342,10.347553487336024,1
2025-12-13,MTV,7,227,4631,9.869070928894546,1
2025-12-14,News24,513,1,846,4.268256679268106,0
2025-12-14,StarTV,519,1,750,4.423189085229838,0
2025-12-14,ZeeTV,512,1,1091,5.154231145016065,0
2025-12-14,SunTV,512,8,818,4.857967305250433,0
2025-12-14,ABPNews,516,1,890,4.7874052721546665,0
2025-12-14,NDTV,533,1,1017,5.057752737123391,0
2025-12-14,IndiaTV,517,1,799,5.2858558171190655,0
2025-12-14,CNNNews18,510,1,734,5.5434193449325315,0
2025-12-14,TimesNow,538,1,1178,4.418248485899248,0
2025-12-14,RepublicTV,532,1,1068,5.034407830019295,0
2025-12-14,TV9,549,1,920,4.9567373231149,0
2025-12-14,Asianet,537,1,1184,5.145204452779375,0
2025-12-14,Colors,527,1,859,4.361466151340763,0
2025-12-14,SonyTV,551,1,856,4.76755392823691,0
2025-12-14,StarPlus,565,1,1022,4.18366052571613,0
2025-12-14,ZeeCinema,519,1,768,5.207364328385685,0
2025-12-14,StarMovies,542,1,870,4.719861193447477,0
2025-12-14,HBO,564,4,673,4.498403512795169,0
2025-12-14,Discovery,514,10,1128,4.394044589475712,0
2025-12-14,NationalGeographic,512,1,878,4.974835722238187,0
2025-12-14,AnimalPlanet,561,1,787,5.147499483642686,0
2025-12-14,HistoryTV18,525,1,925,4.877834288336421,0
2025-12-14,CartoonNetwork,565,5,897,5.413132012855122,0
2025-12-14,Pogo,525,1,1167,5.170961873859371,0
2025-12-14,Nickelodeon,560,2,743,4.050256850347228,0
2025-12-14,SonyMax,543,1,851,5.529089074266573,0
2025-12-14,ZeeTelugu,551,1,770,4.796121557201241,0
2025-12-14,ETV,513,11,686,5.011500934792145,0
2025-12-14,GeminiTV,536,1,839,5.046809558923455,0
2025-12-14,MaaTV,496,1,944,4.613569231918785,0
2025-12-14,UdayaTV,519,1,932,5.061781827331988,0
2025-12-14,SuryaTV,536,2,1183,5.297870766158869,0
2025-12-14,KTV,533,3,916,5.316756651698277,0
2025-12-14,JayaTV,543,8,814,4.155299300962301,0
2025-12-14,RajTV,555,11,949,5.22996483388811,0
2025-12-14,KalaignarTV,525,1,961,4.537629771802313,0
2025-12-14,DDNews,522,1,936,4.985966919758014,0
2025-12-14,DDNational,533,2,800,4.62205494210564,0
2025-12-14,DDSports,561,5,1036,5.345981344578278,0
2025-12-14,TenSports,545,1,822,5.198929674825006,0
2025-12-14,StarSports,547,1,792,4.943237040510429,0
2025-12-14,SonySports,547,9,828,4.316738802338729,0
2025-12-14,Eurosport,543,3,739,4.271793638733719,0
2025-12-14,CNBC,566,7,1023,5.558290480954123,0
2025-12-14,BloombergTV,534,1,810,4.3058890877029405,0
2025-12-14,BBCWorld,561,1,1030,5.530287360555665,0
2025-12-14,AlJazeera,527,1,748,5.089753507465489,0
2025-12-14,France24,543,1,1159,4.569487838008579,0
2025-12-14,VH1,511,1,948,5.456878665676136,0
2025-12-14,MTV,549,1,1088,5.344370290041392,0
2025-12-15,News24,27,225,4854,9.750774436992995,1
2025-12-15,StarTV,-15,216,5226,10.260038230153931,1
2025-12-15,ZeeTV,5,225,4938,10.495687564680596,1
2025-12-15,SunTV,21,227,5171,10.121383366908981,1
2025-12-15,ABPNews,8,230,5101,10.426884496284098,1
2025-12-15,NDTV,48,252,4834,10.786346318478149,1
2025-12-15,IndiaTV,39,227,5086,10.302929301713624,1
2025-12-15,CNNNews18,35,245,4996,10.675817872388958,1
2025-12-15,TimesNow,34,229,5233,10.315820913072805,1
2025-12-15,RepublicTV,39,243,5265,9.860521971507984,1
2025-12-15,TV9,27,238,5045,10.9309430007732,1
2025-12-15,Asianet,27,236,5107,10.364153411972415,1
2025-12-15,Colors,36,244,5204,10.690696923056501,1
2025-12-15,SonyTV,27,248,5097,10.833611075220404,1
2025-12-15,StarPlus,7,238,5254,10.245815221031558,1
2025-12-15,ZeeCinema,1,224,5350,11.048668592447921,1
2025-12-15,StarMovies,26,252,4871,11.246871220477674,1
2025-12-15,HBO,-3,219,5231,10.05722680483922,1
2025-12-15,Discovery,36,223,5319,10.07897936375625,1
2025-12-15,NationalGeographic,4,221,5268,10.094084535590643,1
2025-12-15,AnimalPlanet,-16,221,5130,11.051338915323221,1
2025-12-15,HistoryTV18,-12,248,5264,10.06800050719815,1
2025-12-15,CartoonNetwork,-18,258,5132,10.799570475258362,1
2025-12-15,Pogo,18,240,5459,10.248939390942406,1
2025-12-15,Nickelodeon,23,229,5279,10.432737099847824,1
2025-12-15,SonyMax,-5,226,4984,10.531153333474695,1
2025-12-15,ZeeTelugu,53,246,4944,10.128049550358034,1
2025-12-15,ETV,32,232,5143,9.925150591092057,1
2025-12-15,GeminiTV,30,230,5193,10.799488026645504,1
2025-12-15,MaaTV,0,255,5010,10.241266866199886,1
2025-12-15,UdayaTV,56,244,5552,11.160974503046358,1
2025-12-15,SuryaTV,26,249,5169,10.659685662328595,1
2025-12-15,KTV,31,231,5016,10.502266612798184,1
2025-12-15,JayaTV,8,219,4951,11.128549553610705,1
2025-12-15,RajTV,25,240,5123,9.836173836893431,1
2025-12-15,KalaignarTV,-3,237,5051,11.026614998531047,1
2025-12-15,DDNews,-5,250,5105,10.5483905806865,1
2025-12-15,DDNational,15,230,4840,9.852721297579576,1
2025-12-15,DDSports,7,257,5259,10.826606961690837,1
2025-12-15,TenSports,-9,240,5236,10.632785007450567,1
2025-12-15,StarSports,23,259,5323,10.45374924521596,1
2025-12-15,SonySports,48,244,5263,11.312373791606786,1
2025-12-15,Eurosport,18,234,5143,10.955068930937909,1
2025-12-15,CNBC,12,246,5238,11.138256495992794,1
2025-12-15,BloombergTV,4,224,5273,9.891765233191974,1
2025-12-15,BBCWorld,27,227,4944,10.572541260879174,1
2025-12-15,AlJazeera,8,237,5386,10.948098294669379,1
2025-12-15,France24,26,228,4927,10.051331362653588,1
2025-12-15,VH1,55,239,5325,10.773018733149598,1
2025-12-15,MTV,32,226,4983,9.95709808421866,1
2025-12-16,News24,514,6,773,4.072550285990233,0
2025-12-16,StarTV,507,1,967,4.337004012023355,0
2025-12-16,ZeeTV,518,3,883,4.956095595055842,0
2025-12-16,SunTV,517,11,932,4.152574956610917,0
2025-12-16,ABPNews,483,3,822,5.262759169137471,0
2025-12-16,NDTV,525,1,782,4.0361522468800235,0
2025-12-16,IndiaTV,494,1,760,3.8798169874432897,0
2025-12-16,CNNNews18,528,1,1103,4.751397346669818,0
2025-12-16,TimesNow,497,6,584,5.26749885035003,0
2025-12-16,RepublicTV,527,1,876,4.022581293247612,0
2025-12-16,TV9,479,1,875,4.609855656340278,0
2025-12-16,Asianet,524,16,906,4.498084305383241,0
2025-12-16,Colors,486,4,949,4.332566866887317,0
2025-12-16,SonyTV,516,1,979,5.096122445658036,0
2025-12-16,StarPlus,485,8,635,4.417760239336221,0
2025-12-16,ZeeCinema,500,1,760,4.313622076019489,0
2025-12-16,StarMovies,531,1,984,4.083043244399632,0
2025-12-16,HBO,527,9,903,5.002403633829806,0
2025-12-16,Discovery,536,1,1083,5.147794752011854,0
2025-12-16,NationalGeographic,502,1,826,4.454370131217209,0
2025-12-16,AnimalPlanet,519,1,843,5.239947644600928,0
2025-12-16,HistoryTV18,533,3,815,4.62687140702001,0
2025-12-16,CartoonNetwork,502,10,812,4.800452625866621,0
2025-12-16,Pogo,528,13,986,5.3741913123683664,0
2025-12-16,Nickelodeon,508,4,672,4.314188096769858,0
2025-12-16,SonyMax,472,1,639,4.70577051509283,0
2025-12-16,ZeeTelugu,479,1,957,5.3207683043032645,0
2025-12-16,ETV,505,1,819,4.068884506339853,0
2025-12-16,GeminiTV,501,9,932,4.823840688666332,0
2025-12-16,MaaTV,500,1,963,4.208669836391791,0
2025-12-16,UdayaTV,514,3,710,4.5332523174814785,0
2025-12-16,SuryaTV,512,1,837,4.4265405121950865,0
2025-12-16,KTV,517,1,817,4.171465964282809,0
2025-12-16,JayaTV,514,4,712,4.2883411527083615,0
2025-12-16,RajTV,530,2,661,4.93559251770003,0
2025-12-16,KalaignarTV,491,1,1031,4.42146656246878,0
2025-12-16,DDNews,512,1,843,4.220009477655934,0
2025-12-16,DDNational,530,16,915,4.2831458867591605,0
2025-12-16,DDSports,526,1,967,3.812989936857059,0
2025-12-16,TenSports,525,1,774,4.087984540346812,0
2025-12-16,StarSports,536,5,815,4.605641346934575,0
2025-12-16,SonySports,493,8,1006,4.852168533791212,0
2025-12-16,Eurosport,476,1,1098,4.482876523835636,0
2025-12-16,CNBC,533,10,799,3.9606788350412057,0
2025-12-16,BloombergTV,507,1,796,4.619365564501496,0
2025-12-16,BBCWorld,493,9,743,4.436614761521101,0
2025-12-16,AlJazeera,537,5,798,4.8458966228064835,0
2025-12-16,France24,479,1,940,4.92951043316155,0
2025-12-16,VH1,494,6,607,4.738371633108694,0
2025-12-16,MTV,480,4,912,4.096574573405424,0
2025-12-17,News24,41,252,5330,10.442347584942146,1
2025-12-17,StarTV,50,219,4892,9.929752633843194,1
2025-12-17,ZeeTV,9,251,4807,10.147183409323375,1
2025-12-17,SunTV,47,241,5369,11.13940741615928,1
2025-12-17,ABPNews,7,251,5024,9.825848807460266,1
2025-12-17,NDTV,45,246,5326,9.90516988505761,1
2025-12-17,IndiaTV,4,216,5024,10.066153624084432,1
2025-12-17,CNNNews18,26,215,5062,9.760370684802004,1
2025-12-17,TimesNow,44,261,5073,10.596588230804254,1
2025-12-17,RepublicTV,34,242,5418,9.752796261974007,1
2025-12-17,TV9,0,263,5320,9.775885269833982,1
2025-12-17,Asianet,-2,240,5046,9.361568211951965,1
2025-12-17,Colors,-12,241,4937,10.444233493170588,1
2025-12-17,SonyTV,6,221,4793,10.13243880892453,1
2025-12-17,StarPlus,-11,224,4944,11.044011043897203,1
2025-12-17,ZeeCinema,21,212,4996,9.872483051005407,1
2025-12-17,StarMovies,-3,258,5073,9.63982795932303,1
2025-12-17,HBO,16,226,5450,9.485965362481336,1
2025-12-17,Discovery,52,226,5142,9.560576270568578,1
2025-12-17,NationalGeographic,30,232,4959,10.94340453058801,1
2025-12-17,AnimalPlanet,50,254,5121,9.485626801089541,1
2025-12-17,HistoryTV18,14,230,4946,9.865302969941022,1
2025-12-17,CartoonNetwork,6,233,5328,10.28229694933126,1
2025-12-17,Pogo,12,231,4947,10.341788461482258,1
2025-12-17,Nickelodeon,5,250,5203,10.737196108985064,1
2025-12-17,SonyMax,-6,215,4808,9.916149723381762,1
2025-12-17,ZeeTelugu,-1,224,4907,10.115729441731997,1
2025-12-17,ETV,-4,212,4949,10.644372880814707,1
2025-12-17,GeminiTV,22,235,4776,10.321078386507098,1
2025-12-17,MaaTV,20,227,4962,10.98648346564565,1
2025-12-17,UdayaTV,6,230,5284,10.005259173499171,1
2025-12-17,SuryaTV,-4,225,5291,9.858525360158938,1
2025-12-17,KTV,1,246,5274,11.09307892456031,1
2025-12-17,JayaTV,21,239,4792,10.793483285404774,1
2025-12-17,RajTV,27,247,4990,10.61446544693213,1
2025-12-17,KalaignarTV,19,231,5218,9.89192465715922,1
2025-12-17,DDNews,41,242,4952,9.4765849353353,1
2025-12-17,DDNational,52,235,5419,10.296491504396093,1
2025-12-17,DDSports,21,229,4762,10.895476640498972,1
2025-12-17,TenSports,1,221,4764,9.930940016297345,1
2025-12-17,StarSports,38,245,5130,10.956814657996125,1
2025-12-17,SonySports,5,220,4884,10.245799910244964,1
2025-12-17,Eurosport,14,247,5079,10.61575709457237,1
2025-12-17,CNBC,31,212,5069,10.273713963514215,1
2025-12-17,BloombergTV,33,215,5172,9.833772200917393,1
2025-12-17,BBCWorld,-7,236,5157,10.695005021714913,1
2025-12-17,AlJazeera,37,222,5243,10.734204041297453,1
2025-12-17,France24,-6,255,5266,10.105881609858294,1
2025-12-17,VH1,55,228,4971,9.916581991577221,1
2025-12-17,MTV,39,223,5024,10.833540110573654,1
2025-12-18,News24,486,1,1096,5.033151611731343,0
2025-12-18,StarTV,504,1,1077,5.525817769510013,0
2025-12-18,ZeeTV,501,1,729,5.000843499661704,0
2025-12-18,SunTV,517,1,875,4.6972689399761665,0
2025-12-18,ABPNews,538,8,823,4.799092305734725,0
2025-12-18,NDTV,488,1,738,4.651401171730782,0
2025-12-18,IndiaTV,538,8,1154,4.305313190796228,0
2025-12-18,CNNNews18,542,5,956,5.248913007972323,0
2025-12-18,TimesNow,551,1,678,4.378299935502474,0
2025-12-18,RepublicTV,538,1,952,3.8368295738728153,0
2025-12-18,TV9,545,4,1026,4.766585483625501,0
2025-12-18,Asianet,532,4,1003,4.3448536060806475,0
2025-12-18,Colors,533,2,716,4.733925866528147,0
2025-12-18,SonyTV,535,1,1057,5.070333497225226,0
2025-12-18,StarPlus,530,4,705,5.40151668671678,0
2025-12-18,ZeeCinema,537,1,826,5.426896629556456,0
2025-12-18,StarMovies,526,1,1120,4.878959009615637,0
2025-12-18,HBO,531,1,1107,5.304343770485781,0
2025-12-18,Discovery,495,11,937,4.320985079158017,0
2025-12-18,NationalGeographic,518,1,991,4.644018382188113,0
2025-12-18,AnimalPlanet,529,1,1017,4.215549502312364,0
2025-12-18,HistoryTV18,553,1,833,5.29790087607974,0
2025-12-18,CartoonNetwork,497,14,1039,4.224513211542205,0
2025-12-18,Pogo,538,4,1055,5.2307157237221915,0
2025-12-18,Nickelodeon,548,7,739,5.039753342428158,0
2025-12-18,SonyMax,536,1,1037,4.085263007309706,0
2025-12-18,ZeeTelugu,517,1,1033,5.107568997707691,0
2025-12-18,ETV,534,4,1038,4.017429561550649,0
2025-12-18,GeminiTV,505,1,936,5.147053396062545,0
2025-12-18,MaaTV,525,1,966,4.246037658625597,0
2025-12-18,UdayaTV,497,4,905,4.358112926413675,0
2025-12-18,SuryaTV,556,2,748,4.07840824582678,0
2025-12-18,KTV,515,8,1059,4.305108810333154,0
2025-12-18,JayaTV,501,1,929,4.191737619026405,0
2025-12-18,RajTV,534,1,723,5.318964467110598,0
2025-12-18,KalaignarTV,518,1,981,4.696787753707982,0
2025-12-18,DDNews,532,10,883,4.483363807696472,0
2025-12-18,DDNational,523,5,844,4.467416717981946,0
2025-12-18,DDSports,530,1,1123,4.327526292575954,0
2025-12-18,TenSports,532,6,1055,4.9439066850638085,0
2025-12-18,StarSports,529,1,641,5.099788566288684,0
2025-12-18,SonySports,539,2,1011,5.122544622515621,0
2025-12-18,Eurosport,539,1,704,4.43807272327121,0
2025-12-18,CNBC,502,1,951,4.761675873116617,0
2025-12-18,BloombergTV,514,9,798,4.295532300224739,0
2025-12-18,BBCWorld,538,1,1133,4.785259762193258,0
2025-12-18,AlJazeera,544,2,774,4.881643347494565,0
2025-12-18,France24,527,1,1002,5.155423128363814,0
2025-12-18,VH1,499,1,704,5.116698163304218,0
2025-12-18,MTV,561,1,965,4.533218322223101,0
2025-12-19,News24,42,229,5204,10.098649377273412,1
2025-12-19,StarTV,11,239,5058,10.105217472683936,1
2025-12-19,ZeeTV,-7,234,5196,10.180457075711116,1
2025-12-19,SunTV,12,240,5204,10.019413013886451,1
2025-12-19,ABPNews,-1,261,5288,9.598591871013097,1
2025-12-19,NDTV,55,253,5379,9.675194215516454,1
2025-12-19,IndiaTV,7,234,5127,10.369270958048544,1
2025-12-19,CNNNews18,44,248,5249,10.22587066201239,1
2025-12-19,TimesNow,4,261,5443,10.68799296329339,1
2025-12-19,RepublicTV,10,220,5377,10.731770863314724,1
2025-12-19,TV9,44,234,5541,10.576472417263044,1
2025-12-19,Asianet,13,232,5573,10.726651117473407,1
2025-12-19,Colors,39,237,5502,9.697574100548369,1
2025-12-19,SonyTV,46,260,5079,10.643735861747164,1
2025-12-19,StarPlus,15,249,5125,9.566080983227646,1
2025-12-19,ZeeCinema,50,242,5197,10.497204714521065,1
2025-12-19,StarMovies,4,240,5380,9.584122350262973,1
2025-12-19,HBO,-15,234,5070,10.667416053142196,1
2025-12-19,Discovery,1,244,5110,9.887617740497944,1
2025-12-19,NationalGeographic,2,221,5375,10.959359519033137,1
2025-12-19,AnimalPlanet,38,230,5154,10.35247721113005,1
2025-12-19,HistoryTV18,-17,226,5251,10.263660813146489,1
2025-12-19,CartoonNetwork,0,231,5228,10.81379252126366,1
2025-12-19,Pogo,-6,216,5427,9.803041722768537,1
2025-12-19,Nickelodeon,35,232,5274,9.976175013943697,1
2025-12-19,SonyMax,15,234,5596,11.17532706180365,1
2025-12-19,ZeeTelugu,25,222,5461,10.111697312167781,1
2025-12-19,ETV,7,239,4950,11.388127409709963,1
2025-12-19,GeminiTV,37,256,5022,10.21533534569472,1
2025-12-19,MaaTV,6,237,5297,10.223070406491264,1
2025-12-19,UdayaTV,51,252,5048,9.877516099252045,1
2025-12-19,SuryaTV,32,244,5057,11.005973246000737,1
2025-12-19,KTV,53,245,5328,10.192984241547308,1
2025-12-19,JayaTV,18,235,5005,10.08061726931475,1
2025-12-19,RajTV,13,237,5021,10.510247553416207,1
2025-12-19,KalaignarTV,49,226,5242,10.729776051044105,1
2025-12-19,DDNews,-3,240,5189,9.816520401141467,1
2025-12-19,DDNational,15,250,4907,10.169877320261575,1
2025-12-19,DDSports,27,227,5303,10.811641413696483,1
2025-12-19,TenSports,56,232,5035,9.654414692613623,1
2025-12-19,StarSports,5,237,5298,10.74576769129568,1
2025-12-19,SonySports,48,231,5435,9.78296962017409,1
2025-12-19,Eurosport,-11,225,5143,10.070967316981468,1
2025-12-19,CNBC,-14,246,5275,10.183905048692377,1
2025-12-19,BloombergTV,-3,230,4929,10.5978970323674,1
2025-12-19,BBCWorld,31,230,5355,10.044946041064442,1
2025-12-19,AlJazeera,35,243,5189,10.678961376627544,1
2025-12-19,France24,34,252,4936,9.50110759593397,1
2025-12-19,VH1,41,252,5140,9.790151197959151,1
2025-12-19,MTV,-1,230,4895,9.806420892864892,1
2025-12-20,News24,497,10,878,4.317588154353565,0
2025-12-20,StarTV,492,1,920,4.090177278201188,0
2025-12-20,ZeeTV,477,2,919,4.968562441880106,0
2025-12-20,SunTV,514,1,864,3.676650952511802,0
2025-12-20,ABPNews,503,1,642,4.374557632995315,0
2025-12-20,NDTV,461,13,1027,4.402939007893679,0
2025-12-20,IndiaTV,490,1,887,4.474224998962038,0
2025-12-20,CNNNews18,490,1,728,4.629151379688866,0
2025-12-20,TimesNow,525,13,755,4.688369002882155,0
2025-12-20,RepublicTV,477,1,996,4.10694032767328,0
2025-12-20,TV9,504,17,1019,4.436518781335839,0
2025-12-20,Asianet,495,1,608,3.5589361906605146,0
2025-12-20,Colors,511,1,796,4.874074483780016,0
2025-12-20,SonyTV,496,1,954,3.998356278443893,0
2025-12-20,StarPlus,499,7,674,4.270115773965513,0
2025-12-20,ZeeCinema,482,6,755,3.5159628067871758,0
2025-12-20,StarMovies,475,13,988,3.4218699097194776,0
2025-12-20,HBO,487,1,886,4.958053634842014,0
2025-12-20,Discovery,515,11,780,3.7289239057784522,0
2025-12-20,NationalGeographic,509,1,894,4.03538614283067,0
2025-12-20,AnimalPlanet,466,1,892,3.857781079456379,0
2025-12-20,HistoryTV18,463,8,916,4.694250722372167,0
2025-12-20,CartoonNetwork,496,4,962,4.693429950429565,0
2025-12-20,Pogo,482,1,999,4.196684590923153,0
2025-12-20,Nickelodeon,462,1,685,4.270366540397159,0
2025-12-20,SonyMax,507,1,969,4.565266443921261,0
2025-12-20,ZeeTelugu,461,1,926,4.724830271484127,0
2025-12-20,ETV,501,1,763,4.115645417828434,0
2025-12-20,GeminiTV,506,7,575,4.313586245577992,0
2025-12-20,MaaTV,514,18,715,4.602540316206686,0
2025-12-20,UdayaTV,469,10,813,4.415567604221531,0
2025-12-20,SuryaTV,484,13,658,4.601993222301788,0
2025-12-20,KTV,492,1,850,4.474517247730119,0
2025-12-20,JayaTV,500,4,675,4.058581839779816,0
2025-12-20,RajTV,483,1,685,3.741014187632162,0
2025-12-20,KalaignarTV,530,12,679,3.8959848743972696,0
2025-12-20,DDNews,510,1,903,5.008158083079886,0
2025-12-20,DDNational,483,1,953,3.714204736573635,0
2025-12-20,DDSports,515,9,595,4.005232923376791,0
2025-12-20,TenSports,474,3,589,4.454909646289553,0
2025-12-20,StarSports,496,2,881,4.505991256500807,0
2025-12-20,SonySports,470,1,894,4.116852508112459,0
2025-12-20,Eurosport,504,1,717,3.972612072004849,0
2025-12-20,CNBC,498,6,727,3.617527514439672,0
2025-12-20,BloombergTV,496,1,916,4.0219147257656696,0
2025-12-20,BBCWorld,514,3,739,3.638071386994378,0
2025-12-20,AlJazeera,513,1,742,4.356576099516426,0
2025-12-20,France24,458,1,846,4.96336312791062,0
2025-12-20,VH1,493,1,990,3.8936176610352,0
2025-12-20,MTV,481,1,822,4.406958281557075,0
2025-12-21,News24,-5,240,5224,10.18675924618437,1
2025-12-21,StarTV,25,244,5443,11.194645285207681,1
2025-12-21,ZeeTV,42,218,5233,10.100178425089927,1
2025-12-21,SunTV,36,230,5185,9.944441713839229,1
2025-12-21,ABPNews,16,212,5327,9.730408821058267,1
2025-12-21,NDTV,32,234,5136,9.760725690276658,1
2025-12-21,IndiaTV,14,236,4893,10.351669472688583,1
2025-12-21,CNNNews18,-2,213,5190,10.701499329028561,1
2025-12-21,TimesNow,28,222,5214,10.950551457567974,1
2025-12-21,RepublicTV,39,233,5175,10.88858301838535,1
2025-12-21,TV9,4,234,5225,10.866003201927583,1
2025-12-21,Asianet,50,221,5411,10.04260449357608,1
2025-12-21,Colors,51,221,5119,9.667190066108116,1
2025-12-21,SonyTV,19,238,5430,10.1861234078262,1
2025-12-21,StarPlus,36,248,5080,9.979497321374556,1
2025-12-21,ZeeCinema,34,237,5181,10.250751274593101,1
2025-12-21,StarMovies,35,230,4867,11.341009927375334,1
2025-12-21,HBO,-4,227,5198,9.74914307297138,1
2025-12-21,Discovery,46,234,5058,10.227952074171492,1
2025-12-21,NationalGeographic,24,234,5116,10.156852950700271,1
2025-12-21,AnimalPlanet,44,233,4917,9.935918537440136,1
2025-12-21,HistoryTV18,16,218,4999,10.612620290457482,1
2025-12-21,CartoonNetwork,-7,242,5327,10.673462046559203,1
2025-12-21,Pogo,41,253,5255,10.207703986292744,1
2025-12-21,Nickelodeon,25,226,5082,10.222027437612486,1
2025-12-21,SonyMax,31,217,5026,10.34278721441914,1
2025-12-21,ZeeTelugu,15,233,4902,10.463062984836782,1
2025-12-21,ETV,40,245,4919,10.641928637574955,1
2025-12-21,GeminiTV,31,215,5153,10.195158827516623,1
2025-12-21,MaaTV,20,240,5026,10.590187249194871,1
2025-12-21,UdayaTV,47,248,5364,9.92842376676302,1
2025-12-21,SuryaTV,23,240,5509,10.998780985700614,1
2025-12-21,KTV,35,231,5090,9.78196613784864,1
2025-12-21,JayaTV,21,242,5016,10.789651002705392,1
2025-12-21,RajTV,43,212,5289,10.634297242747277,1
2025-12-21,KalaignarTV,46,237,5344,9.685704325142062,1
2025-12-21,DDNews,38,231,5048,10.455265308208023,1
2025-12-21,DDNational,8,251,5286,10.790049239767926,1
2025-12-21,DDSports,38,224,4978,11.04610112544019,1
2025-12-21,TenSports,1,233,5153,10.636475838361157,1
2025-12-21,StarSports,36,225,5131,10.794677082333903,1
2025-12-21,SonySports,39,252,5378,9.86694955334575,1
2025-12-21,Eurosport,16,236,5108,10.908806181201832,1
2025-12-21,CNBC,-8,212,5081,10.417751629834536,1
2025-12-21,BloombergTV,14,238,5450,11.288301311899508,1
2025-12-21,BBCWorld,1,223,4873,10.767743322911409,1
2025-12-21,AlJazeera,28,230,5189,10.16314034685459,1
2025-12-21,France24,32,230,4953,10.609085545368837,1
2025-12-21,VH1,14,219,4977,9.842719753606815,1
2025-12-21,MTV,-8,238,5039,10.245911766350577,1
2025-12-22,News24,501,3,1023,4.88275885056606,0
2025-12-22,StarTV,519,1,840,4.422018247864832,0
2025-12-22,ZeeTV,510,1,761,4.333551168798046,0
2025-12-22,SunTV,510,1,1061,4.8262042999377694,0
2025-12-22,ABPNews,544,1,970,4.133291534576542,0
2025-12-22,NDTV,539,1,721,4.871527345631868,0
2025-12-22,IndiaTV,494,1,969,4.048829268353999,0
2025-12-22,CNNNews18,537,1,855,5.011135233643923,0
2025-12-22,TimesNow,522,5,941,4.205098178444156,0
2025-12-22,RepublicTV,521,1,969,4.183464327765275,0
2025-12-22,TV9,501,1,962,3.98682161318374,0
2025-12-22,Asianet,550,11,717,4.731472149926369,0
2025-12-22,Colors,513,2,813,4.988572046896405,0
2025-12-22,SonyTV,530,1,722,4.99156254773012,0
2025-12-22,StarPlus,497,1,911,4.408245835648744,0
2025-12-22,ZeeCinema,524,1,776,4.139520671920056,0
2025-12-22,StarMovies,547,9,768,4.34387698753375,0
2025-12-22,HBO,499,4,657,5.116833367973821,0
2025-12-22,Discovery,536,5,972,4.036285237166794,0
2025-12-22,NationalGeographic,536,1,978,4.400107621006909,0
2025-12-22,AnimalPlanet,522,1,805,5.158512150594828,0
2025-12-22,HistoryTV18,501,1,966,4.169701872098103,0
2025-12-22,CartoonNetwork,525,1,694,4.614318055677816,0
2025-12-22,Pogo,544,3,983,5.049869190371612,0
2025-12-22,Nickelodeon,520,6,928,4.257170136080943,0
2025-12-22,SonyMax,547,1,799,5.037318164606939,0
2025-12-22,ZeeTelugu,506,1,992,3.872348820556439,0
2025-12-22,ETV,535,1,772,4.014780276693016,0
2025-12-22,GeminiTV,537,1,839,4.549426924292663,0
2025-12-22,MaaTV,552,1,1035,4.952836262163919,0
2025-12-22,UdayaTV,536,1,747,4.245597398429646,0
2025-12-22,SuryaTV,535,14,788,4.762001379077532,0
2025-12-22,KTV,478,4,1008,4.6388539341580985,0
2025-12-22,JayaTV,529,1,888,5.100468353605339,0
2025-12-22,RajTV,527,4,905,4.345258625459434,0
2025-12-22,KalaignarTV,489,1,980,4.969493885131537,0
2025-12-22,DDNews,484,1,722,3.9797948748667986,0
2025-12-22,DDNational,533,7,812,4.736248902460717,0
2025-12-22,DDSports,498,1,796,4.590692460349167,0
2025-12-22,TenSports,521,7,702,4.84932802988617,0
2025-12-22,StarSports,526,1,808,5.238726310662199,0
2025-12-22,SonySports,548,1,910,4.838113951416863,0
2025-12-22,Eurosport,532,1,1037,4.775719388875297,0
2025-12-22,CNBC,521,1,903,5.072569848850166,0
2025-12-22,BloombergTV,526,1,973,4.467501247391421,0
2025-12-22,BBCWorld,535,1,1138,4.612404887641591,0
2025-12-22,AlJazeera,527,1,1042,4.6479645262698845,0
2025-12-22,France24,542,1,716,5.242376214471499,0
2025-12-22,VH1,533,12,960,4.881181409101622,0
2025-12-22,MTV,520,1,713,4.456984128659153,0
2025-12-23,News24,7,227,5182,10.503263862017938,1
2025-12-23,StarTV,41,246,5391,10.807432761239017,1
2025-12-23,ZeeTV,-2,225,5231,11.403803028157595,1
2025-12-23,SunTV,-2,247,5353,10.509858603271935,1
2025-12-23,ABPNews,12,235,5231,10.535703635529146,1
2025-12-23,NDTV,44,237,5222,9.897224366584386,1
2025-12-23,IndiaTV,32,227,5110,10.55225189959378,1
2025-12-23,CNNNews18,15,231,5469,10.33740649661734,1
2025-12-23,TimesNow,25,258,5175,9.953953686930005,1
2025-12-23,RepublicTV,47,225,5318,11.034164051302039,1
2025-12-23,TV9,18,239,5312,10.446573486732493,1
2025-12-23,Asianet,6,250,5385,10.894722884974314,1
2025-12-23,Colors,5,229,5295,10.589639317550194,1
2025-12-23,SonyTV,26,216,5325,10.533392601012212,1
2025-12-23,StarPlus,13,219,5147,9.552456423008978,1
2025-12-23,ZeeCinema,17,227,5302,11.344646853823173,1
2025-12-23,StarMovies,13,248,4969,10.59848388733169,1
2025-12-23,HBO,33,228,5007,10.903870494291377,1
2025-12-23,Discovery,58,252,5219,10.275316291721378,1
2025-12-23,NationalGeographic,11,252,4816,10.42583508998897,1
2025-12-23,AnimalPlanet,-8,228,5041,10.262972452533262,1
2025-12-23,HistoryTV18,-13,244,5406,10.74345722325934,1
2025-12-23,CartoonNetwork,-9,235,5218,10.311527419131307,1
2025-12-23,Pogo,46,253,5120,10.853999594915242,1
2025-12-23,Nickelodeon,28,212,5440,10.504490592848308,1
2025-12-23,SonyMax,-1,221,5083,11.062916170348984,1
2025-12-23,ZeeTelugu,29,255,5636,10.96297326120806,1
2025-12-23,ETV,26,252,5322,10.207458239221003,1
2025-12-23,GeminiTV,18,214,5250,10.84140722414382,1
2025-12-23,MaaTV,-7,235,5045,11.183367899756908,1
2025-12-23,UdayaTV,4,237,5009,10.26656535723916,1
2025-12-23,SuryaTV,43,237,5596,10.960964485186059,1
2025-12-23,KTV,33,226,4968,10.402718496820262,1
2025-12-23,JayaTV,32,219,5240,10.628506583327297,1
2025-12-23,RajTV,-3,239,5128,9.73098570236627,1
2025-12-23,KalaignarTV,4,241,5067,9.643066589536177,1
2025-12-23,DDNews,-7,245,5047,10.16779713345441,1
2025-12-23,DDNational,17,226,5317,10.141867849859821,1
2025-12-23,DDSports,9,263,5044,11.148930201488863,1
2025-12-23,TenSports,31,251,5498,11.065777408230545,1
2025-12-23,StarSports,30,216,5072,10.497287842585566,1
2025-12-23,SonySports,24,233,5160,10.592468419887,1
2025-12-23,Eurosport,45,219,4950,10.976436749881914,1
2025-12-23,CNBC,11,220,5361,10.707751726150411,1
2025-12-23,BloombergTV,-17,254,5327,10.183367850153761,1
2025-12-23,BBCWorld,29,227,5242,10.489989068754646,1
2025-12-23,AlJazeera,-2,230,5374,10.468476252997503,1
2025-12-23,France24,32,259,5120,10.853148234969542,1
2025-12-23,VH1,-1,233,5220,9.639117696219047,1
2025-12-23,MTV,4,253,5231,10.597337512705746,1
2025-12-24,News24,514,5,756,4.233553689965679,0
2025-12-24,StarTV,501,1,753,3.533343756171328,0
2025-12-24,ZeeTV,509,1,795,4.0514102948816415,0
2025-12-24,SunTV,488,6,722,4.579399371736225,0
2025-12-24,ABPNews,469,5,907,3.940833958800391,0
2025-12-24,NDTV,487,14,915,3.8973083673536357,0
2025-12-24,IndiaTV,477,6,901,4.608804745778474,0
2025-12-24,CNNNews18,519,1,721,4.930364227992951,0
2025-12-24,TimesNow,491,1,834,4.836591244635929,0
2025-12-24,RepublicTV,467,16,882,3.636301017542417,0
2025-12-24,TV9,478,15,1063,4.75473001509275,0
2025-12-24,Asianet,487,10,831,4.524398472138018,0
2025-12-24,Colors,492,4,916,3.6587194257615065,0
2025-12-24,SonyTV,453,1,874,4.063593723527457,0
2025-12-24,StarPlus,503,3,592,4.219573530449544,0
2025-12-24,ZeeCinema,469,1,864,3.6318300173922453,0
2025-12-24,StarMovies,466,1,1008,4.415152992014222,0
2025-12-24,HBO,479,1,721,4.275766240058549,0
2025-12-24,Discovery,465,1,991,4.811707306539343,0
2025-12-24,NationalGeographic,491,11,1002,3.9401765690585613,0
2025-12-24,AnimalPlanet,459,17,606,3.932997982224464,0
2025-12-24,HistoryTV18,483,1,969,4.798168976620075,0
2025-12-24,CartoonNetwork,508,1,748,4.733248750755719,0
2025-12-24,Pogo,465,7,652,3.6452727982997195,0
2025-12-24,Nickelodeon,468,7,736,3.3663879536723016,0
2025-12-24,SonyMax,461,19,699,4.13148307581225,0
2025-12-24,ZeeTelugu,469,4,808,4.15271174713633,0
2025-12-24,ETV,502,2,788,3.7645333778275187,0
2025-12-24,GeminiTV,481,13,942,4.0136671099678125,0
2025-12-24,MaaTV,477,1,1015,3.8163633901454035,0
2025-12-24,UdayaTV,485,12,589,4.622134471273796,0
2025-12-24,SuryaTV,465,1,552,4.718343348263566,0
2025-12-24,KTV,492,11,624,3.8854791669773396,0
2025-12-24,JayaTV,495,9,641,4.520219211157253,0
2025-12-24,RajTV,518,1,964,4.185602455756389,0
2025-12-24,KalaignarTV,495,1,700,3.455546178353243,0
2025-12-24,DDNews,463,1,792,4.325778064933529,0
2025-12-24,DDNational,500,1,690,4.242003989209212,0
2025-12-24,DDSports,499,1,659,3.8403695069632775,0
2025-12-24,TenSports,487,1,867,3.836860095720663,0
2025-12-24,StarSports,481,1,909,4.638794290110465,0
2025-12-24,SonySports,467,12,717,4.114768494171692,0
2025-12-24,Eurosport,462,1,970,3.6080881988765787,0
2025-12-24,CNBC,506,1,581,4.402239872984063,0
2025-12-24,BloombergTV,475,16,942,3.947172125773636,0
2025-12-24,BBCWorld,458,1,873,3.7919160069330617,0
2025-12-24,AlJazeera,451,16,671,4.179570888086119,0
2025-12-24,France24,461,1,801,4.222105116521317,0
2025-12-24,VH1,485,1,678,4.820796116598983,0
2025-12-24,MTV,501,1,1076,4.749214719702317,0
2025-12-25,News24,58,234,4864,10.149666955313943,1
2025-12-25,StarTV,23,262,5657,10.136585541897414,1
2025-12-25,ZeeTV,45,239,5244,11.118045157058626,1
2025-12-25,SunTV,17,238,5443,10.630953496626221,1
2025-12-25,ABPNews,30,237,5219,10.31820565746611,1
2025-12-25,NDTV,26,227,5370,10.222874681248692,1
2025-12-25,IndiaTV,37,243,4998,11.206872886698655,1
2025-12-25,CNNNews18,-11,256,5266,10.717312150920188,1
2025-12-25,TimesNow,9,242,5188,10.005291336338203,1
2025-12-25,RepublicTV,-9,241,5017,9.646608012752298,1
2025-12-25,TV9,58,223,5166,9.86652106891331,1
2025-12-25,Asianet,14,240,5241,11.039545185641666,1
2025-12-25,Colors,59,236,5162,10.471644970584732,1
2025-12-25,SonyTV,49,225,5000,10.632126822391388,1
2025-12-25,StarPlus,39,227,5359,10.212257064270354,1
2025-12-25,ZeeCinema,19,248,5385,11.160762031521273,1
2025-12-25,StarMovies,17,253,5490,10.234814299753204,1
2025-12-25,HBO,17,258,5215,10.602560842332549,1
2025-12-25,Discovery,14,226,5391,10.693368715917831,1
2025-12-25,NationalGeographic,42,218,4982,9.987090274240577,1
2025-12-25,AnimalPlanet,13,242,5261,9.639951266111842,1
2025-12-25,HistoryTV18,18,245,5544,10.68504219918882,1
2025-12-25,CartoonNetwork,19,217,5475,10.473063340501373,1
2025-12-25,Pogo,34,220,5160,10.346387347473911,1
2025-12-25,Nickelodeon,0,225,4921,10.75601359086536,1
2025-12-25,SonyMax,32,254,4979,10.829456143133452,1
2025-12-25,ZeeTelugu,33,235,5337,10.655837961235132,1
2025-12-25,ETV,1,245,5535,10.320919184699903,1
2025-12-25,GeminiTV,52,234,5665,11.364819803582709,1
2025-12-25,MaaTV,20,240,5317,10.862538605273349,1
2025-12-25,UdayaTV,32,227,5339,10.14505808947218,1
2025-12-25,SuryaTV,-10,259,5208,10.471172441889337,1
2025-12-25,KTV,46,212,5155,9.681565910850567,1
2025-12-25,JayaTV,26,242,5123,9.79230827759195,1
2025-12-25,RajTV,47,213,4982,10.950779998089457,1
2025-12-25,KalaignarTV,40,235,5604,9.881901545811221,1
2025-12-25,DDNews,27,252,5140,10.87493629090432,1
2025-12-25,DDNational,-12,236,5404,10.750466648155903,1
2025-12-25,DDSports,24,241,5428,11.053599504752036,1
2025-12-25,TenSports,3,239,5012,10.972104676635361,1
2025-12-25,StarSports,42,225,5425,10.668704498754032,1
2025-12-25,SonySports,8,241,5271,9.614228660178275,1
2025-12-25,Eurosport,43,248,5010,9.885622761137894,1
2025-12-25,CNBC,1,241,5198,10.204838162957609,1
2025-12-25,BloombergTV,-15,228,5048,10.586154143996245,1
2025-12-25,BBCWorld,-8,232,5303,10.790287624691402,1
2025-12-25,AlJazeera,-4,236,5307,10.869018622677912,1
2025-12-25,France24,43,248,5261,10.168872816063748,1
2025-12-25,VH1,44,224,5264,10.392749799069717,1
2025-12-25,MTV,22,237,5005,11.155573925516345,1
2025-12-26,News24,517,1,941,4.805233175917677,0
2025-12-26,StarTV,506,7,780,4.570184960510111,0
2025-12-26,ZeeTV,506,1,872,4.81721433426721,0
2025-12-26,SunTV,487,5,776,4.754405120051706,0
2025-12-26,ABPNews,512,1,1032,3.986481856019177,0
2025-12-26,NDTV,501,1,789,4.705594558187828,0
2025-12-26,IndiaTV,500,6,903,4.6776317342785205,0
2025-12-26,CNNNews18,516,7,1004,3.8807474814505265,0
2025-12-26,TimesNow,483,5,887,3.826311015326493,0
2025-12-26,RepublicTV,504,1,740,3.952283796426151,0
2025-12-26,TV9,532,11,916,3.8885703709363186,0
2025-12-26,Asianet,497,4,1004,4.727353757149774,0
2025-12-26,Colors,476,1,707,4.538454147172615,0
2025-12-26,SonyTV,499,8,704,4.9312331101470015,0
2025-12-26,StarPlus,531,1,654,4.642551374199302,0
2025-12-26,ZeeCinema,489,3,822,4.6802431965709195,0
2025-12-26,StarMovies,516,1,799,3.9493709120142433,0
2025-12-26,HBO,514,1,1028,4.938724753601897,0
2025-12-26,Discovery,480,1,914,4.474480701034994,0
2025-12-26,NationalGeographic,505,1,694,4.802100161289093,0
2025-12-26,AnimalPlanet,537,7,723,4.730823458091285,0
2025-12-26,HistoryTV18,512,1,777,4.773714725633048,0
2025-12-26,CartoonNetwork,507,1,907,3.98063785741186,0
2025-12-26,Pogo,495,1,986,4.136815162367962,0
2025-12-26,Nickelodeon,521,2,718,4.165549374418276,0
2025-12-26,SonyMax,504,5,928,5.344174043110523,0
2025-12-26,ZeeTelugu,498,1,644,4.2877942956755595,0
2025-12-26,ETV,527,1,929,3.6873350058206453,0
2025-12-26,GeminiTV,495,1,729,5.2549370036449154,0
2025-12-26,MaaTV,493,1,1111,4.274300039050252,0
2025-12-26,UdayaTV,534,1,1037,3.9020023153884944,0
2025-12-26,SuryaTV,515,1,958,4.0469611197854665,0
2025-12-26,KTV,484,1,1052,4.207511560511022,0
2025-12-26,JayaTV,512,1,923,4.990454480508307,0
2025-12-26,RajTV,513,1,645,5.0887377652516665,0
2025-12-26,KalaignarTV,526,1,1021,4.645767093245895,0
2025-12-26,DDNews,521,1,641,4.825187771097486,0
2025-12-26,DDNational,522,1,1034,3.8541388135826558,0
2025-12-26,DDSports,524,1,931,4.396602890447916,0
2025-12-26,TenSports,474,1,640,4.989574425604807,0
2025-12-26,StarSports,525,1,840,4.765749056951598,0
2025-12-26,SonySports,483,8,773,3.97653814115959,0
2025-12-26,Eurosport,496,1,765,4.768923238893079,0
2025-12-26,CNBC,518,1,938,4.214771663432261,0
2025-12-26,BloombergTV,524,10,937,4.093728739651583,0
2025-12-26,BBCWorld,502,11,830,5.101731419284479,0
2025-12-26,AlJazeera,496,8,865,4.286254755726109,0
2025-12-26,France24,503,1,888,4.3020105693160655,0
2025-12-26,VH1,511,3,991,4.677990953730495,0
2025-12-26,MTV,512,15,978,4.970999691529874,0
2025-12-27,News24,30,242,5173,10.012589479784372,1
2025-12-27,StarTV,41,252,5275,10.480361333012283,1
2025-12-27,ZeeTV,28,252,5251,11.091681039969991,1
2025-12-27,SunTV,18,227,5187,11.464389376641485,1
2025-12-27,ABPNews,24,255,5059,10.444407137343637,1
2025-12-27,NDTV,31,242,5382,11.550580960652702,1
2025-12-27,IndiaTV,13,223,5050,11.300669358748692,1
2025-12-27,CNNNews18,7,234,5256,10.369217235081429,1
2025-12-27,TimesNow,16,252,5489,11.031156942787101,1
2025-12-27,RepublicTV,35,223,5207,10.130382367300726,1
2025-12-27,TV9,35,220,5181,10.794058729724417,1
2025-12-27,Asianet,16,254,5028,10.083852715528995,1
2025-12-27,Colors,22,258,5585,11.249906438381055,1
2025-12-27,SonyTV,18,245,4956,10.31579646951696,1
2025-12-27,StarPlus,17,246,5388,11.12747953961196,1
2025-12-27,ZeeCinema,32,270,5479,9.92524802954241,1
2025-12-27,StarMovies,28,238,5293,10.95392868966283,1
2025-12-27,HBO,12,259,5036,9.975667327309166,1
2025-12-27,Discovery,-14,244,5294,10.446121780176286,1
2025-12-27,NationalGeographic,26,227,5663,9.77336603113073,1
2025-12-27,AnimalPlanet,-2,223,5292,10.42521564778524,1
2025-12-27,HistoryTV18,37,244,5157,10.93647091356708,1
2025-12-27,CartoonNetwork,32,257,5322,9.954381392957863,1
2025-12-27,Pogo,-1,245,5637,11.01909063094107,1
2025-12-27,Nickelodeon,19,239,5313,10.817122501812488,1
2025-12-27,SonyMax,43,253,5092,10.476939421782117,1
2025-12-27,ZeeTelugu,44,243,5684,11.014212163030365,1
2025-12-27,ETV,9,242,5113,10.0914875834372,1
2025-12-27,GeminiTV,3,244,5193,11.092067949300233,1
2025-12-27,MaaTV,50,226,5293,9.975787474887298,1
2025-12-27,UdayaTV,20,254,5565,10.934224149300224,1
2025-12-27,SuryaTV,26,222,5405,10.577782510918487,1
2025-12-27,KTV,43,249,5261,10.367021048668741,1
2025-12-27,JayaTV,48,247,5215,10.670780599556194,1
2025-12-27,RajTV,10,234,5544,10.674100977385203,1
2025-12-27,KalaignarTV,41,265,5322,10.347674802844294,1
2025-12-27,DDNews,30,243,5336,11.2840277194465,1
2025-12-27,DDNational,5,236,5115,9.996667854830987,1
2025-12-27,DDSports,24,260,5129,9.981329732665067,1
2025-12-27,TenSports,6,265,5314,10.147000007848082,1
2025-12-27,StarSports,20,231,5367,10.41665756992942,1
2025-12-27,SonySports,35,258,5583,10.734075695295989,1
2025-12-27,Eurosport,24,235,5591,11.18596272001119,1
2025-12-27,CNBC,25,238,5262,10.912008467956495,1
2025-12-27,BloombergTV,33,242,5396,11.186665084744611,1
2025-12-27,BBCWorld,-18,246,5506,10.973737418143088,1
2025-12-27,AlJazeera,-3,243,5377,9.864398382982223,1
2025-12-27,France24,5,258,5129,10.270748517459747,1
2025-12-27,VH1,-1,239,5141,10.735786527245,1
2025-12-27,MTV,13,237,5403,9.781000989537691,1
2025-12-28,News24,510,9,970,4.776751715780616,0
2025-12-28,StarTV,481,5,764,4.242810276672802,0
2025-12-28,ZeeTV,499,1,866,4.093046378318989,0
2025-12-28,SunTV,458,1,986,3.8843988716436324,0
2025-12-28,ABPNews,455,1,723,3.8893707458608238,0
2025-12-28,NDTV,503,11,868,3.904364933845327,0
2025-12-28,IndiaTV,472,1,904,4.038832209024605,0
2025-12-28,CNNNews18,440,1,869,3.9358045716404684,0
2025-12-28,TimesNow,471,1,716,4.661326419468186,0
2025-12-28,RepublicTV,479,1,830,3.9463009818352095,0
2025-12-28,TV9,462,10,683,3.609020385041198,0
2025-12-28,Asianet,489,1,867,3.823933944910851,0
2025-12-28,Colors,442,1,734,4.519259971551,0
2025-12-28,SonyTV,473,1,923,3.5075777269508097,0
2025-12-28,StarPlus,447,1,881,3.5800256256705576,0
2025-12-28,ZeeCinema,486,1,909,4.205446077678302,0
2025-12-28,StarMovies,472,1,586,4.727963670243067,0
2025-12-28,HBO,462,1,554,4.373218015710185,0
2025-12-28,Discovery,457,11,826,3.9868610717214232,0
2025-12-28,NationalGeographic,464,6,967,4.246457583599208,0
2025-12-28,AnimalPlanet,493,1,908,4.561222019384202,0
2025-12-28,HistoryTV18,450,1,971,4.093700362443485,0
2025-12-28,CartoonNetwork,455,5,757,4.058093222303949,0
2025-12-28,Pogo,463,1,964,4.225018912830912,0
2025-12-28,Nickelodeon,452,1,543,4.686634823675623,0
2025-12-28,SonyMax,477,1,693,3.77317433705205,0
2025-12-28,ZeeTelugu,483,13,582,3.340492256628767,0
2025-12-28,ETV,468,1,712,4.454874933922007,0
2025-12-28,GeminiTV,455,1,865,4.043695931723875,0
2025-12-28,MaaTV,477,1,768,3.892547146201478,0
2025-12-28,UdayaTV,501,6,606,4.536430895246163,0
2025-12-28,SuryaTV,474,1,895,4.830069899401961,0
2025-12-28,KTV,481,6,932,3.5943395692253595,0
2025-12-28,JayaTV,510,5,902,4.015364888692792,0
2025-12-28,RajTV,481,19,803,4.678588007692145,0
2025-12-28,KalaignarTV,473,14,791,4.165439595230081,0
2025-12-28,DDNews,467,1,669,4.334280642623847,0
2025-12-28,DDNational,455,1,568,4.281986840241048,0
2025-12-28,DDSports,467,8,630,4.933486374920131,0
2025-12-28,TenSports,478,17,777,3.560089186056948,0
2025-12-28,StarSports,453,1,603,3.393666907475181,0
2025-12-28,SonySports,495,1,656,3.8981999828733773,0
2025-12-28,Eurosport,477,15,1003,3.4694779249570034,0
2025-12-28,CNBC,453,11,857,4.183689154347918,0
2025-12-28,BloombergTV,477,1,783,3.6583480649918165,0
2025-12-28,BBCWorld,485,4,720,4.247021043105336,0
2025-12-28,AlJazeera,451,1,702,4.041484995370685,0
2025-12-28,France24,462,1,861,4.203988742413653,0
2025-12-28,VH1,492,5,870,4.758627975575795,0
2025-12-28,MTV,450,14,872,4.09687836803023,0
2025-12-29,News24,2,221,5229,11.133565402309191,1
2025-12-29,StarTV,25,260,5261,10.695770111422219,1
2025-12-29,ZeeTV,33,249,4905,10.786990362605845,1
2025-12-29,SunTV,17,251,5165,9.857432733726943,1
2025-12-29,ABPNews,8,254,4992,10.013382493789658,1
2025-12-29,NDTV,45,217,5386,9.237762913481989,1
2025-12-29,IndiaTV,16,222,5364,10.150784576543153,1
2025-12-29,CNNNews18,9,228,5017,9.760514678579579,1
2025-12-29,TimesNow,2,260,5390,10.494715754293683,1
2025-12-29,RepublicTV,34,227,5345,10.590587450932599,1
2025-12-29,TV9,18,220,5447,9.582493790852944,1
2025-12-29,Asianet,32,215,4917,10.41612893423041,1
2025-12-29,Colors,-7,257,5280,10.866303235093444,1
2025-12-29,SonyTV,33,237,5110,10.431324635613347,1
2025-12-29,StarPlus,21,228,5178,10.151140231459534,1
2025-12-29,ZeeCinema,-14,254,5215,10.911948788615495,1
2025-12-29,StarMovies,44,238,5176,10.222588803122582,1
2025-12-29,HBO,-6,230,5250,10.293136958456543,1
2025-12-29,Discovery,22,230,5109,11.161578689149813,1
2025-12-29,NationalGeographic,48,244,5138,10.50781146808626,1
2025-12-29,AnimalPlanet,26,250,4845,9.964563712251794,1
2025-12-29,HistoryTV18,15,230,4978,9.834756033854232,1
2025-12-29,CartoonNetwork,32,230,5103,10.686602466675309,1
2025-12-29,Pogo,39,224,4862,10.454322490572135,1
2025-12-29,Nickelodeon,29,214,5462,11.186571607746712,1
2025-12-29,SonyMax,7,230,5319,10.868700556072694,1
2025-12-29,ZeeTelugu,46,219,5290,10.597130458692886,1
2025-12-29,ETV,12,225,5153,10.300372401733437,1
2025-12-29,GeminiTV,37,241,5310,9.79486764773198,1
2025-12-29,MaaTV,13,246,5278,11.014392667712547,1
2025-12-29,UdayaTV,-12,244,5133,9.799806691370474,1
2025-12-29,SuryaTV,33,240,5285,10.046987224257535,1
2025-12-29,KTV,17,228,5304,10.202334946812568,1
2025-12-29,JayaTV,38,220,5299,9.723960995052762,1
2025-12-29,RajTV,61,252,5205,10.261747613875654,1
2025-12-29,KalaignarTV,61,226,5234,10.220360844724194,1
2025-12-29,DDNews,33,225,5182,10.806152715268633,1
2025-12-29,DDNational,18,235,5176,10.67877816191511,1
2025-12-29,DDSports,11,218,4991,10.794933868938964,1
2025-12-29,TenSports,47,254,5210,9.581421192194382,1
2025-12-29,StarSports,36,246,5344,9.62770388348579,1
2025-12-29,SonySports,-11,239,4857,10.190633871977022,1
2025-12-29,Eurosport,38,248,5237,9.426547753348482,1
2025-12-29,CNBC,12,256,5141,9.953442399358163,1
2025-12-29,BloombergTV,20,247,5157,10.003235709078284,1
2025-12-29,BBCWorld,-3,246,5155,9.747299253129308,1
2025-12-29,AlJazeera,15,236,4799,10.929410863802955,1
2025-12-29,France24,32,243,5218,10.339316925439281,1
2025-12-29,VH1,17,220,5390,11.130345405798906,1
2025-12-29,MTV,45,244,5269,9.556627902263664,1
2025-12-30,News24,477,10,832,3.9079512328436987,0
2025-12-30,StarTV,509,3,945,4.742222039721762,0
2025-12-30,ZeeTV,490,1,850,4.196039253829171,0
2025-12-30,SunTV,513,13,1054,5.065643605468153,0
2025-12-30,ABPNews,512,1,658,4.439265736412982,0
2025-12-30,NDTV,492,1,905,4.795294659466448,0
2025-12-30,IndiaTV,478,12,714,4.216847984238711,0
2025-12-30,CNNNews18,475,4,810,4.314224365121264,0
2025-12-30,TimesNow,521,1,638,4.732118441779962,0
2025-12-30,RepublicTV,530,1,766,4.005278734783744,0
2025-12-30,TV9,499,1,714,3.648016614401723,0
2025-12-30,Asianet,480,10,708,4.822924515428788,0
2025-12-30,Colors,524,10,767,4.56656295221183,0
2025-12-30,SonyTV,487,1,915,4.253698507971952,0
2025-12-30,StarPlus,487,1,1009,3.6761671951495556,0
2025-12-30,ZeeCinema,477,8,852,4.306364601305738,0
2025-12-30,StarMovies,514,1,902,4.955681069713555,0
2025-12-30,HBO,495,2,761,5.110422287233978,0
2025-12-30,Discovery,484,1,849,4.321222288683898,0
2025-12-30,NationalGeographic,513,1,787,4.399975210277601,0
2025-12-30,AnimalPlanet,506,6,878,4.608586870387688,0
2025-12-30,HistoryTV18,513,6,753,4.731540649423098,0
2025-12-30,CartoonNetwork,492,4,651,3.755455010892382,0
2025-12-30,Pogo,480,10,620,4.8523448166120975,0
2025-12-30,Nickelodeon,498,19,931,3.7199650191710227,0
2025-12-30,SonyMax,513,1,1095,3.70573695410094,0
2025-12-30,ZeeTelugu,514,9,965,5.154985805106548,0
2025-12-30,ETV,519,1,1050,3.8808976181308648,0
2025-12-30,GeminiTV,460,8,1021,4.874618005694504,0
2025-12-30,MaaTV,502,1,701,4.752573494828326,0
2025-12-30,UdayaTV,517,9,650,3.703931869435079,0
2025-12-30,SuryaTV,488,1,847,4.831371128956797,0
2025-12-30,KTV,489,11,802,3.833055249757659,0
2025-12-30,JayaTV,527,9,933,4.335350979909318,0
2025-12-30,RajTV,508,1,831,4.413015021929492,0
2025-12-30,KalaignarTV,485,5,798,4.855884622199576,0
2025-12-30,DDNews,492,1,636,4.818811801352897,0
2025-12-30,DDNational,473,6,687,3.8837082834868593,0
2025-12-30,DDSports,496,1,933,3.867787837355395,0
2025-12-30,TenSports,504,1,807,4.065904620858052,0
2025-12-30,StarSports,483,4,859,4.53244475451732,0
2025-12-30,SonySports,474,20,664,5.053663621292547,0
2025-12-30,Eurosport,510,1,782,4.41242386284501,0
2025-12-30,CNBC,512,16,766,3.636108095396772,0
2025-12-30,BloombergTV,477,6,988,4.22506691060284,0
2025-12-30,BBCWorld,510,1,644,4.0000984155048585,0
2025-12-30,AlJazeera,510,1,790,3.9114915647144524,0
2025-12-30,France24,531,1,863,4.503592674705749,0
2025-12-30,VH1,473,1,1039,4.956135182593057,0
2025-12-30,MTV,484,1,767,4.580118092806587,0
2025-12-31,News24,42,247,5460,10.556784901492511,1
2025-12-31,StarTV,1,250,5200,11.010698580093292,1
2025-12-31,ZeeTV,27,241,5302,11.116541901165284,1
2025-12-31,SunTV,8,253,5104,10.00238868594716,1
2025-12-31,ABPNews,-9,241,5252,10.98931912499567,1
2025-12-31,NDTV,15,254,4951,10.71159609048797,1
2025-12-31,IndiaTV,28,248,5335,11.135745808100914,1
2025-12-31,CNNNews18,-8,251,5329,10.003520139970899,1
2025-12-31,TimesNow,29,225,5323,10.620312210739904,1
2025-12-31,RepublicTV,41,225,5144,10.934396976001127,1
2025-12-31,TV9,26,247,5267,10.494412693293066,1
2025-12-31,Asianet,21,225,5113,10.253591048023587,1
2025-12-31,Colors,-10,230,5083,11.076788263363998,1
2025-12-31,SonyTV,18,226,5268,9.945722813636488,1
2025-12-31,StarPlus,14,248,5219,10.902304663396452,1
2025-12-31,ZeeCinema,6,237,5321,10.31918596007389,1
2025-12-31,StarMovies,-20,255,5355,10.637204921624747,1
2025-12-31,HBO,52,248,5383,10.199208984058789,1
2025-12-31,Discovery,20,247,5345,10.77457817031481,1
2025-12-31,NationalGeographic,27,235,5334,11.459778226424497,1
2025-12-31,AnimalPlanet,-8,246,5456,10.680827490768486,1
2025-12-31,HistoryTV18,7,228,5382,10.82782699398332,1
2025-12-31,CartoonNetwork,20,251,5145,10.418234836156492,1
2025-12-31,Pogo,17,225,5393,9.610387027619025,1
2025-12-31,Nickelodeon,51,236,5439,10.292316921595038,1
2025-12-31,SonyMax,32,238,5310,10.659559590455064,1
2025-12-31,ZeeTelugu,44,252,5221,11.126753079996808,1
2025-12-31,ETV,50,230,5061,10.931958307325674,1
2025-12-31,GeminiTV,19,225,5344,9.764526699592611,1
2025-12-31,MaaTV,30,238,5199,11.039843998007266,1
2025-12-31,UdayaTV,24,244,5331,9.79408235599735,1
2025-12-31,SuryaTV,32,241,5335,10.12349236169262,1
2025-12-31,KTV,29,229,5251,10.653773851313876,1
2025-12-31,JayaTV,0,247,5573,10.307976175765099,1
2025-12-31,RajTV,16,251,5117,11.189835832233074,1
2025-12-31,KalaignarTV,22,237,5562,10.680766980844732,1
2025-12-31,DDNews,42,241,5093,9.833958221719492,1
2025-12-31,DDNational,21,262,5421,10.030885125744948,1
2025-12-31,DDSports,40,257,5040,10.718754246332136,1
2025-12-31,TenSports,19,243,5360,10.026455606270705,1
2025-12-31,StarSports,32,223,5086,9.992191603813106,1
2025-12-31,SonySports,39,238,5447,9.704812777886165,1
2025-12-31,Eurosport,-16,227,5225,11.351965803489668,1
2025-12-31,CNBC,33,230,5296,10.245088990320594,1
2025-12-31,BloombergTV,14,237,5478,10.476792933594101,1
2025-12-31,BBCWorld,-6,259,5029,10.415748340744363,1
2025-12-31,AlJazeera,14,216,5151,9.781436188284323,1
2025-12-31,France24,2,224,4935,10.642253714019045,1
2025-12-31,VH1,23,246,5417,10.86140766682492,1
2025-12-31,MTV,-4,218,5341,10.740893957531334,1
